symbol,name,rank,local_ticker,sedol,index_weight,also_listed_as,country,sector,industry,exchange,currency,price,market_cap,market_cap_usd,shares_outstanding,trailing_pe,forward_pe,price_to_book,price_to_sales,ev_to_ebitda,dividend_yield,profit_margin,return_on_equity,debt_to_equity,beta,return_1y,return_3y,return_5y,return_10y,return_20y,revenue_cagr_3y,revenue_cagr_5y,revenue_cagr_10y,revenue_cagr_20y,net_income_cagr_3y,net_income_cagr_5y,net_income_cagr_10y,revenue_growth_ttm,earnings_growth_ttm,max_drawdown,volatility_5y,pct_from_52w_high,trailing_pe_derived,history_start,fundamentals_source,fundamentals_years,stale
NVDA,NVIDIA Corporation,1,NVDA,2379504,4.530614,[],United States,Technology,Semiconductors,NasdaqGS,USD,230.48,5565400481792.0,5565400481792.0,24147000000.0,29.1378,14.482299,24.304544,18.202105,27.229,0.0043,0.63663,1.17211,0.16971,2.217,0.18445836023250783,0.8051033068292148,0.5654499566006177,0.6357398931923697,0.35725935383049157,1.0004509499443963,0.6689858183148778,0.45696505314008307,,2.0179613706779187,0.9433321800411776,0.6948276040150088,1.059,1.278,-0.8720483568046582,0.4825178959841612,-0.052964621769322484,False,1999-01-01,sec,19,False
AAPL,Apple Inc.,2,AAPL,2046251,3.906424,[],United States,Technology,Consumer Electronics,NasdaqGS,USD,340.42,4968150990848.0,4968150990848.0,14594180000.0,39.03899,35.505985,46.25272,10.411128,29.067,0.0032,0.27618998,1.4875101,0.78445,1.085,0.24036880674643002,0.2562219102435481,0.1798921429742475,0.29110277176779253,0.27925159811326816,0.01812535743479393,0.08677354924090741,0.059393927430567706,,0.039212592033254,0.14301607214786305,0.07690262111251744,0.164,0.287,-0.7967262037402716,0.24240025995606046,-0.014246829211791212,False,1985-01-01,sec,19,False
GOOGL,Alphabet Inc.,3,GOOGL,BYVY8G0,3.0978009999999996,['GOOG'],United States,Communication Services,Internet Content & Information,NasdaqGS,USD,348.29,4259564224512.0,4259564224512.0,5867155790.0,17.475664,23.10912,6.8431706,9.4379835,23.703,0.0025,0.54771,0.48676,0.18859,1.225,0.23386219704591493,0.41187081449642027,0.18732250996712163,0.24048518632385307,0.1839751749404268,0.12511745609215974,0.1715483907713573,0.1830771631182213,,0.3013520060775734,0.2683304205757977,0.23644890093623427,0.242,2.94,-0.5856294409503919,0.3019620801057937,-0.14762242725337116,False,2004-08-01,sec,13,False
MSFT,Microsoft Corporation,4,MSFT,2588173,3.041578,[],United States,Technology,Software - Infrastructure,NasdaqGS,USD,522.61,3880664432640.0,3880664432640.0,7425545491.0,29.114761,22.072176,8.773776,11.477139,19.875,0.0075,0.40305,0.34039003,0.29118,1.108,0.027407354536967965,0.16886819657822016,0.10641377195061863,0.257915316452515,0.17745622019016372,0.1612397915820203,0.1457190738095313,0.13792901043139016,,0.22723762407374193,0.1689800918323765,0.20606613984721323,0.177,0.317,-0.6670165238977869,0.25834483101590905,-0.05618363071588528,False,1986-03-01,sec,19,False
AMZN,"Amazon.com, Inc.",5,AMZN,2000019,2.003524,[],United States,Consumer Cyclical,Internet Retail,NasdaqGS,USD,254.06,2740370800640.0,2740370800640.0,10786313572.0,20.439259,24.273798,4.9663773,3.4645855,16.672,0.0,0.1744,0.30558002,0.45616999999999996,1.443,0.049457356232513794,0.24405748694318685,0.08734840336102367,0.20568670938222677,0.2777548404395318,0.11731283601806397,0.13178194800406007,0.384330531962094,,0.6443795710004294,0.323097163786878,0.49840952507108405,0.196,2.423,-0.9306569946447472,0.33375512627506,-0.11538997214484681,False,1997-05-01,sec,19,False
SPCX,Space Exploration Technologies Corp.,6,SPCX,BXCVG25,0.062702,[],United States,Industrials,Aerospace & Defense,NasdaqGS,USD,160.57,2116598497280.0,2116598497280.0,7696293669.0,,82.26513,16.62904,84.69998,651.747,0.0,-0.35661998,,0.31211,,,,,,,,,,,,,,0.919,,-0.36573801732728994,,-0.28837971990781774,False,2026-06-01,yahoo,3,False
2330.TW,Taiwan Semiconductor Manufacturing Company Limited,7,2330,6889106,1.5188650000000001,['TSM'],Taiwan,Technology,Semiconductors,Taiwan,TWD,2550.0,66127543664640.0,2071405235128.5938,25932370067.0,29.83154,17.648127,10.280186,15.037939,19.708,0.011000000000000001,0.49923,0.39969003,0.16504000000000002,1.239,0.7451321040955274,0.7235729564258886,0.3679910269857962,0.33173122116453113,0.24667147486396068,0.22166296051413248,0.22020659978342128,,,0.18206748720236043,0.2442673952283727,,0.36,0.774,-0.6048015871157496,0.29015689575333453,-0.015444015444015413,False,2000-01-01,sec,10,False
META,"Meta Platforms, Inc.",8,META,B7TL820,1.063244,[],United States,Communication Services,Internet Content & Information,NasdaqGS,USD,720.89,1836471812096.0,1836471812096.0,2205128509.0,27.162395,20.867945,7.0317016,8.093865,17.049,0.0029,0.29834998,0.29848,0.42997,1.243,0.1354604634195724,0.3495509267781156,0.1801542237889895,0.18918047668434745,,0.19893831442939258,0.18511415178759827,0.27338307879318413,,0.37611669519530744,0.1571108426493515,0.32271502369405525,0.28,-0.134,-0.7544414349416271,0.43654789544874645,-0.07556872098689449,False,2012-05-01,sec,16,False
AVGO,Broadcom Inc.,9,AVGO,BDZ78H9,1.405337,[],United States,Technology,Semiconductors,NasdaqGS,USD,360.14,1719175217152.0,1719175217152.0,4773629865.0,45.994892,18.569834,17.246433,18.814545,32.757,0.0072,0.42944,0.44245,0.59604,1.457,0.014449795575113278,0.6592501059414992,0.502207785761138,0.3978919717155003,,0.24378426000041764,0.21743712435641926,,,0.262400569832006,0.5085571307783758,,0.855,2.153,-0.316965941740881,0.3890506628854631,-0.2724444444444445,False,2009-08-01,sec,10,False
2222.SR,Saudi Arabian Oil Company,10,2222.SR,,,[],Saudi Arabia,Energy,Oil & Gas Integrated,Saudi,SAR,25.74,6226696470528.0,1658108915012.8125,241907400000.0,15.230768,15.413174,3.985754,3.414727,7.383,0.0527,0.22395,0.23747998,0.19783,0.016,0.04972621157144563,-0.027539163261101507,0.009106993938787777,,,-0.09655990750271326,,,,-0.16471698669834978,,,0.282,0.429,-0.25980583522862766,0.1515173040929557,-0.07939914163090134,False,2019-12-01,yahoo,4,False
TSLA,"Tesla, Inc.",11,TSLA,B616C79,0.844567,[],United States,Consumer Cyclical,Auto Manufacturers,NasdaqGS,USD,375.0,1481080307712.0,1481080307712.0,3949547394.0,347.2222,174.84636,17.049328,13.523957,127.806,0.0,0.03671,0.046669997,0.18373,1.845,-0.16630321240301682,0.23751033258147314,0.004984853691988311,0.39983829733192366,,0.051943257367141005,0.24630713363610557,0.3708512895765279,,-0.32943989733298273,0.40620826819598377,,0.255,-0.03,-0.6771899806395352,0.5772946496467909,-0.24824088366778263,False,2010-06-01,sec,17,False
005930.KS,"Samsung Electronics Co., Ltd.",12,SMSN,4942818,0.858557,['005935.KS'],South Korea,Technology,Consumer Electronics,KSE,KRW,262000.0,1720439613161472.0,1282991058936.5625,5764191903.0,38.87036721849099,,,3.7347536,7.088,0.005699999999999999,0.30842,0.30794,0.03868,1.544,1.5193773708073874,0.6160377774278225,0.33451202205917463,0.26509400728497856,0.1881145536734079,0.0334704949871083,,,,-0.06832366066754159,,,1.3,11.917,-0.6192411001003946,0.423446102383127,-0.3004005340453939,True,2000-01-01,yahoo,4,False
MU,"Micron Technology, Inc.",13,MU,2588184,0.878972,[],United States,Technology,Semiconductors,NasdaqGS,USD,1035.84,1169870553088.0,1169870553088.0,1129393151.0,13.935692,5.020248,11.610603,13.325298,17.345,0.0006,0.55906,0.66638,0.0633,2.222,3.553789784390566,1.4848496042183834,0.7205294552090773,0.5079817488091543,0.23856356510100496,0.06713489726936261,0.11763119291842661,0.08725535776233184,,-0.005711543545194875,0.2601663235363667,0.11407872247015138,3.457,13.685,-0.9700212840573126,0.595844365481472,-0.17462948207171325,False,1985-01-01,sec,17,False
BRK-B,Berkshire Hathaway Inc.,14,BRK.B,2073390,0.570112,[],United States,Financial Services,Insurance - Diversified,NYSE,USD,511.05,1094009683968.0,1094009683968.0,1408035161.0,12.853371,23.592113,0.0009785994,2.7709966,-1.79,0.0,0.22296,0.121199995,0.17142,0.603,0.05888471759848968,0.13992432358883522,0.11994220895743002,0.13361338550955248,0.10368287647215202,0.05969351607463791,0.08198400179125276,0.016005512516825027,,,0.09231557343433883,0.10665383222551172,0.1,1.078,-0.45861488472945133,0.1857923494042118,-0.04963365195075686,False,1996-05-01,sec,19,False
LLY,Eli Lilly and Company,15,LLY,2516152,0.788947,[],United States,Healthcare,Drug Manufacturers - General,NYSE,USD,1169.6,1042980667392.0,1042980667392.0,891741406.0,39.261494,24.551062,30.777328,12.946192,25.831,0.0059,0.33528998,1.02286,1.6207099999999999,0.502,0.37068133962930183,0.29366810200554383,0.37007815986907433,0.3396479360860327,0.1976163654279821,0.31687374880620434,0.21575855656690868,0.1256348856400713,,0.4895796127525276,0.27218978882712386,0.23964721040683834,0.477,0.262,-0.6452846465368944,0.3044538334751479,-0.09519204734460229,False,1985-01-01,sec,19,False
AMD,"Advanced Micro Devices, Inc.",16,AMD,2007849,0.639866,[],United States,Technology,Semiconductors,NasdaqGS,USD,620.68,1013244559360.0,1013244559360.0,1632475042.0,158.33673,39.478714,15.068339,24.178257,103.519,0.0,0.15577,0.10196,0.06361,2.476,1.513591407874201,0.8690202797332387,0.3986537402278836,0.5666041647171107,0.1858638606909222,0.13643599335368428,0.2882389065515516,0.24121884812875116,,0.4864092188805236,0.11726951977906075,,0.501,1.595,-0.9606857136317661,0.623198771752476,-0.057462187936585085,False,1985-01-01,sec,18,False
000660.KS,SK hynix Inc.,17,A000660,6450267,0.622872,[],South Korea,Technology,Semiconductors,KSE,KRW,1681000.0,1195317986852864.0,891389780836.4062,711075500.0,27.85036915577987,,,6.8782573,8.331,0.0009,0.85619,0.92679,0.08037000000000001,2.389,2.093766538750935,1.471421415441355,0.7756752382765277,0.4718342732993528,0.23613581538533435,0.29606775079449665,,,,1.6800595548778565,,,2.568,12.724,-0.7998266783350643,0.601243248787824,-0.43722798794777373,True,2002-12-01,yahoo,4,False
JPM,JPMorgan Chase & Co.,18,JPM,2190385,0.928638,[],United States,Financial Services,Banks - Diversified,NYSE,USD,331.42,880976134144.0,880976134144.0,2658186195.0,14.199657,13.192174,2.4917486,4.7196755,,0.0199,0.34921002,0.17789,,0.975,0.06625303542561367,0.35604551838393195,0.16747930592860283,0.19818642110922657,0.1294292467980671,0.12337567967520657,0.08749325184956946,0.06908575603604694,,0.1576300428856814,0.15228417675526762,0.09411246182227795,0.304,0.469,-0.7325263354266267,0.23793240298176885,-0.09571623465211454,False,1985-01-01,sec,19,False
WMT,Walmart Inc.,19,WMT,2936921,0.366971,[],United States,Consumer Defensive,Discount Stores,NasdaqGS,USD,110.56,879845179392.0,879845179392.0,7958079155.0,40.057972,34.297695,8.938475,1.1204541,20.298,0.009000000000000001,0.03,0.22313999,0.7165300000000001,0.595,0.07275553519986278,0.2680256712360247,0.18133057219741255,0.18480499538410955,0.12076855833721978,0.05250406806733099,0.049341097880894136,0.03893757292582278,,0.25405461048384614,0.10195002200656478,0.03975708303825365,0.059,-0.091,-0.7229402927541053,0.20435310970570783,-0.18200651080201236,False,1972-08-01,sec,19,False
V,Visa Inc.,20,V,B2PZN04,0.624804,[],United States,Financial Services,Credit Services,NYSE,USD,375.1,704195985408.0,704195985408.0,1704112694.0,31.923405,25.001984,19.878113,15.163416,21.58,0.0070999999999999995,0.50782,0.6119,0.67821,0.761,0.10202518885140632,0.17465424296560328,0.12810637045892603,0.17094509679696301,,0.10921242130254294,0.12859367600424232,0.11164738964897603,,0.10276010086135856,0.1304297675759123,0.12228230548631647,0.144,0.102,-0.42661033491244693,0.1919525218052018,-0.027154602277148054,False,2008-03-01,sec,19,False
ASML.AS,ASML Holding N.V.,21,ASML,B929F46,0.596355,[],Netherlands,Technology,Semiconductor Equipment & Materials,Amsterdam,EUR,1628.0,625314824192.0,700397481165.0078,384100000.0,61.64332,31.469963,28.650875,17.385208,45.056,0.0048,0.30114,0.53942,0.09092,1.363,0.7466657951456213,0.42491826154840906,0.19016559714349834,0.3363084679281716,0.24495326618652347,0.15551134263329014,0.18503324439054114,0.1791368581617705,,0.19548786436855625,0.220121561513277,0.21354453592503386,0.213,0.285,-0.8678365491716746,0.38056033547404255,-0.06490522688110278,False,1998-07-01,sec,19,False
XOM,ExxonMobil Holdings Corporation,22,XOM,BVSRPD7,0.653107,[],United States,Energy,Oil & Gas Integrated,NYSE,USD,168.5,692857143296.0,692857143296.0,4111911960.0,21.685972,14.791614,2.671211,1.8534694,10.417,0.0245,0.09072,0.12584,0.15921,0.175,0.4997110129731481,0.20208719867944147,0.2523236651923846,0.11909903290974944,0.07961463232865951,-0.06688991546295975,,,,-0.19715906600932198,,,0.441,1.128,-0.5839594235225338,0.2572931831773229,-0.04483872796326738,False,1985-01-01,yahoo,4,False
JNJ,Johnson & Johnson,23,JNJ,2475833,0.493656,[],United States,Healthcare,Drug Manufacturers - General,NYSE,USD,256.48,618090790912.0,618090790912.0,2409898597.0,29.719584,21.19377,7.269017,6.5148883,19.106,0.0209,0.21482,0.25742,0.57709,0.235,0.37967417293992445,0.23203559792639505,0.12459167367646318,0.11170591426464438,0.10010698390825201,0.05599284954178807,0.02665503872479502,0.030021220268546367,,0.14318799294699724,0.12744086341536232,0.056920971797001174,0.066,-0.009,-0.3437250444770854,0.17543119735094342,-0.0874871028569395,False,1985-01-01,sec,19,False
INTC,Intel Corporation,24,INTC,2463247,0.355828,[],United States,Technology,Semiconductors,NasdaqGS,USD,107.08,566036135936.0,566036135936.0,5286105262.0,,51.414772,6.1685586,11.143716,38.174,0.0,-0.19794,-0.10715,0.48997,2.231,1.8151968771501221,0.4632437921730226,0.2004510551009071,0.1481965009847599,0.11525835980928179,-0.05712887978236014,-0.07457071162960704,-0.004614571414764956,,-0.8519799699214952,-0.73759653327088,-0.4558348504783284,0.254,,-0.8134670528829567,0.619475890811939,-0.24776958201615729,False,1985-01-01,sec,19,False
688825.SS,CXMT Corporation,25,688825.SS,,,[],China,Technology,Semiconductors,Shanghai,CNY,51.0,3462088884224.0,518121644030.58594,67884099077.0,37.5,10.551208,22.788204,17.437733,20.823,0.0,0.41597998,,0.52111,,,,,,,0.9537548818285386,,,,,,,9.774,,-0.0555076279809269,,-0.17475728155339798,False,2026-07-01,yahoo,4,False
MA,Mastercard Incorporated,26,MA,B121557,0.360778,[],United States,Financial Services,Credit Services,NYSE,USD,574.76,503495458816.0,503495458816.0,869464115.0,31.614962,24.952084,89.86242,13.770006,22.347,0.0060999999999999995,0.46339,2.41202,4.39583,0.735,0.03979548881301875,0.1554254011526539,0.11858985557731483,0.1890811418261149,0.2488280643409988,0.1382198495222513,0.16468094243124232,0.12991635335100105,,0.14658126716973485,0.1848069676182531,0.14669173821926051,0.141,0.221,-0.5590095746398591,0.2056593397583011,-0.0440264125209987,False,2006-05-01,sec,19,False
0700.HK,Tencent Holdings Limited,27,700,BMMV2K8,0.371696,[],China,Communication Services,Internet Content & Information,HKSE,HKD,424.8,3825645125632.0,487479980079.5547,9005756367.0,14.952481,11.789431,2.8761709,4.9234986,13.397,0.0129,0.29868,0.19906001,0.38595,0.74,-0.32370989205877665,0.14390669723630745,-0.0023803256861752997,0.08882077002249056,0.27707618351919283,0.10674304478103402,,,,0.0610101407396777,,,0.11,0.018,-0.6867112416904626,0.35791066443936687,-0.3650224215246637,False,2004-06-01,yahoo,4,False
ABBV,AbbVie Inc.,28,ABBV,B92SR70,0.404057,[],United States,Healthcare,Drug Manufacturers - General,NYSE,USD,272.42,481398128640.0,481398128640.0,1767117285.0,76.9548,16.734188,-81.101524,7.1795144,17.119,0.0254,0.098000005,,,0.281,0.26386505338611754,0.2792234997755747,0.22749312719832804,0.2184067595077832,,0.017525049181538188,0.05952891709050534,0.10342044063251343,,-0.2917388799771923,-0.016797211229782394,-0.019901116984418432,0.102,2.904,-0.390315326395655,0.21762218396735536,-0.009165636138793842,False,2013-01-01,sec,15,False
PLTR,Palantir Technologies Inc.,29,PLTR,BN78DQ4,0.340557,[],United States,Technology,Software - Infrastructure,NasdaqGS,USD,198.78,477679943680.0,477679943680.0,2300713329.0,171.36208,84.53184,48.864307,73.01761,165.402,0.0,0.49005002,0.38097,0.02139,1.621,-0.03611445835881866,1.3542713450635082,0.49502417374364627,,,0.32917125287657845,0.3257731580149814,,,,,,0.928,2.154,-0.8175099482489369,0.6729141584124733,-0.04211642251349268,False,2020-09-01,sec,8,False
CSCO,"Cisco Systems, Inc.",30,CSCO,2198163,0.457442,[],United States,Technology,Communication Equipment,NasdaqGS,USD,114.89,452963794944.0,452963794944.0,3942586873.0,34.501503,20.44186,9.01593,6.700997,23.582,0.0146,0.20951,0.27319,0.62017,0.992,0.636218784951138,0.3442756183207074,0.19194018164705717,0.1776063538698076,0.10686051555003884,0.03571085300180399,0.04915047605967504,0.02546192989366558,,0.016993345326496545,0.04608542755930123,0.021364805383365493,0.176,0.521,-0.8644463042036635,0.24989824758771084,-0.1187389736902662,False,1990-02-01,sec,19,False
COST,Costco Wholesale Corporation,31,COST,2701271,0.424836,[],United States,Consumer Defensive,Discount Stores,NasdaqGS,USD,947.92,420051156992.0,420051156992.0,443129349.0,45.660885,37.915676,11.735894,1.3310819,27.216,0.0062,0.03043,0.28402,0.23953,0.855,0.03637470793709019,0.20989987893548645,0.15050838693820334,0.2237225488718848,0.1765976821727897,0.077562835315093,0.09122150514009864,0.09828311628173525,,0.13607825001239648,0.1300227105538594,0.146554118808375,0.111,0.15,-0.5944882458692213,0.2301465242292734,-0.13550387596899227,False,1986-07-01,sec,19,False
CVX,Chevron Corporation,32,CVX,2838555,0.437459,[],United States,Energy,Oil & Gas Integrated,NYSE,USD,211.55,414977196032.0,414977196032.0,1961603274.0,20.360924,14.446753,2.1854339,1.9131311,8.582,0.0337,0.09834,0.12231,0.18959,0.491,0.3846105539601774,0.17780782083384583,0.17525974338933148,0.11825715131580483,0.10025042392774908,-0.07852874895364959,0.14316140269739064,0.02907224003190012,,-0.2948519296286183,,0.10239380485250327,0.535,3.219,-0.40664158073943935,0.2808159513034281,-0.028606850950500418,False,1985-01-01,sec,19,False
ORCL,Oracle Corporation,33,ORCL,2661568,0.238091,[],United States,Technology,Software - Infrastructure,NYSE,USD,135.69,411344371712.0,411344371712.0,3031501149.0,21.268024,12.336587,6.637805,5.798945,16.049,0.0147,0.2636,0.41192,2.51716,1.732,-0.44834323615889937,0.12735133670934706,0.09788333860926168,0.15762482941740563,0.12081821757157307,0.10476732816565715,0.10721151086579872,0.06160503358438141,,0.2513352905195616,0.040501517804020004,0.06536344514177284,0.296,0.545,-0.8271340556567295,0.45870472865481465,-0.5793079928070937,False,1986-03-01,sec,19,False
AMAT,"Applied Materials, Inc.",34,AMAT,2046552,0.41455,[],United States,Technology,Semiconductor Equipment & Materials,NasdaqGS,USD,509.57,404393459712.0,404393459712.0,793597443.0,43.96635,27.581255,15.780558,13.160485,39.778,0.0042,0.30052,0.41068,0.28666,1.597,1.2377311403730773,0.5885890743170232,0.31652884847379137,0.3482270923021926,0.20370673230545244,0.032334704568867556,0.10522310397599743,0.11375497046638272,,0.023602035200739557,0.14097747573315655,0.1765326933122704,0.248,0.428,-0.8101585414938347,0.46490950666576997,-0.31108467289466923,False,1985-01-01,sec,19,False
LRCX,Lam Research Corporation,35,LRCX,BSML4N7,0.287956,[],United States,Technology,Semiconductor Equipment & Materials,NasdaqGS,USD,320.59,401194123264.0,401194123264.0,1251424362.0,55.65798,27.251438,32.165146,17.695127,47.402,0.0040999999999999995,0.31272,0.65066004,0.33049,1.859,1.0670482618913328,0.7802139712591074,0.4331537762136777,0.43953417376248693,0.24279652371055227,0.10055823901653271,0.09696783854733271,0.14717246283449947,,0.1721891634146271,0.13201131592166826,0.23035087162815593,0.3,0.348,-0.8534800159790801,0.4708345461008831,-0.26889395667046756,False,1984-05-01,sec,15,False
KO,The Coca-Cola Company,36,KO,2206657,0.306009,[],United States,Consumer Defensive,Beverages - Non-Alcoholic,NYSE,USD,87.77,377634717696.0,377634717696.0,4302549243.0,26.357357,24.901197,10.447565,7.3882074,23.557,0.0242,0.28558,0.42054,1.1551900000000002,0.342,0.2909798283566305,0.1868050675235884,0.12212680278419175,0.10789641466756783,0.1005795357302195,0.03689014114187783,0.07746156826284567,0.007943570111479836,,0.11133833297101736,0.11080390185754219,0.059562180828475864,0.067,0.169,-0.4974160570966565,0.15843940743454893,-0.051032544058817186,False,1985-01-01,sec,19,False
BAC,Bank of America Corporation,37,BAC,2295677,0.496093,[],United States,Financial Services,Banks - Diversified,NYSE,USD,53.61,374881255424.0,374881255424.0,6992748365.0,12.3810625,10.221943,1.3626659,3.3407526,,0.0239,0.29524,0.111990005,,1.164,0.013682130636791578,0.2934132878106763,0.046461667018267594,0.1492741146389691,0.02006860554713863,0.06003133969580876,0.05747121316249015,0.031467661967425675,,0.037526066275699765,0.1201846992017932,0.0725177410516733,0.168,0.341,-0.9166749159604848,0.27034898496571197,-0.1781388931473249,False,1985-01-01,sec,19,False
CAT,Caterpillar Inc.,38,CAT,2180201,0.412935,[],United States,Industrials,Farm & Heavy Construction Machinery,NYSE,USD,796.18,365983956992.0,365983956992.0,459674889.0,34.273785,24.560244,18.869955,4.987352,25.346,0.008199999999999999,0.14511,0.56972003,2.32783,1.594,0.4629071827945972,0.5674205785833968,0.34848077746612627,0.28645876566663775,0.16876080051481357,0.0438323160905727,0.10115402157081044,0.03697348824771152,,0.09833946623856793,0.24266877064617032,0.13464209425055973,0.24,0.682,-0.6941318364867337,0.36675374494695034,-0.258304920537328,False,1985-01-01,sec,19,False
DELL,Dell Technologies Inc.,39,DELL,BHKD3S6,0.081334,[],United States,Technology,Computer Hardware,NYSE,USD,574.55,365306183680.0,365306183680.0,315433188.0,33.404068,19.73237,-257.64572,2.2781217,20.769,0.0044,0.07525,,,1.409,2.5698501165495142,1.07427697462305,0.6244220835338563,0.4657690308556808,,0.035349838884853435,0.05549088853532669,0.3010597283277592,,0.3445679168903122,0.1111205349487181,,0.577,2.729,-0.4132920329683498,0.4748227176813519,-0.03519672213732772,False,2016-08-01,sec,12,False
MRK,"Merck & Co., Inc.",40,MRK,2778844,0.357527,[],United States,Healthcare,Drug Manufacturers - General,NYSE,USD,142.38,351275909120.0,351275909120.0,2467171638.0,113.00001,15.189161,8.382197,5.3854604,14.039,0.0239,0.047659997,0.06961,1.2840799999999999,0.226,0.7009004674897663,0.1485649014033441,0.13452989169610485,0.13151498116823745,0.09861189355081001,0.03122213027882159,0.09383063963833482,0.051093073290793045,,0.07929570045355194,0.20899523998841696,0.15136243916445213,0.051,,-0.65101416663487,0.23249380705463601,-0.09265867958195251,False,1985-01-01,sec,19,False
PG,The Procter & Gamble Company,41,PG,2704407,0.300586,[],United States,Consumer Defensive,Household & Personal Products,NYSE,USD,150.59,349771235328.0,349771235328.0,2322672312.0,22.747734,20.359573,6.5625134,3.880109,14.696,0.028900000000000002,0.18437,0.30290002,0.6448999999999999,0.377,0.010810568733407688,0.02144739488097369,0.03279648658769352,0.08361450446395913,0.07327117438251851,0.020025694093399382,0.02716052126592894,0.02914659935034547,,0.031101180116532845,0.023377077022498582,0.0438881999538796,0.015,-0.155,-0.4806095104747812,0.182770690523629,-0.09961136023916295,False,1985-01-01,sec,20,False
ROP.SW,Roche Holding AG,42,ROP,BTMJD19,0.265751,[],Switzerland,Healthcare,Drug Manufacturers - General,Swiss,CHF,358.0,285242195968.0,342991699325.1836,690074913.0,23.352903,16.339937,8.724897,4.444546,12.759,0.0278,0.19601999,0.38108003,0.90718,0.346,0.4226509240915044,0.19208368292735445,0.0356787391093456,0.08109144846005822,0.059099828853905745,-0.012607506839578675,,,,0.012169159653781403,,,-0.012,-0.077,-0.5537391470253386,0.18961529103382269,-0.04736562001064404,False,1995-04-01,yahoo,4,False
1398.HK,Industrial and Commercial Bank of China Limited,43,1398,B1G1QD8,0.046141,[],China,Financial Services,Banks - Diversified,HKSE,HKD,7.5,2673046978560.0,340611019859.0039,86794044550.0,6.6371684,5.9210515,0.5763665,3.8930988,,0.0463,0.5482,0.089099996,,0.135,0.3279238793022412,0.34404974465406735,0.20262715003273635,0.11697499194052319,0.09488876208408925,-0.014691365836743131,,,,0.006811562101320723,,,0.058,-0.001,-0.554284869516503,0.16977928729710404,-0.03474903474903468,False,2006-10-01,yahoo,4,False
UNH,UnitedHealth Group Incorporated,44,UNH,2917766,0.331034,[],United States,Healthcare,Healthcare Plans,NYSE,USD,370.95,332962824192.0,332962824192.0,897594847.0,23.855307,16.40632,3.4100626,0.73134315,14.199,0.025,0.03135,0.14152999,0.69211,0.622,0.13355434921141418,-0.09150061070402138,-0.021638353029738044,0.12166159208330973,0.1227686291013157,0.11352161443193465,0.11721651214881779,0.11036624852792287,,-0.14705783113013848,-0.04075697213060103,0.08117434147815561,0.004,0.615,-0.7583339124211139,0.3404470289665671,-0.1964169663359473,False,1985-01-01,sec,19,False
PANW,"Palo Alto Networks, Inc.",45,PANW,B87ZMX0,0.21076,[],United States,Technology,Software - Infrastructure,NasdaqGS,USD,398.5,325972983808.0,325972983808.0,818000000.0,996.25,81.67541,11.813357,28.310066,208.01,0.0,0.02674,0.01739,0.09337,0.908,0.8875349998822291,0.5064550696725707,0.3740758413045664,0.3212585882847434,,0.18536155384757969,0.21951181689477006,0.3213238352000498,,-0.11285630576938566,,,0.345,,-0.4213195476437749,0.385765393247333,-0.07825041056600279,False,2012-07-01,sec,16,False
0939.HK,China Construction Bank Corporation,46,939,B0LMTQ3,0.096624,[],China,Financial Services,Banks - Diversified,HKSE,HKD,9.735,2546679676928.0,324508760590.4844,240417319880.0,6.713793,5.982987,0.6076934,3.995473,,0.0454,0.55369,0.09404001,,0.245,0.32142622771646523,0.3835957627754687,0.2129386168190961,0.12423901047199704,0.1110554069253662,-0.009396280633871212,,,,0.014347942111190504,,,0.079,-0.005,-0.571408792095155,0.186933034112292,-0.01666666666666672,False,2005-10-01,yahoo,4,False
GE,GE Aerospace,47,GE,BL59CR9,0.224353,[],United States,Industrials,Aerospace & Defense,NYSE,USD,305.62,317099835392.0,317099835392.0,1037562513.0,36.040096,33.584503,17.97659,6.3986335,29.133,0.0062,0.17716,0.48231998,1.13225,1.35,-0.0031498705808729044,0.5316676661801043,0.36889046384974966,0.09325787999234603,0.054749872388341725,0.1631543559703441,-0.0459869626385655,-0.08971572722077281,,4.660123165850364,0.10724426289441147,,0.211,0.194,-0.810757035971474,0.3325276783758036,-0.2140211912354696,False,1962-01-01,sec,19,False
HSBA.L,HSBC Holdings plc,48,HSBA,0540528,0.3108,[],United Kingdom,Financial Services,Banks - Diversified,LSE,GBp,1399.0173,239227355136.0,316183196478.6387,17099669154.0,13.45209,9.71716,1.8775263,3.6946898,,0.0403,0.37797,0.13104999,,0.571,0.3339250130717011,0.3384338381047902,0.26356102314100927,0.08744570572631583,0.02545377491856282,,,,,0.12492246535234486,0.3055308989669716,0.04359803368554194,0.254,,-0.6718113356010152,0.23439249481698426,-0.1310451552795031,False,1988-07-01,sec,11,False
PM,Philip Morris International Inc.,49,PM,B2PKRQ3,0.228043,[],United States,Consumer Defensive,Tobacco,NYSE,USD,200.5,312501993472.0,312501993472.0,1558613439.0,28.80747,21.827288,-36.408207,6.990589,19.011,0.0319,0.25559,,,0.395,0.3789718026671691,0.3457599201848671,0.20671194899375012,0.12539244481470435,,0.08570152245500418,0.07213535484188793,-0.05803498505546667,,0.07836210394857601,0.07085483560851769,0.04872448475393876,0.104,-0.075,-0.3950484478007421,0.22847477046623293,-0.03494416634578357,False,2008-03-01,sec,19,False
NFLX,"Netflix, Inc.",50,NFLX,2857817,0.266049,[],United States,Communication Services,Entertainment,NasdaqGS,USD,71.57,298013163520.0,298013163520.0,4163939676.0,22.506289,18.801456,9.883994,5.9897113,20.184,0.0,0.28219,0.49541,0.55236,1.526,-0.38296858221218677,0.18814196812720008,8.401566679405725e-05,0.18655264675737393,0.29456426063653995,0.12639718371360664,0.12569512175392594,0.20886472226701724,,0.34710272499397044,0.31796134083057126,0.56747499259784,0.134,0.111,-0.7989660767746112,0.4943271032849895,-0.4267980137754286,False,2002-05-01,sec,19,False
HD,"The Home Depot, Inc.",51,HD,2434209,0.335407,[],United States,Consumer Cyclical,Home Improvement Retail,NYSE,USD,295.47,294787350528.0,294787350528.0,997689626.0,20.676697,18.47899,17.745947,1.6777362,13.994,0.0315,0.0841,1.0429599,3.80261,0.955,-0.22825448347960353,0.026279178958765304,-0.02746507556913491,0.11540485867270056,0.13554936377467364,0.015185146415588768,0.04506334520303379,0.06404801796204951,,-0.06113226458313037,0.01935144115228149,0.07285423365231636,0.057,0.046,-0.6916071355650345,0.2432724004378879,-0.25692226441666866,False,1985-01-01,sec,19,False
MS,Morgan Stanley,52,MS,2262314,0.356081,[],United States,Financial Services,Capital Markets,NYSE,USD,187.44,294386958336.0,294386958336.0,1570566292.0,15.14055,13.788914,2.764561,3.795448,,0.0245,0.25897,0.17969999,5.172820000000001,1.207,0.1554939341432824,0.41779483921408533,0.16132201331215335,0.22017619781080544,0.07822753916330805,,,,,0.15521284506295685,0.09125806881936604,0.11100675410214533,0.28,0.624,-0.8170291350765626,0.27402928426809997,-0.19293864370290637,False,1993-02-01,sec,19,False
ARM,Arm Holdings plc,53,ARM,,,[],United Kingdom,Technology,Semiconductors,NasdaqGS,USD,275.29,294009339904.0,294009339904.0,1067998569.0,283.80414,89.88298,34.06633,58.71714,300.584,0.0,0.20247999,0.13352999,0.0562,3.789,0.7482243865654858,0.8189793579843254,,,,0.2246090456460499,,,,0.19934937871784242,,,0.224,1.083,-0.37957840026941436,0.7586861612651935,-0.3918930859288712,False,2023-09-01,sec,5,False
3750.HK,"Contemporary Amperex Technology Co., Limited",54,3750,BT9QPW8,0.012377,[],China,Industrials,Electrical Equipment & Parts,HKSE,HKD,491.4,2273830502400.0,289741157795.21484,218300300.0,23.500717,16.29493,5.0888166,4.313888,16.436,0.0086,0.16292,0.24771999,0.35995,0.474,-0.11601580822465929,,,,,0.08842934883424336,,,,0.3294277002353567,,,0.569,0.318,-0.34802872603184865,0.48467013075165927,-0.3814977973568282,False,2025-05-01,yahoo,4,False
1288.HK,Agricultural Bank of China Limited,55,1288,B60LZR6,0.019918,[],China,Financial Services,Banks - Diversified,HKSE,HKD,6.485,2269640130560.0,289207202785.27344,30738823096.0,7.205556,6.336722,0.67846227,3.6584215,,0.042699999999999995,0.47544,0.09257,,0.166,0.16499741964262116,0.3923889232899689,0.2853233970942832,0.14435252258581932,,0.014000497307679938,,,,0.03933412709579254,,,0.181,0.109,-0.44842806586365724,0.18712723259641087,-0.03425167535368567,False,2010-07-01,yahoo,4,False
SHEL.L,Shell plc,56,SHEL,BP6MXD8,0.274825,[],United Kingdom,Energy,Oil & Gas Integrated,LSE,GBp,3772.0,214717513728.0,283788907802.24414,5692404708.0,11.159763,9.020929,1.5391834,0.6825425,4.193,0.030600000000000002,0.08756,0.14341,0.402,-0.22,0.29095034858924307,0.11595861759215498,0.16974710827325112,0.06118684923977624,0.036322436411115655,-0.1136685121863461,0.07346868202920587,-0.002909167508340471,,-0.24956443676946882,,0.2347275952575143,0.447,2.2,-0.8479069015303579,0.22158814361129348,-0.003171247357293905,False,1996-08-01,sec,11,False
NOVN.SW,Novartis AG,57,NOVN,7103065,0.242296,[],Switzerland,Healthcare,Drug Manufacturers - General,Swiss,CHF,119.0,226185068544.0,271977996658.64648,1900714840.0,22.666666,14.54862,6.666635,3.9923296,11.681,0.031400000000000004,0.22502,0.3035,1.1684999999999999,0.49,0.24163803172849319,0.16138742052479893,0.15057335392165827,0.11617446171060863,0.075049860620511,0.08916182378838577,0.02305186006780291,0.009850991920786756,,0.26163966067971955,0.11592538543670727,-0.023925527559391147,0.008,-0.17,-0.370135378303751,0.1519700546522904,-0.10310521555622554,False,1995-04-01,sec,11,False
9988.HK,Alibaba Group Holding Limited,58,9988,BK6YZP5,0.208664,['BABA'],China,Consumer Cyclical,Internet Retail,HKSE,HKD,107.0,2129509744640.0,271351192754.66797,19901959514.0,26.550867,11.779424,1.6340863,2.0302467,19.455,0.009899999999999999,0.07039,0.0636,0.23928000000000002,0.5,-0.36107860338456965,0.09883029392986997,-0.08210365677466047,,,0.05469219910281242,0.06272380221733176,0.2519657892776357,,0.132932053058181,-0.0771817366181703,0.033126714570685944,0.086,-0.794,-0.7904160842747576,0.5071098840615262,-0.38857142857142857,False,2019-11-01,sec,12,False
CRWD,"CrowdStrike Holdings, Inc.",59,CRWD,BJJP138,0.168731,[],United States,Technology,Software - Infrastructure,NasdaqGS,USD,263.01,269305118720.0,269305118720.0,1023934842.0,5260.2,163.7763,52.78146,50.23711,2497.926,0.0,0.00834,0.01461,0.15958,1.255,1.0551924320043229,0.8476443413288004,0.31679268518422843,,,0.2900686653697968,0.40643417090854195,,,,,,0.258,,-0.6263661977413526,0.5385275992421108,-0.08355691835952483,False,2019-06-01,sec,9,False
GEV,GE Vernova Inc.,60,GEV,BP6H4Y1,0.187816,[],United States,Industrials,Specialty Industrial Machinery,NYSE,USD,999.35,266160455680.0,266160455680.0,266333581.0,28.651089,39.680744,22.259716,6.1195493,62.466,0.002,0.23035,0.82577,0.28364,0.967,0.7201776054748861,,,,,0.08682326316822997,,,,,,,0.219,0.328,-0.23520245773967619,0.4065376804275793,-0.1643811562452966,False,2024-03-01,sec,4,False
ANET,"Arista Networks, Inc.",61,ANET,BL9XPM3,0.14146,[],United States,Technology,Computer Hardware,NYSE,USD,210.97,266080583680.0,266080583680.0,1261224648.0,66.55205,40.440037,17.98091,24.35989,52.468,0.0,0.38371,0.31476,,1.617,0.3355425067777347,0.6136907459629077,0.5241690992374521,0.44529836458907246,,0.27146525721597636,0.31189506024306746,0.580291542078718,,0.3744220807063168,0.40799766019343653,0.40265668205053284,0.377,0.357,-0.3858678357663968,0.3939297231461033,-0.02921958402355973,False,2014-06-01,sec,14,False
TXN,Texas Instruments Incorporated,62,TXN,2885409,0.278,[],United States,Technology,Semiconductors,NasdaqGS,USD,288.2,263197999104.0,263197999104.0,913247686.0,43.86606,27.074127,14.612383,13.149208,27.61,0.021099999999999997,0.31111,0.35176,0.78036,1.314,0.832120138385362,0.3026849851261231,0.121772010240351,0.1835981680543315,0.14729030613232053,-0.040677564911326236,0.041038070937830184,0.03123775179836108,,-0.1703720220363203,-0.022349005191785398,0.05385975453049374,0.228,0.518,-0.8211097720763797,0.324510696411907,-0.13720324521749538,False,1985-01-01,sec,19,False
RY.TO,Royal Bank of Canada,63,RY,2754383,0.226006,[],Canada,Financial Services,Banks - Diversified,Toronto,CAD,270.87,375000498176.0,262610896114.60742,1384429799.0,17.078815,15.151676,2.8003845,5.77143,,0.026000000000000002,0.33870998,0.16209,,0.915,0.36739405053933316,0.39655649516198066,0.20475483651686632,0.1682995072851159,0.13164709510390993,0.107850709286188,0.07139086277615392,,,0.08819506398230903,0.12235828664498594,,0.089,0.128,-0.4368162892929287,0.17635487601921326,-0.11590182126770676,False,1995-01-01,sec,9,False
GS,"The Goldman Sachs Group, Inc.",64,GS,2407966,0.403853,[],United States,Financial Services,Capital Markets,NYSE,USD,882.59,256984973312.0,256984973312.0,291171408.0,13.630734,12.213182,2.437764,3.8798146,,0.0227,0.31039,0.16902,7.25381,1.283,0.12976804864568936,0.4547655560915769,0.1902192084681802,0.19693205502215072,0.09697492158769871,,,,,0.14834214780369237,0.12827054739608457,0.11339390048950038,0.425,0.923,-0.6786358705661506,0.26868891854468263,-0.23518401372628872,False,1999-05-01,sec,19,False
KLAC,KLA Corporation,65,KLAC,2480138,0.157074,[],United States,Technology,Semiconductor Equipment & Materials,NasdaqGS,USD,196.72,256720879616.0,256720879616.0,1305006492.0,53.748634,29.337593,40.494034,18.733042,42.27,0.004699999999999999,0.35574,0.87496,0.9688,1.444,0.6102510136679196,0.6157564392346397,0.4038065702417768,0.40603288373138824,0.24005983332393477,0.08964649002419045,0.14438267834282237,0.3387667303937123,,0.12560345252135763,0.1837554102537291,0.21232302605617726,0.152,0.138,-0.7832110965841198,0.44109275955655874,-0.35998958909457657,False,1980-10-01,sec,18,False
3988.HK,Bank of China Limited,66,3988,B154564,0.050018,[],China,Financial Services,Banks - Diversified,HKSE,HKD,6.125,1973550972928.0,251478262456.45117,83622276395.0,7.379518,6.5827556,0.61295116,3.3226914,,0.0424,0.43377998,0.08289,,0.111,0.43545217056175134,0.38145688397400024,0.25553838203736134,0.12941650410358996,0.09527779268964132,0.03970754119346975,,,,0.023712026525481544,,,0.053,-0.011,-0.5701866159125115,0.1505186161955939,-0.0032546786004881145,False,2006-06-01,yahoo,4,False
RTX,RTX Corporation,67,RTX,BM5M5Y3,0.408089,[],United States,Industrials,Aerospace & Defense,NYSE,USD,184.32,248418779136.0,248418779136.0,1347758144.0,32.450706,23.431452,3.7425382,2.6760566,17.775,0.0158,0.08276,0.12274,0.5702,0.287,0.037838119971868256,0.33524001089458944,0.17996104034267235,0.1355467460820985,0.1020009644531068,0.09723101071987417,0.09382123755404659,0.18449730279257892,,0.10021025623733193,,-0.01187527147610401,0.145,0.287,-0.4752867510658836,0.23823496144002393,-0.18758815232722148,False,1985-01-01,sec,19,False
WFC,Wells Fargo & Company,68,WFC,2649100,0.317715,[],United States,Financial Services,Banks - Diversified,NYSE,USD,82.03,248058658816.0,248058658816.0,3023999336.0,11.922965,10.215556,1.5070733,2.9156065,,0.024399999999999998,0.27232,0.12575,,0.916,-0.05659641389010828,0.2948863509599171,0.12135408460268127,0.08679569651734664,0.06893361073461324,,,,,0.17320005406995187,0.6257685256466126,-0.005661405026277988,0.095,0.25,-0.6683531444500899,0.275931848148095,-0.16090425531914898,False,1985-01-01,sec,19,False
AZN.L,AstraZeneca PLC,69,AZN,0989529,0.226922,['AZN'],United Kingdom,Healthcare,Drug Manufacturers - General,LSE,GBp,12060.0,187039236096.0,247206944632.79883,1550905742.0,24.168337,13.9713745,4.924491,3.072152,10.949,0.020099999999999996,0.17021999,0.21965,0.64225,0.205,-0.03065104105287053,0.05665669775920179,0.05876315611054528,0.10202792169661401,0.07083819362147703,0.08927748966492333,0.16505481289596458,0.08923051554135619,,0.45927479452444087,0.26620518431411666,0.1373210613714595,0.064,0.025,-0.49372178049177795,0.20881788335629545,-0.23340961098398172,False,1993-05-01,sec,11,False
MRVL,"Marvell Technology, Inc.",70,MRVL,BNKJSM5,0.152435,[],United States,Technology,Semiconductors,NasdaqGS,USD,274.66,246838214656.0,246838214656.0,876926613.0,90.34869,37.713673,13.202269,25.125841,81.759,0.0009,0.27934998,0.16523,0.28525,2.253,1.966011860735478,0.8090804604735433,0.327508881612965,0.36715295423870065,0.15493362430409374,0.11449587642355707,0.22514202663068583,,,,,,0.365,0.5,-0.8435980811225741,0.6311176978481529,-0.16739420395295246,False,2000-06-01,sec,7,False
SAP.DE,SAP SE,71,SAP,4846288,0.190547,[],Germany,Technology,Software - Application,XETRA,EUR,190.4,219760492544.0,246147523587.47656,1154204232.0,28.980211,22.75204,4.911647,5.7365694,18.121,0.013300000000000001,0.20413,0.18320999,0.21966000000000002,0.775,-0.14818387260920585,0.15515789022724125,0.1025633806913282,0.10586466341647038,0.09908038763966331,0.07625552156258508,,,,0.46361165115238245,,,0.094,0.306,-0.8163229290181669,0.2809503415049563,-0.22063037249283668,False,1998-04-01,yahoo,4,False
8306.T,"Mitsubishi UFJ Financial Group, Inc.",72,8306,6335171,0.243299,[],Japan,Financial Services,Banks - Diversified,Tokyo,JPY,3462.0,38967458136064.0,246144981429.46875,11255764758.0,14.640335,22.824368,1.716642,5.559314,,0.0274,0.27446,0.09458999,,0.321,0.6054900002019135,0.4685982757719622,0.4720129864197915,0.2536438352302497,0.07879391671243163,0.12419261730292597,0.09663113170551285,-0.07726923532402286,,0.6545650123891258,0.0912976686352387,0.07982431988436112,0.288,0.509,-0.7969502881819438,0.2275623581349657,-0.09205350118017308,False,2005-09-01,sec,18,False
TMO,Thermo Fisher Scientific Inc.,73,TMO,2886907,0.304381,[],United States,Healthcare,Diagnostics & Research,NYSE,USD,651.98,241067835392.0,241067835392.0,369747286.0,35.09042,23.643047,4.5761647,5.386695,24.552,0.0029,0.15036,0.13515,0.8057500000000001,0.854,0.16745010985589648,0.1442637514266658,0.011256409899680353,0.16534121236649035,0.14977211878439345,-0.0026714219508328085,0.06699288544037874,0.34516178239341677,,-0.011579937502085635,0.010563238330412617,0.13028165679150505,0.105,0.094,-0.6946022704536372,0.25837951368665,-0.060994051819739936,False,1985-01-01,sec,19,False
NESN.SW,Nestlé S.A.,74,NESN,7123870,0.218122,[],Switzerland,Consumer Defensive,Packaged Foods,Swiss,CHF,75.88,195180036096.0,234695753998.5703,2572220000.0,26.256054,15.741008,6.6795774,2.185264,15.346,0.0408,0.083809994,0.26244,2.1300499999999998,0.496,0.024738939675651217,-0.04927449943230322,-0.06048358589460989,0.03542610555628056,0.060704790219535676,-0.017520480105449265,,,,-0.008595790249911639,,,-0.025,-0.315,-0.3807297973218646,0.17647015866286078,-0.1287174187622001,False,1990-01-01,yahoo,4,False
2454.TW,MediaTek Inc.,75,2454,6372480,0.130932,[],Taiwan,Technology,Semiconductors,Taiwan,TWD,4690.0,7490673573888.0,234640810707.8672,1597158528.0,77.443855,32.19929,17.647038,13.39901,68.335,0.011399999999999999,0.16279,0.23864001,0.06242,1.962,2.788318784229152,0.8594366004478311,0.485041490018397,0.41423212391247577,0.2022367319722873,0.027866622689576515,,,,-0.037570524355304835,,,0.012,-0.127,-0.6235884549083895,0.5148980615126265,-0.1441605839416058,False,2001-07-01,yahoo,4,False
SIE.DE,Siemens Aktiengesellschaft,76,SIE,5727973,0.234085,[],Germany,Industrials,Specialty Industrial Machinery,XETRA,EUR,272.0,208205971456.0,233205630715.2578,765463106.0,27.926079,21.097471,3.08439,2.652777,20.702,0.0197,0.097959995,0.12465999,0.66425,1.283,0.13406805212236939,0.3285385382093533,0.17205357822739287,0.1476794351557471,0.11351520734377041,0.031145867010026196,,,,0.372231376152222,,,0.073,0.128,-0.7059125862432079,0.2710448705091936,-0.06753513884127527,False,1996-11-01,yahoo,4,False
SNDK,Sandisk Corporation,77,SNDK,BSNPZV3,0.189983,[],United States,Technology,Computer Hardware,NasdaqGS,USD,1609.46,232611332096.0,232611332096.0,144527564.0,21.820227,6.043851,15.239511,12.581635,19.83,0.0,0.56465,0.9164,0.012769999999999998,,7.342309980956756,,,,,0.44845199508196143,,,,,,,3.716,,-0.46571054325270433,1.227941824407041,-0.31640042643742106,False,2025-02-01,sec,3,False
0857.HK,PetroChina Company Limited,78,857,6226576,0.011781,[],China,Energy,Oil & Gas Integrated,HKSE,HKD,9.83,1799096238080.0,229248497834.87305,21098900000.0,9.101851,8.807607,0.9383299,0.59629244,4.297,0.0611,0.05985,0.10679,0.21627,0.606,0.26823585051777776,0.3208463366181229,0.3012854630230153,0.12847246357254027,0.054319973471516736,-0.04014949931736134,,,,0.018835578227509364,,,0.135,0.473,-0.8238190595596879,0.3054590165513769,-0.19558101472995093,False,2000-04-01,yahoo,4,False
OR.PA,L'Oréal S.A.,79,OR,4057808,0.099519,[],France,Consumer Defensive,Household & Personal Products,Paris,EUR,379.15,201954181120.0,226203176855.69336,532649814.0,32.18591,25.422184,5.964948,4.4069614,20.351,0.0192,0.13904001,0.19409001,0.49316000000000004,0.89,0.05271918166715239,-0.0012631606143720386,0.00551761884221369,0.10402429159264837,0.1021050919370754,0.04810457834032511,,,,0.02398801791399996,,,0.058,0.054,-0.46624278164165467,0.20546668317276953,-0.06567274519467725,False,2000-01-01,yahoo,4,False
LIN,Linde plc,80,LIN,BNZHB81,0.230586,['LIN.DE'],United Kingdom,Basic Materials,Specialty Chemicals,NasdaqGS,USD,481.7,222054154240.0,222054154240.0,460980163.0,31.097483,24.607014,5.6818986,6.1723666,17.615,0.013300000000000001,0.20435,0.18400998,0.68947,0.727,0.1842376542491917,0.09936057360000428,0.10376325238336914,0.17288704197118188,0.13142702917543136,0.006176060609136114,0.04522316072101629,,,0.1813506068628905,0.2186454924572061,,0.093,0.113,-0.41330042983253756,0.1930596758033741,-0.12130609266690995,False,1992-06-01,sec,10,False
0941.HK,China Mobile Limited,81,0941.HK,,,[],Hong Kong,Communication Services,Telecom Services,HKSE,HKD,80.1,1736864038912.0,221318606218.04102,20780928456.0,11.866667,10.970668,1.043835,1.6484088,5.757,0.0683,0.12618,0.09345999,0.06931,0.257,-0.009429448217575076,0.15648860344621096,0.1847560556876926,0.053503743146950056,0.061297498078098256,0.03864947562255727,,,,0.03000641948799565,,,-0.03,-0.071,-0.7839721072207941,0.15319133167992396,-0.0989876265466818,False,2000-01-01,yahoo,4,False
AMGN,Amgen Inc.,82,AMGN,2023607,0.235282,[],United States,Healthcare,Drug Manufacturers - General,NasdaqGS,USD,407.44,220275097600.0,220275097600.0,540632005.0,25.306831,16.641214,18.845512,5.9819345,15.705,0.024700000000000003,0.22951001,0.91473,4.90281,0.426,0.3972035951370345,0.20168468962060437,0.18022893429361653,0.14498643975797454,0.10961186796437694,0.11766399097603264,0.07647774623365566,0.054282653402344616,,0.055793388628522456,0.01201505568162542,0.010604857983733451,0.095,0.649,-0.5439741537418497,0.24279634994521798,-0.08856228888441486,False,1985-01-01,sec,19,False
7203.T,Toyota Motor Corporation,83,7203,6900643,0.215347,[],Japan,Consumer Cyclical,Auto Manufacturers,Tokyo,JPY,2910.5,34465657126912.0,217708542954.89062,11841833660.0,8.283055,8.97693,0.9237935,0.6666541,11.803,0.0345,0.0863,0.12404,1.14974,0.337,-0.045980267283718845,0.07053486351065708,0.10854817550967422,0.12432764996962864,0.06536788426655438,0.14461566979145557,0.09501201858071195,,,0.18552646775001125,0.1780395472985934,,0.104,0.869,-0.6567325653426674,0.2724657050948995,-0.27237500000000003,False,1999-05-01,sec,6,False
BHP.AX,BHP Group Limited,84,BHP,6144690,0.117918,[],Australia,Basic Materials,Other Industrial Metals & Mining,ASX,AUD,60.94,309755183104.0,216068084396.72656,5082953802.0,21.457747,16.345703,4.2354026,5.212709,10.843,0.0395,0.16734,0.24002,0.50473,0.85,0.49695544807286884,0.17155747118045905,0.21132407929246244,0.19543926923411115,0.10759303161958256,-0.07861433864686274,0.056551237421903044,,,-0.3040335201251646,0.049875741578228716,,0.183,-0.09,-0.5655157673110304,0.23998447619196317,-0.11385778682565073,False,1988-02-01,sec,10,False
C,Citigroup Inc.,85,C,2297907,0.338419,[],United States,Financial Services,Banks - Diversified,NYSE,USD,128.08,214846111744.0,214846111744.0,1677436783.0,13.831533,9.897937,1.1162823,2.6580493,,0.0209,0.21832001,0.08529,,1.097,0.26007413286701464,0.5133367602244174,0.16291021272728679,0.13128741999006266,-0.04717159000623328,0.04195982557608935,0.02452570980985236,0.011052067541515775,,-0.01680138693258504,0.05678410068077189,-0.02190335319659753,0.155,0.61,-0.9702169638643524,0.28043039650125434,-0.13436063801027298,False,1985-01-01,sec,19,False
IBM,International Business Machines Corporation,86,IBM,2005973,0.231752,[],United States,Technology,Information Technology Services,NYSE,USD,226.61,213497069568.0,213497069568.0,942134390.0,20.14311,17.231113,6.196948,2.9988222,16.052,0.0298,0.15522,0.34460998,1.8897,0.708,-0.25964940331576225,0.18933794291965622,0.17571476078558712,0.08639827542638479,0.08050591511425553,0.03717667987880624,0.041240412922473046,-0.018909894523447046,,0.8627161196782311,0.1363743775275652,-0.021687916543646546,0.011,-0.018,-0.6746211637367381,0.3059791341666191,-0.31838416651627255,False,1962-01-01,sec,19,False
SHOP.TO,Shopify Inc.,87,SHOP,BX865C7,0.149945,[],Canada,Technology,Software - Application,Toronto,CAD,234.19,303897739264.0,212818004305.33398,1219581025.0,114.23903,67.03857,16.873867,20.4521,111.319,0.0,0.1453,0.15543,0.01403,2.616,-0.04407117650526482,0.5267206888378584,0.05226795309193122,0.45307594625320236,,0.27313122172024773,,,,,,,0.337,0.681,-0.8084006984188177,0.5571811342578384,-0.07471355195574869,False,2015-05-01,yahoo,4,False
MC.PA,"LVMH Moët Hennessy - Louis Vuitton, Société Européenne",88,MC,4061412,0.09468,[],France,Consumer Cyclical,Luxury Goods,Paris,EUR,382.1,188362014720.0,210978974994.75586,492965227.0,17.41568,15.559434,2.766916,2.3651388,10.655,0.0341,0.13658,0.16586,0.53306,0.837,-0.35560520829389064,-0.1519144384946718,-0.08938023803880368,0.10760873865083642,0.10236013880205208,0.006790272105436479,,,,-0.08249660620153265,,,-0.029,0.008,-0.6240289946317366,0.2754787609433889,-0.4163739117152895,False,2000-01-01,yahoo,4,False
APH,Amphenol Corporation,89,APH,2145084,0.114911,[],United States,Technology,Electronic Components,NYSE,USD,85.32,210396282880.0,210396282880.0,2465966914.0,42.66,25.618237,13.577339,7.165445,23.395,0.0059,0.17729001,0.38115,1.20415,1.242,0.26619563283421166,0.6449167864858989,0.3670160251931742,0.27839490228143116,0.2129731934373782,0.2230660589034148,0.218467319160899,0.15285808683852697,,0.30961067402538855,0.2882704474353379,0.1874675170946556,0.55,0.593,-0.5309694515141377,0.2631106384380905,-0.051262092738797005,False,1991-11-01,sec,19,False
9984.T,SoftBank Group Corp.,90,9984,6770620,0.11375,[],Japan,Communication Services,Telecom Services,Tokyo,JPY,5803.0,33071583723520.0,208902626726.25,5699049389.0,6.75435,19.651867,1.8143039,4.774814,120.134,0.0018,0.61613,0.31964,1.3015,0.997,-0.06534857036352248,0.6090816137394077,0.33299831479066877,0.23287786758460327,0.16751932598345642,0.058786383405192044,,,,,,,0.109,-0.178,-0.9824316822144579,0.5386414786296726,-0.36048049371831603,False,2000-01-01,yahoo,4,False
AXP,American Express Company,91,AXP,2026082,0.3094,[],United States,Financial Services,Credit Services,NYSE,USD,308.1,208062955520.0,208062955520.0,675309833.0,18.695389,15.280147,6.066752,2.8959672,,0.0123,0.16141,0.34377,1.7238,1.048,-0.1616271539873857,0.2842789593664419,0.1284977315093474,0.1782900050085865,0.10213786295945537,0.06473516911306465,0.13453160423162558,0.026699553539562215,,0.13053595394630846,0.2866273700587403,0.07634504379736406,0.128,0.11,-0.8087006031331188,0.2638124877746606,-0.20488270665049413,False,1985-01-01,sec,13,False
ADI,"Analog Devices, Inc.",92,ADI,2032067,0.213663,[],United States,Technology,Semiconductors,NasdaqGS,USD,405.93,196699652096.0,196699652096.0,484565465.0,48.210213,24.830378,5.862736,13.847825,28.756,0.0108,0.29787,0.12227,0.27314,1.205,0.7778740897790826,0.3987229852732488,0.20828419357988337,0.22665048885937833,0.16340882845531768,-0.028383891841526898,0.14485112925375,0.12362958977082017,,-0.06214171851476524,0.1318197742829601,0.12521633390311804,0.396,1.635,-0.8156882266771497,0.29472654537011483,-0.08965934829898414,False,1985-01-01,sec,19,False
SAN.MC,"Banco Santander, S.A.",93,SAN,5705946,0.18001,[],Spain,Financial Services,Banks - Diversified,MCE,EUR,12.118,175193620480.0,196229428366.6211,14457305510.0,13.770454,9.628465,1.5871643,3.6273122,,0.0213,0.33464,0.13109,,0.933,0.38690150270815993,0.5596569780305796,0.3423063193027456,0.14770578475668383,0.05636164480782235,0.03449899986581095,,,,0.13653857638291234,,,0.102,0.087,-0.7270819041048298,0.2626948147632049,-0.07637195121951212,False,2000-01-01,yahoo,4,False
TTE.PA,TotalEnergies SE,94,TTE,B15C557,0.141118,[],France,Energy,Oil & Gas Integrated,Paris,EUR,77.95,172072648704.0,192733715989.2246,2207474769.0,11.379561,8.001673,1.5197637,0.8382974,5.098,0.0464,0.09083,0.14479999,0.48045000000000004,0.06,0.48696879580442753,0.12288413692098521,0.18499627642527994,0.12104060560245622,0.07759605448305473,-0.105380852178101,0.07417319179091009,0.03442893377243239,,-0.14060357193108175,,0.10808639626196914,0.278,1.06,-0.47341955956504767,0.23174557961502826,-0.04167691172854682,False,2000-01-01,sec,11,False
VZ,Verizon Communications Inc.,95,VZ,2090571,0.119137,[],United States,Communication Services,Telecom Services,NYSE,USD,46.35,192573833216.0,192573833216.0,4154775202.0,12.0703125,8.766886,1.8531106,1.3721123,7.512,0.0611,0.11643,0.15842,1.8408099999999998,0.24,0.2229995481998288,0.16395049030372344,0.034317606947428914,0.050009591394534425,0.06978038236110562,0.003292396665705022,0.014976616276052734,0.0048836667340490525,,-0.06796926280726578,-0.008199644514070292,-0.004254693125070652,-0.007,-0.22,-0.5539611539567364,0.21969311941142766,-0.10313467492260053,False,1985-01-01,sec,19,False
6857.T,Advantest Corporation,96,6857,6870490,0.111662,[],Japan,Technology,Semiconductor Equipment & Materials,Tokyo,JPY,41610.0,30040462983168.0,189756005570.22656,721952949.0,66.00571,175.0305,28.892221,22.034,42.032,0.0015,0.37325,0.56895,0.10374,1.182,0.7878819134666879,1.2201224744877348,0.7903857019916154,0.6216902178602239,0.19625809998849575,0.26299778508716565,,,,0.4225059773479647,,,0.393,0.953,-0.9351375189593109,0.5829219805848034,-0.009049773755656076,False,2000-01-01,yahoo,4,False
ITX.MC,"Industria de Diseño Textil, S.A.",97,ITX,BP9DL90,0.061095,[],Spain,Consumer Cyclical,Apparel Retail,MCE,EUR,53.94,168023588864.0,188198478372.41797,3115009210.0,26.184465,22.806454,9.410328,4.0736246,16.485,0.0123,0.15531999,0.36824,0.34713,0.905,0.12682717825996015,0.20996324175104775,0.14884262248274727,0.084649660427081,0.15995550663480285,0.06969216956560764,,,,0.14625201205738825,,,0.091,0.08,-0.4301850140899133,0.2553331002327213,-0.09222484012117138,False,2002-09-01,yahoo,4,False
QCOM,QUALCOMM Incorporated,98,QCOM,2714923,0.183928,[],United States,Technology,Semiconductors,NasdaqGS,USD,176.01,187950415872.0,187950415872.0,1067839507.0,20.371527,17.26155,6.726411,4.460411,16.689,0.0209,0.21013,0.33754003,0.5521,1.679,0.00909378081144574,0.20462960221615623,0.08426456371055835,0.13047865536463554,0.10835948096885128,0.0006330832838727929,0.13480513327048627,0.05765800157861012,,-0.24618857681374529,0.012862226647504249,0.005007987460367014,-0.04,-0.23,-0.8439743435496444,0.42455331917155653,-0.3228301015697138,False,1991-12-01,sec,19,False
CRM,"Salesforce, Inc.",99,CRM,2310525,0.251782,[],United States,Technology,Software - Application,NYSE,USD,227.8,187479408640.0,187479408640.0,823000000.0,20.84172,14.219104,4.8850574,4.3000617,17.049,0.0077,0.2199,0.19381,1.10417,1.202,-0.1307465510130308,0.04435847330922682,-0.0525846967630369,0.11775589086202065,0.17086857342232986,0.09820006113830493,0.14335729427517552,0.20070553205342456,,2.2973643337642913,0.12862918067985896,,0.108,1.189,-0.632001098247331,0.3970954074886135,-0.15350600126342384,False,2004-06-01,sec,19,False
TD.TO,The Toronto-Dominion Bank,100,TD,2897222,0.178467,[],Canada,Financial Services,Banks - Diversified,Toronto,CAD,162.23,264924299264.0,185525107221.59375,1633016726.0,17.369379,14.490268,2.145275,4.492662,,0.0276,0.26617,0.12828,,0.866,0.47064889766271123,0.33999322347675354,0.17719714143405452,0.15054377772273608,0.12713177390129782,0.113954822147317,0.09201242215707661,,,0.0562382560330601,0.11542080466931237,,0.115,0.45,-0.4805814558215964,0.18410994089079977,-0.07471624935835297,False,1995-01-01,sec,10,False
DIS,The Walt Disney Company,101,DIS,2270726,0.202975,[],United States,Communication Services,Entertainment,NYSE,USD,107.02,184790024192.0,184790024192.0,1726686902.0,22.065979,14.316884,1.6826514,1.8321629,10.914,0.013999999999999999,0.086990006,0.0801,0.39404000000000006,1.409,-0.068528673586993,0.09338808709549884,-0.0880343233193619,0.019320082935766036,0.07350983552549972,0.045093923223104904,0.07626145769160764,,,0.5648526233067692,,,0.068,-0.483,-0.6468518878997938,0.3275263305273181,-0.08600222051413453,False,1985-01-01,sec,10,False
8035.T,Tokyo Electron Limited,102,8035,6895675,0.101256,[],Japan,Technology,Semiconductor Equipment & Materials,Tokyo,JPY,12445.0,29123336470528.0,183962810447.41406,2271484280.0,45.937763,9.721138,2.6404095,10.4651375,36.216,0.0375,0.23645,0.30929002,,1.332,0.9116421934641139,0.5102400887605418,0.3263219247610032,0.3898248297598941,0.193712719006629,0.03420315714258004,,,,0.06798560410225418,,,0.333,0.404,-0.844049830412857,0.4998046473333348,-0.23424809254245627,False,2000-01-01,yahoo,4,False
TMUS,"T-Mobile US, Inc.",103,TMUS,B94Q9V0,0.036456,[],United States,Communication Services,Telecom Services,NasdaqGS,USD,171.31,183759372288.0,183759372288.0,1072671613.0,17.900732,11.865939,3.2725224,1.9140514,8.529,0.0273,0.11455,0.17994,2.1403499999999998,0.317,-0.17937053680510318,0.07266850204095077,0.0907229305498003,0.13574668219036456,,0.03534093085617829,0.05243088054913425,0.1353207338024056,,0.6190452439552545,0.29109319401242684,0.31098364731200445,0.079,0.053,-0.8462589161500083,0.21617713136418756,-0.25846247078175055,False,2007-04-01,sec,18,False
GILD,"Gilead Sciences, Inc.",104,GILD,2369174,0.200481,[],United States,Healthcare,Drug Manufacturers - General,NasdaqGS,USD,147.1,182397419520.0,182397419520.0,1239955155.0,,14.874949,15.43223,6.0680737,14.115,0.0223,-0.10637999,-0.2068,2.2346500000000002,0.35,0.24816890260421776,0.26854202178154796,0.21860418836865714,0.10934088199948366,0.1341983647028966,0.025747792802937708,0.03584723676709367,-0.00876014075533238,,0.23064054012046786,1.4894758103106085,-0.07272040229584265,0.102,,-0.626505430580959,0.22734195226455145,-0.06478479242164159,False,1992-01-01,sec,19,False
ALV.VI,Allianz SE,105,ALV,5231485,0.20231,[],Germany,Financial Services,Insurance - Diversified,Vienna,EUR,417.9,158503731200.0,177535554560.35156,379286270.0,13.701639,,2.5124753,1.3098003,2.706,0.041100000000000005,0.098780006,0.19612,0.50648,0.67,0.25912592968650694,0.2952644879706754,,,,0.1984092323628479,,,,0.18833312402168567,,,0.121,-0.08,-0.08780860364904375,0.14665568134473178,-0.07931262392597493,False,2023-01-01,yahoo,4,False
285A.T,Kioxia Holdings Corporation,106,285A,BMGYJ02,0.080037,[],Japan,Technology,Semiconductors,Tokyo,JPY,17505.0,27964500606976.0,176642814590.41406,1597515021.0,21.0018,,11.969697,8.195768,13.275,0.0,0.3664,0.87108004,0.34845,,3.966183836787179,,,,,,,,,,,,4.155,44.188,-0.4814897525949523,1.2269939314789065,-0.5340284105047591,False,2024-12-01,yahoo,3,False
STX,Seagate Technology Holdings plc,107,STX,BKVD2N4,0.181032,[],Singapore,Technology,Computer Hardware,NasdaqGS,USD,774.825,176189784064.0,176189784064.0,227393014.0,55.74281,13.993236,81.09105,17.198334,46.921,0.0038,0.26108998,3.7152898,1.7988,2.087,2.123623569384061,1.3109694736137376,0.5935260393259065,0.4249741596180445,0.2389263981007801,0.2301499927884365,0.0268664811857644,0.008908453648141634,,1.118244483272116,0.19364597730305189,0.2907797331589086,0.485,1.488,-0.8589842366930377,0.4908723006703968,-0.323296943231441,False,2002-12-01,sec,15,False
DE,Deere & Company,108,DE,2261203,0.207052,[],United States,Industrials,Farm & Heavy Construction Machinery,NYSE,USD,652.58,175952150528.0,175952150528.0,269625412.0,36.274597,28.621038,6.286232,3.7779734,27.762,0.009899999999999999,0.10168,0.18242,2.30298,0.911,0.48537651146798044,0.24519610267815883,0.16144974019461777,0.24488942745000286,0.1703083941166601,-0.045763318851563706,0.0515001521854499,0.046990078629752574,,-0.11168108978498459,0.12667331449691388,0.09920655394773759,0.049,0.074,-0.699103858784508,0.28704964219948353,-0.09517206954882007,False,1985-01-01,sec,19,False
PEP,"PepsiCo, Inc.",109,PEP,2681511,0.166878,[],United States,Consumer Defensive,Beverages - Non-Alcoholic,NasdaqGS,USD,128.34,174894186496.0,174894186496.0,1362741092.0,16.820444,14.588069,7.9334855,1.7862989,11.42,0.0461,0.10785,0.51508,2.3894900000000003,0.361,-0.1031358933345965,-0.04922014575922484,-0.017304073923412266,0.048212714191931294,0.06593104937366712,0.028259092561689236,0.0594397460523417,0.04065189312994777,,-0.025721386919715927,0.029649572726515583,0.04228132757522096,0.064,1.37,-0.3568786556849999,0.16142433787936372,-0.2515745276417074,False,1985-01-01,sec,19,False
CBA.AX,Commonwealth Bank of Australia,110,CBA,6215035,0.08292,[],Australia,Financial Services,Banks - Diversified,ASX,AUD,149.29,249587580928.0,174098492751.35352,1671830607.0,22.722982,22.000385,3.1711874,8.622467,,0.0341,0.37003,0.13857001,,0.799,-0.0972783641550482,0.19670573334546493,0.11431383421111341,0.12038937160965091,0.11280351479787765,0.03744190405401526,,,,0.028139842881534483,,,0.065,0.104,-0.5354127998130895,0.22810867654089514,-0.19559243493722733,False,1991-09-01,yahoo,4,False
BLK,"BlackRock, Inc.",111,BLK,BMZBBT7,0.076634,[],United States,Financial Services,Asset Management,NYSE,USD,1065.35,173094010880.0,173094010880.0,154869259.0,25.499043,16.615244,2.8661246,6.3347797,15.553,0.0215,0.24089001,0.122779995,0.23192000000000002,1.429,0.00380961695773796,0.22935502769295257,0.04953556973802531,0.14837467637935897,0.12959137734034076,0.1065430569599104,,,,0.05964738281661153,,,0.306,0.196,-0.5638453267750319,0.2727767415170444,-0.12671934685312403,False,1999-10-01,sec,4,False
ABBN.SW,ABB Ltd,112,ABBN,7108899,0.239146,[],Switzerland,Industrials,Electrical Equipment & Parts,Swiss,CHF,79.36,143572746240.0,172640166517.17773,1809132299.0,36.403667,26.637682,10.860724,4.046472,20.697,0.011899999999999999,0.14086,0.32575,0.55751,1.008,0.36923490291577843,0.4080372448197114,0.25340908454927424,0.1871765814934836,0.11076009894818584,0.04101688440859852,,,,0.2413217074036278,,,0.142,0.082,-0.9579370132051895,0.23505207598920574,-0.10971505496971057,False,1999-06-01,yahoo,4,False
ABT,Abbott Laboratories,113,ABT,2002305,0.211427,[],United States,Healthcare,Medical Devices,NYSE,USD,98.49,170425450496.0,170425450496.0,1730383296.0,31.770967,16.237497,3.3344617,3.6952538,17.018,0.0256,0.116450004,0.10576,0.63212,0.586,-0.1913144469117063,0.031964526491608414,-0.03516521243316928,0.11616340371955669,0.10026141741172401,0.005127944169646348,0.05075224605174555,0.08067263371960576,,-0.01994625794213245,0.07761317306826498,0.03972016518849841,0.13,-0.475,-0.368277685613266,0.22858262046097713,-0.267732342007435,False,1985-01-01,sec,19,False
T,AT&T Inc.,114,T,2831811,0.175708,[],United States,Communication Services,Telecom Services,NYSE,USD,24.87,170418847744.0,170418847744.0,6852385650.0,8.207921,9.685674,1.5489538,1.3140485,7.418,0.0446,0.16943,0.18339,1.29054,0.431,0.03456050823347567,0.22637068277423977,0.11295260151135444,0.058064889779553264,0.06912178722353013,0.013367419328691454,-0.02560837254106174,-0.015438936707435014,,,,0.0480735607911964,0.023,0.062,-0.6301920033305279,0.2613233107932232,-0.15523097826086962,False,1983-11-01,sec,19,False
NOVO-B.CO,Novo Nordisk A/S,115,NOVOB,BP6KMJ1,0.125756,[],Denmark,Healthcare,Drug Manufacturers - General,Copenhagen,DKK,254.6,1123894820864.0,168379560612.17383,3339483124.0,9.717557,11.60719,5.0948534,3.3629775,7.003,0.046799999999999994,0.35347,0.59815,0.63327,0.344,-0.16714680235021717,-0.2605181174475263,-0.04391284575475396,0.1011218643833054,0.15303250606240848,0.2042851902310494,0.19477432144485918,0.11094314002624994,,0.2264556688832582,0.1944116827525324,0.11381144178301206,0.021,-0.206,-0.7557194002916717,0.385310212685137,-0.3789486522746677,False,2001-01-01,sec,11,False
SU.PA,Schneider Electric S.E.,116,SU,4834108,0.211962,[],France,Industrials,Specialty Industrial Machinery,Paris,EUR,266.2,149950775296.0,167955630112.82617,563301211.0,31.995195,21.557468,6.1191187,3.9264402,21.214,0.0161,0.11270001,0.18620001,0.84124,1.149,0.04828522298194926,0.22497624678055872,0.13322353587325542,0.17687054282843673,0.12781381685675064,0.05518510129741738,,,,0.06185994797721017,,,0.098,0.293,-0.5456378051928465,0.2748653827916543,-0.14761447326288835,False,2000-01-01,yahoo,4,False
3968.HK,"China Merchants Bank Co., Ltd.",117,3968,B1DYPZ5,0.054118,[],China,Financial Services,Banks - Regional,HKSE,HKD,52.2,1316476026880.0,167750976968.27148,4590901172.0,8.080496,7.103927,0.98224676,4.235563,,0.044000000000000004,0.50349,0.11519,,0.462,0.09959247413650907,0.25683070261957286,-0.0028265742728100784,0.1491553765720668,0.12876919768225292,-0.01003338457672287,,,,0.028567302131919714,,,0.033,0.057,-0.7056645573604221,0.38996462164435597,-0.027932960893854775,False,2006-09-01,yahoo,4,False
SCCO,Southern Copper Corporation,118,SCCO,2823777,0.015786,[],United States,Basic Materials,Copper,NYSE,USD,198.66,167737311232.0,167737311232.0,844343686.0,29.650747,26.416288,13.525328,10.979276,17.636,0.022099999999999998,0.35866,0.49897,0.67863,1.125,0.5196822750409047,0.4812029673709455,0.3401838060976965,0.2695215105609121,0.1833304247566745,0.10126643785436218,0.10942157365574934,0.10276097232548032,,0.17997823023110593,0.22516268049933097,0.19395107348953222,0.406,0.716,-0.6769435000575152,0.3904627624055404,-0.10019023462270138,False,1996-01-01,sec,17,False
MCD,McDonald's Corporation,119,MCD,2550707,0.147615,[],United States,Consumer Cyclical,Restaurants,NYSE,USD,236.9,167640268800.0,167640268800.0,707641531.0,19.244516,17.20924,-163.83125,5.8993115,14.548,0.0326,0.3172,,,0.414,-0.19822151134735544,-0.01463421642635987,0.013156930498970931,0.10177245696877679,0.12109006604827055,0.050622752808913374,0.06956327691923625,0.00564664817143945,,0.11502031719255856,0.12601397201133913,0.06576017020704183,0.037,0.057,-0.6938174011352621,0.17688305639484153,-0.30680321872713967,False,1985-01-01,sec,19,False
SCHW,The Charles Schwab Corporation,120,SCHW,2779397,0.175827,[],United States,Financial Services,Capital Markets,NYSE,USD,96.87,167520747520.0,167520747520.0,1729335714.0,17.64481,12.246926,3.8103292,6.494727,,0.0132,0.38793,0.20273,1.5110599999999998,0.753,0.016489345812626066,0.23845773093323963,0.043365944756277974,0.13025195124442535,0.10234327081043748,0.048342956030810846,0.15394612763864335,0.14128961434254372,,0.0825271565713277,0.2256629972858728,0.1995940298313008,0.209,0.426,-0.8105740121998799,0.32574751475218267,-0.1541954073168602,False,1987-09-01,sec,19,False
601138.SS,"Foxconn Industrial Internet Co., Ltd.",121,601138.SS,,,[],China,Technology,Communication Equipment,Shanghai,CNY,56.07,1112658280448.0,166515753000.13672,19844092284.0,23.658228,15.280802,6.2459617,1.004663,18.281,0.0176,0.04265,0.28615,0.61286,1.378,-0.17793967899684926,0.6151289556935304,0.4262471734132478,,,0.20826922312526164,,,,0.20687158272282935,,,0.531,0.912,-0.5527968087122891,0.5696836681957171,-0.33996468510888755,False,2018-06-01,yahoo,4,False
AIR.PA,Airbus SE,122,AIR,4012250,0.092069,[],Netherlands,Industrials,Aerospace & Defense,Paris,EUR,187.16,148133494784.0,165920145515.41602,791480489.0,24.921438,21.512224,5.725123,1.9687803,16.452,0.0171,0.07714,0.23193,0.54988,0.878,-0.10262235670666686,0.16410243902987687,0.13133516218527053,0.14807956584997561,0.13003631243626534,0.0770523357185866,,,,0.07124911811441259,,,0.277,1.258,-0.7392227276433276,0.25800670243803836,-0.15427022141888846,False,2001-09-01,yahoo,4,False
UNP,Union Pacific Corporation,123,UNP,2914734,0.244276,[],United States,Industrials,Railroads,NYSE,USD,278.2,165271814144.0,165271814144.0,594075498.0,22.54457,19.572117,8.505565,6.3622894,14.803,0.0204,0.28847,0.39696,1.50772,0.966,0.2854968362412087,0.12591051409410792,0.051629206479155476,0.14635406461930578,0.1570198439192414,-0.004915242301498868,0.046441301388703726,0.011725721070148243,,0.006624589874804743,0.0594020016062764,0.04108840802472424,0.115,0.066,-0.54730979754315,0.21970292934645128,-0.11959239216430906,False,1985-01-01,sec,19,False
ETN,Eaton Corporation plc,124,ETN,B8KQN82,0.198904,[],Ireland,Industrials,Specialty Industrial Machinery,NYSE,USD,424.51,164879695872.0,164879695872.0,388400000.0,43.18515,26.129965,8.140641,5.5570636,28.254,0.0104,0.12752,0.19684,1.05059,1.168,0.14309341322599023,0.29129762996296815,0.23122169427503803,0.23625298981907195,0.16103787885226328,0.09769979247934413,0.0897718296066381,0.027850735736505206,,0.18386485536636998,0.23649787299006975,0.07556736409327747,0.214,-0.159,-0.6176833570454503,0.26707236472601054,-0.11190376569037663,False,1985-01-01,sec,16,False
RELIANCE.BO,Reliance Industries Limited,125,RELIANCE,6099626,0.026214,[],India,Energy,Oil & Gas Refining & Marketing,BSE,INR,1170.8,15853915471872.0,163915585216.92188,13532472634.0,19.04669,17.730177,1.8064557,1.5474058,13.518,0.0038,0.08122,,0.35651000000000005,0.22,,,,,,0.0639405357459426,,,,0.0658907750634663,,,0.104,0.006,,,-0.27333664349553133,False,2026-10-09,yahoo,4,False
D05.SI,DBS Group Holdings Ltd,126,D05,6175203,0.10657,[],Singapore,Financial Services,Banks - Regional,SES,SGD,73.36,208635871232.0,162907685281.66797,2844000622.0,12.267559,16.478432,3.02316,9.687871,,0.0431,0.49506,0.16165,,0.292,0.5146779080972408,0.45467000235595223,0.290230380409761,0.2503705094932138,0.122059531793963,0.1155050803802724,,,,0.10097816228215328,,,0.068,,-0.6480954002226582,0.16177839430524235,-0.07197975964579373,False,2000-01-01,yahoo,4,False
NEE,"NextEra Energy, Inc.",127,NEE,2328915,0.198659,[],United States,Utilities,Utilities - Regulated Electric,NYSE,USD,77.37,161392148480.0,161392148480.0,2085978209.0,17.386518,17.679157,2.82496,5.5039635,18.937,0.0322,0.32401,0.11677,1.61676,0.644,-0.01948857505947521,0.13307149649928984,0.00787669184145523,0.12091542667084698,0.1271434052188325,0.03903606765713863,0.08701154556137602,0.04668759819022905,,0.17990545345252995,0.17615623721650753,0.06798867306025436,0.124,0.531,-0.4108456289337352,0.2558015400982622,-0.21650632911392398,False,1985-01-01,sec,14,False
COP,ConocoPhillips,128,COP,2685717,0.214123,[],United States,Energy,Oil & Gas E&P,NYSE,USD,134.19,161207484416.0,161207484416.0,1201337479.0,17.77351,13.873482,2.466864,2.3324497,6.197,0.025,0.144,0.1418,0.35639000000000004,0.134,0.5323561563093222,0.0666306027721062,0.16028195762910635,0.15194981061924895,0.09000243452202072,-0.05314358606609759,0.3055795231251637,0.05295080519217499,,-0.24665140538264674,,,0.355,1.07,-0.605132238358269,0.295783296348525,-0.05246434119474652,False,1985-01-01,sec,19,False
WELL,Welltower Inc.,129,WELL,BYVYHH4,0.069794,[],United States,Real Estate,REIT - Healthcare Facilities,NYSE,USD,223.04,160716374016.0,160716374016.0,720572011.0,100.01794,70.13836,3.4546099,12.812338,54.652,0.0152,0.12149999,0.03836,0.41375,0.76,0.2632804776689721,0.41897685692346553,0.25874272399714937,0.1672326403644655,0.1384347579582974,0.2652104292033044,0.12911445752147932,0.08154425219649841,,0.8790139143076268,-0.008732535289915688,0.013615362303889711,0.391,0.356,-0.4847707259882301,0.24011753340522038,-0.12601880877742944,False,1985-01-01,sec,18,False
6501.T,"Hitachi, Ltd.",130,6501,6429104,0.151207,[],Japan,Industrials,Conglomerates,Tokyo,JPY,5669.0,25315279634432.0,159908532235.82812,4465563424.0,32.0536,31.825071,3.867795,2.2291322,13.674,0.01,0.07244,,0.15628,0.538,0.07385922059530659,0.455876369290908,0.35974525813563574,0.28329380347237043,0.13056987184284408,-0.00910026860621349,,,,0.0732032464912904,,,0.2,0.005,-0.8311471513443086,0.2875545361908303,-0.0612684219241596,False,2000-01-01,yahoo,4,False
2308.TW,"Delta Electronics, Inc.",131,2308,6260734,0.072584,[],Taiwan,Technology,Electronic Components,Taiwan,TWD,1965.0,5104172793856.0,159885119880.05078,2597543329.0,62.63946,30.551601,17.378155,7.480633,34.798,0.0059,0.1247,0.29965,0.21213,1.503,1.0114198740510338,0.9252208618678888,0.549095054463423,0.31410110297484306,0.20959006306407812,0.1301175091669009,,,,0.2254086445612693,,,0.477,0.804,-0.6415964235788116,0.4099881527588962,-0.2398452611218569,False,2000-01-01,yahoo,4,False
IBE.MC,"Iberdrola, S.A.",132,IBE,B288C92,0.128873,[],Spain,Utilities,Utilities - Diversified,MCE,EUR,21.36,142538309632.0,159653136585.67188,6673141516.0,28.105265,19.373623,2.7604034,3.124493,13.894,0.0322,0.15883,0.10022,1.0003,0.555,0.22651368238945047,0.3088294716977049,0.20286063132357723,0.17827709076763187,0.09151451453477244,-0.06515503823992697,,,,0.13145827744284144,,,0.098,0.683,-0.6656672271035715,0.15615168583035513,-0.032608695652173836,False,2000-01-01,yahoo,4,False
PBR,Petróleo Brasileiro S.A. - Petrobras,133,PBR,2616580,0.091803,['PBR-A'],Brazil,Energy,Oil & Gas Integrated,NYSE,USD,24.69,159111413760.0,159111413760.0,3721115691.0,6.2348485,5.968569,1.6614599,0.28362623,1.931,0.0679,0.24317,0.30274,0.76067,-0.226,1.1460557168966634,0.3097012861471522,0.5009690589738258,0.21879071828038454,0.0829106629798726,0.028741476435768076,0.03602721304326595,,,-0.2753564263579268,-0.06001105920421579,,0.423,0.968,-0.9403276393068801,0.36110336798240805,-0.006438631790744442,False,2000-08-01,sec,10,False
PFE,Pfizer Inc.,134,PFE,2684703,0.14412,[],United States,Healthcare,Drug Manufacturers - General,NYSE,USD,27.82,158564925440.0,158564925440.0,5699673589.0,36.605263,9.603568,1.8611186,2.5520394,8.456,0.061799999999999994,0.06804,0.05014,0.74253,0.299,0.20486645130767478,0.032665792707450514,-0.0373762960876276,0.03806498075355558,0.049483002964450185,-0.14797605157261928,0.08482737844510346,0.025074703036454205,,-0.3719731171690229,-0.03233335811830729,0.011097431729610197,0.026,,-0.6652834720113066,0.23352027744925244,-0.047586442998972966,False,1985-01-01,sec,19,False
6098.T,"Recruit Holdings Co., Ltd.",135,6098,BQRRZ00,0.081223,[],Japan,Communication Services,Internet Content & Information,Tokyo,JPY,17755.0,24659380666368.0,155765428039.7578,1388869636.0,43.42031,58.669003,13.928133,5.9974427,28.3,0.0015,0.14974,0.36222,0.10003000000000001,0.946,1.2126885619958285,0.5816040378095444,0.17998817771614872,0.2910916475170513,,0.025382314764958336,,,,0.22578146380459074,,,0.189,0.737,-0.5143147758661276,0.4118061625069806,-0.02525391161130941,False,2014-10-01,yahoo,4,False
8316.T,"Sumitomo Mitsui Financial Group, Inc.",136,8316,6563024,0.103094,[],Japan,Financial Services,Banks - Diversified,Tokyo,JPY,3256.0,24506854801408.0,154801970888.7422,7526675588.0,14.599587,10.245115,1.536331,5.3397927,,0.0273,0.27818,0.08569,,0.388,0.6888334013794275,0.4623586377710265,0.4619776038981218,0.2404243776563033,0.061996597522066654,,,,,0.0008851713602817668,0.17459634120620748,,0.248,0.35,-0.8256384406894866,0.21573335533202484,-0.10303030303030303,False,2000-01-01,sec,10,False
DHR,Danaher Corporation,137,DHR,2250870,0.194753,[],United States,Healthcare,Diagnostics & Research,NYSE,USD,217.46,152871354368.0,152871354368.0,702986054.0,38.762924,23.386393,2.9069862,6.203313,22.33,0.0074,0.15948,0.07605,0.5297,0.808,0.021546561696687005,0.049971177679783985,-0.04113113631922538,0.1268727148437232,0.1459767740835185,-0.026665255865112814,0.019706835895877406,0.05462779454135891,,-0.20167062224683519,0.00585691599289917,0.0073920198087185085,0.055,0.597,-0.6250021318582134,0.2230916024460647,-0.10436573311367381,False,1978-12-01,sec,19,False
RIO.L,Rio Tinto Group,138,RIO,0718875,0.146824,['RIO.AX'],United Kingdom,Basic Materials,Other Industrial Metals & Mining,LSE,GBp,7108.0493,115604578304.0,152792832052.77246,1254639382.0,12.923725,11.506372,2.357816,1.845785,5.892,0.0496,0.19584998,0.19312,0.31872,0.664,0.29139701847634036,0.10508628554699917,0.09270578225400627,0.09649294945026776,0.056379995339096434,0.012351170642700415,,,,-0.07004951335466658,,,0.155,0.469,-0.7539038925304441,0.23802643206451155,-0.22035216628276844,False,1988-07-01,yahoo,4,False
TJX,"The TJX Companies, Inc.",139,TJX,2989301,0.283227,[],United States,Consumer Cyclical,Apparel Retail,NYSE,USD,138.75,152621400064.0,152621400064.0,1099974061.0,25.694445,24.032133,14.7386875,2.3437524,17.281,0.0138,0.09729,0.62171,1.3441900000000002,0.593,-0.005788368056583004,0.1756458642497385,0.17709535464762816,0.1568778639956192,0.1741054684286667,0.06530493123671799,0.13439955145745608,0.06911542287187267,,0.16234243572697227,1.2757501547298826,0.09203784697685657,0.054,0.236,-0.644626786375861,0.20529898584792283,-0.18382352941176472,False,1987-06-01,sec,19,False
ABI.BR,Anheuser-Busch InBev SA/NV,140,ABI,BYYHL23,0.056519,[],Belgium,Consumer Defensive,Beverages - Brewers,Brussels,EUR,68.56,135003471872.0,151213577528.5039,1747086877.0,17.22613,15.603689,1.6192645,2.0617437,10.118,0.0168,0.14896,0.11392,0.7188,0.783,0.29592228918998753,0.09684829215412183,0.06521877395156395,-0.023461393900517824,,0.008771575260351216,0.04819203459930921,0.03254426189856585,,0.03720997689485972,0.30943810152830875,-0.015069229685623853,0.11,1.249,-0.6220673265042379,0.2267726000916166,-0.10002625360987139,False,2008-11-01,sec,11,False
RR.L,Rolls-Royce Holdings plc,141,RR.,B63H849,0.147686,[],United Kingdom,Industrials,Aerospace & Defense,LSE,GBp,1372.4,112878460928.0,149189763727.12207,8224894943.0,38.12222,27.335926,40.01166,5.25752,23.44,0.0088,0.13114999,1.14485,1.5173500000000002,1.188,0.2199748544306157,0.8764108802900352,0.6095415015286363,0.1903975843452026,0.11522274756886919,0.16189669115443972,,,,,,,0.206,-0.63,-0.8979300162295114,0.3404001696112549,-0.13467843631778054,False,1988-07-01,yahoo,4,False
BA,The Boeing Company,142,BA,2108601,0.118853,[],United States,Industrials,Aerospace & Defense,NYSE,USD,187.75,148391968768.0,148391968768.0,790370020.0,67.05357,47.077675,24.332556,1.5632843,-60.737,0.0,0.025910001,1.73537,7.90875,1.213,-0.06635569514552708,0.001549530367307872,-0.01942592751948302,0.03658199002593032,0.06095561711653952,0.10333066303739025,0.0899505600378272,-0.007145335328892277,,,,-0.09578453088040151,0.08,,-0.7181927784524257,0.36100679048032924,-0.26184391586396694,False,1985-01-01,sec,19,False
IBKR,"Interactive Brokers Group, Inc.",143,IBKR,,,[],United States,Financial Services,Capital Markets,NasdaqGS,USD,86.47,147328925696.0,147328925696.0,453077771.0,34.31349,26.560797,6.599252,21.752005,,0.004,0.16474001,0.24018998,2.05748,1.37,0.255127049711499,0.6461162819999837,0.3851430945259904,0.27459266713791664,,0.1745052204984654,0.13648119997675012,0.06866114339125606,,0.37321066363864785,0.3822675014163641,0.34983256643298444,0.263,0.353,-0.5963803095415006,0.3307821713084375,-0.1243544303797468,False,2007-05-01,sec,18,False
WDC,Western Digital Corporation,144,WDC,2954699,0.161065,[],United States,Technology,Computer Hardware,NasdaqGS,USD,393.31,147225083904.0,147225083904.0,374323269.0,14.610327,12.2742405,,12.68298,32.68,0.0015,0.72947,1.30853,0.13436,2.182,1.681521604961456,1.369042633149299,0.5917542403002225,0.26238075248904225,0.19688909047390268,0.26932453234748976,-0.05255187314310028,-0.0005786941399366086,,,0.6244154237438853,0.4401287859009666,0.438,9.841,-0.9549090812607297,0.5488855641525524,-0.5082825959218373,False,1978-10-01,sec,16,False
ISRG,"Intuitive Surgical, Inc.",145,ISRG,2871301,0.091126,[],United States,Healthcare,Medical Instruments & Supplies,NasdaqGS,USD,415.41,146755239936.0,146755239936.0,353278038.0,47.63876,34.297985,8.091667,13.027938,32.688,0.0,0.28445998,0.17423001,,1.465,-0.23706767161538067,0.1584446438679079,0.024556248082227894,0.18502029276834864,0.19786448539260704,0.17386716793068868,0.182210329592003,0.36004560542065067,,0.2885966286624042,0.21943679117094828,0.1719016547158736,0.185,0.265,-0.8007945904380969,0.3473032020250584,-0.3120984301516857,False,2000-06-01,sec,19,False
UBSG.SW,UBS Group AG,146,UBSG,BRJL176,0.182806,[],Switzerland,Financial Services,Banks - Diversified,Swiss,CHF,39.82,121918570496.0,146601934302.91602,3061742149.0,17.09013,11.224426,1.6445268,2.2968838,,0.0222,0.17949,0.10672,,0.832,0.32075267892331216,0.26936336560734997,0.2256338173541974,0.14719117551370586,-0.005943872311833687,0.1243999293442164,,,,0.005993628451029354,,,0.146,0.206,-0.8700702388650199,0.27689804218623065,-0.11589698046181174,False,1995-08-01,yahoo,4,False
SAF.PA,Safran SA,147,SAF,B058TZ6,0.016955,[],France,Industrials,Aerospace & Defense,Paris,EUR,315.5,130735570944.0,146433222187.1836,414375800.0,33.88829,24.307938,9.012998,4.069818,22.171,0.0108,0.11564,0.2749,0.33744999999999997,0.97,0.052326444756604085,0.31053949645212375,0.23690094274558504,0.18943438643842958,0.1746370162886015,0.16901019504039083,,,,,,,0.16,-0.651,-0.9129177076707615,0.2486207937431003,-0.13915416098226463,False,2000-01-01,yahoo,4,False
0883.HK,CNOOC Limited,148,0883.HK,,,[],Hong Kong,Energy,Oil & Gas E&P,HKSE,HKD,23.9,1135965896704.0,144749608108.21094,44539953984.0,7.3312883,6.674335,1.133666,2.6371891,3.235,0.062,0.31935,0.1681,0.0793,0.379,0.26198101674637475,0.31432942094525584,0.3458696533609398,0.17768698363007518,0.12813910213944557,-0.02694423876149865,,,,-0.048459534970900386,,,0.256,0.429,-0.6027770271372352,0.2745866322193819,-0.22853453841187865,False,2004-03-01,yahoo,4,False
NOW,"ServiceNow, Inc.",149,NOW,B80NXX8,0.090406,[],United States,Technology,Software - Application,NYSE,USD,139.75,144482222080.0,144482222080.0,1033862000.0,87.34375,27.919233,11.543862,9.667718,50.471,0.0,0.11336,0.14244,0.67538,0.972,-0.23968334168479266,0.06307731081373191,0.0003766888830107895,0.2304412344463258,,0.22376517864742618,0.24056083043090437,0.5583588069921459,,0.7520749850690194,0.7115866616563231,,0.24,-0.219,-0.5834905638311921,0.38599601285408075,-0.275779152804121,False,2012-06-01,sec,16,False
BBVA.MC,"Banco Bilbao Vizcaya Argentaria, S.A.",150,BBVA,5501906,0.13757,[],Spain,Financial Services,Banks - Diversified,MCE,EUR,23.36,128479600640.0,143906373538.51074,5499983056.0,12.425532,9.967486,2.2892983,3.9413283,,0.04,0.32562,0.18924,,0.89,0.4140607153567941,0.5450739231171968,0.39031636011522264,0.19537472579306248,0.06600797431839078,,,,,0.18050153482020548,0.4011814110042,0.12827658091782546,0.202,0.152,-0.7401962296406432,0.2814392392165325,-0.08642940946421596,False,2000-01-01,sec,11,False
UBER,"Uber Technologies, Inc.",151,UBER,BK6N347,0.103469,[],United States,Technology,Software - Application,NYSE,USD,70.24,143469412352.0,143469412352.0,2042560121.0,15.403508,15.8870535,5.2457056,2.5105288,19.945,0.0,0.17345,0.3716,0.51872,1.159,-0.2837418928065998,0.16892722904875135,0.09549439784735458,,,0.17730580736694201,0.3610053095492587,,,,,,0.122,0.855,-0.6264378507674004,0.38643639510918704,-0.30004982561036375,False,2019-05-01,sec,9,False
6758.T,Sony Group Corporation,152,6758,6821506,0.17631,[],Japan,Technology,Consumer Electronics,Tokyo,JPY,3814.0,22267813691392.0,140658663657.35156,5838440709.0,20.474554,20.818777,2.6761718,1.7435938,10.668,0.009399999999999999,-0.01746,0.13159999,0.21318,0.763,-0.1285235381059473,0.15437165446182943,0.0806813725500024,0.1950137066570643,0.07858902061663997,0.09305722538118655,,,,0.09295278060264,,,0.082,0.476,-0.9453307483952511,0.2660517528399762,-0.20142378559463991,False,2000-01-01,sec,5,False
9983.T,"Fast Retailing Co., Ltd.",153,9983,6332439,0.0404,[],Japan,Consumer Cyclical,Apparel Retail,Tokyo,JPY,71780.0,22026379067392.0,139133598285.28125,306859565.0,42.414394,52.44201,8.072656,5.9544363,26.854,0.012,0.1351,0.22481,0.28419,0.502,0.3322909916845689,0.325817070809451,0.2551545622947946,0.2134055630445535,0.17502045038211822,0.139032296803147,,,,0.16573783863791358,,,0.222,0.391,-0.8229575345541718,0.26636411996010456,-0.19066411094824676,False,2000-01-01,yahoo,4,False
FTNT,"Fortinet, Inc.",154,FTNT,B5B2106,0.045665,[],United States,Technology,Software - Infrastructure,NasdaqGS,USD,189.1,138745266176.0,138745266176.0,733713653.0,66.81979,50.05599,89.45128,17.760454,49.795,0.0,0.28173,1.17442,0.36194000000000004,1.037,1.208417020144478,0.49419580196021307,0.23183549409422066,0.4040152676720612,,0.15461947760091377,0.21252104718544174,0.29008259824963023,,0.2930493329543207,0.3056384118164095,0.7240884705683821,0.256,0.439,-0.4105572282477763,0.4039747172287683,-0.017202848084818867,False,2009-11-01,sec,17,False
ENR.DE,Siemens Energy AG,155,ENR,BMTVQK9,0.073827,[],Germany,Industrials,Specialty Industrial Machinery,XETRA,EUR,145.08,123441111040.0,138262903580.35645,850848567.0,47.103897,23.28474,11.507893,2.9593847,24.595,0.0049,0.064330004,0.27749002,0.26488,1.868,0.33023158265666885,1.5732298828497027,0.42035159931264965,,,0.1044586181301701,,,,,,,0.175,0.8,-0.7307783255941933,0.5224721892927139,-0.24303454033183758,False,2020-09-01,yahoo,4,False
300308.SZ,"Zhongji Innolight Co., Ltd.",156,300308,BFFJRM7,0.019368,[],China,Technology,Communication Equipment,Shenzhen,CNY,775.29,906883563520.0,135720375353.85742,1115234641.0,42.365574,11.659241,21.691893,14.598926,35.462,0.0018,0.31356,0.64619005,0.04074,1.518,0.7117916558283883,1.1022465396393009,0.9011622842960227,0.46003653831921,,0.5828985815475984,,,,1.0662286751136283,,,1.746,2.274,-0.5950925624824055,0.7285598665870249,-0.45281886962904416,False,2012-04-01,yahoo,4,False
BX,Blackstone Inc.,157,BX,BKF2SL7,0.036048,[],United States,Financial Services,Asset Management,NYSE,USD,112.68,134686154752.0,134686154752.0,750625114.0,25.208055,15.185124,9.999112,8.556365,,0.0464,0.22728,0.31374002,0.6818500000000001,1.587,-0.21331905990551348,0.09396523483846253,-0.010932647316632793,0.2131847734029253,,0.19266447326106007,0.1881786947813986,0.12014566113098901,,0.26473654057678275,0.21737121758483657,0.1404685877779175,0.286,0.573,-0.8272103605346445,0.3833003662838331,-0.3227958410962196,False,2007-06-01,sec,18,False
DTE.DE,Deutsche Telekom AG,158,DTE,5842359,0.092108,[],Germany,Communication Services,Telecom Services,XETRA,EUR,25.05,119804387328.0,134189512019.7627,4782610264.0,14.152542,9.786571,2.001758,1.0285101,6.926,0.0371,0.07013,0.15063,1.65297,0.325,0.03283223806165081,0.13062343331797766,0.1452700306512913,0.10095838488512276,0.08697404183727353,0.013704139638359258,,,,0.06294625868206527,,,0.043,-0.05,-0.895644160982415,0.21907261646470563,-0.27095459837019786,False,1996-11-01,yahoo,4,False
CB,Chubb Limited,159,CB,B3BQMF6,0.224498,[],Switzerland,Financial Services,Insurance - Property & Casualty,NYSE,USD,343.78,132630282240.0,132630282240.0,385799859.0,12.177825,11.759611,1.7589153,2.0272944,9.944,0.011899999999999999,0.18070999,0.14822,0.30940999999999996,0.382,0.2167815408275302,0.17134930915678148,0.12793377230702285,0.12061264036646957,0.11424978295799182,0.11288770019516936,0.10538658845136739,0.12081638632422931,,0.26510334376495437,0.24627112216078895,0.14124961784808554,0.061,-0.007,-0.561092465165842,0.18410721891117512,-0.06047935284632844,False,1993-03-01,sec,19,False
ULVR.L,Unilever PLC,160,ULVR,BVZK7T9,0.120664,[],United Kingdom,Consumer Defensive,Household & Personal Products,LSE,GBp,4652.5,100193411072.0,132424124159.35254,2153539141.0,12.608401,15.932378,7.297161,1.9251392,11.715,0.035699999999999996,0.18319,0.31869,1.7539699999999998,0.453,-0.05824322830920836,0.036046778552144776,0.020435547986947133,0.024062864486185775,0.06223168323354766,-0.05620149429302945,-0.0008729049796374344,-0.005323591628209168,,0.06579780909250066,0.10513373445686969,0.06649157516719617,0.005,-0.056,-0.9795480192924324,0.18161657918154353,-0.16051828635664034,False,1988-07-01,sec,11,False
GLW,Corning Incorporated,161,GLW,2224701,0.129774,[],United States,Technology,Electronic Components,NYSE,USD,152.83,131645980672.0,131645980672.0,861388331.0,70.10551,34.9599,11.024309,7.791671,34.245,0.0073,0.111999996,0.16813,0.7144799999999999,1.151,0.8487019503680655,0.8653575211784417,0.39061935720283847,0.24905504790896482,0.13321751950524252,0.03274507876886834,0.06695841428340232,0.05544720574509321,,0.07918269693961322,0.27206496747105513,0.025972749643311754,0.166,0.185,-0.9852746439862475,0.4581747780222779,-0.4376701744057693,False,1985-01-01,sec,19,False
MPC,Marathon Petroleum Corporation,162,MPC,B3K3L40,0.199822,[],United States,Energy,Oil & Gas Refining & Marketing,NYSE,USD,463.34,130117345280.0,130117345280.0,280824763.0,16.043629,8.950508,6.8734603,0.7488848,9.366,0.0086,0.05549,0.42099,1.33328,0.527,1.3007381613481206,0.45674101042252935,0.4953198616875212,0.2985877313303793,,-0.09232974945771899,0.13717834715373045,0.0629742980674104,,-0.34682122367008994,,0.03565802713832067,0.537,3.48,-0.696670781596491,0.3189343307913109,-0.00963984182964639,False,2011-06-01,sec,17,False
UCG.MI,UniCredit S.p.A.,163,UCG,BYMXPS7,0.162679,[],Italy,Financial Services,Banks - Regional,Milan,EUR,76.44,115267936256.0,129108361243.65137,1507953015.0,10.95129,9.090402,1.6263485,4.7224064,,0.0418,0.43967998,0.15779,,1.059,0.32238730236929225,0.5848438706100727,0.558364266770544,0.25615733394459417,-0.01059174685851938,0.059768624714767515,,,,0.1911740759990883,,,-0.092,-0.105,-0.9999625870001789,0.32823903978363306,-0.11548252719277952,False,2000-01-01,yahoo,4,False
VLO,Valero Energy Corporation,164,VLO,2041364,0.169558,[],United States,Energy,Oil & Gas Refining & Marketing,NYSE,USD,443.8,127782199296.0,127782199296.0,287927461.0,18.499374,10.287746,5.1111364,0.84273624,8.846,0.0108,0.05446,0.27637,0.40148000000000006,0.568,1.5743646160479225,0.5399006476123522,0.45182905520882666,0.2660549196526887,0.14897989885989005,-0.11397235202184985,0.13578129304273,,,-0.4114859917259719,,-0.05452257345461564,0.517,4.535,-0.7757831965231284,0.3296638650166111,-0.0060025085110195775,False,1985-01-01,sec,10,False
VRTX,Vertex Pharmaceuticals Incorporated,165,VRTX,2931034,0.062073,[],United States,Healthcare,Biotechnology,NasdaqGS,USD,503.25,127554215936.0,127554215936.0,253460924.0,29.309843,24.891642,6.2968435,10.20392,24.03,0.0,0.34997,0.23542999,0.09766999999999999,0.32,0.1891345478682389,0.11795834859068943,0.22303983610671718,0.20899652025565718,0.13443920011592647,0.10352183400647985,0.14100488310526438,0.282061209877589,,0.05970028920376569,0.0783045285460422,,0.125,0.08,-0.9072059033440751,0.25405800811077,-0.10174029451137889,False,1991-07-01,sec,18,False
ACN,Accenture plc,166,ACN,B4BNMY3,0.10908,[],Ireland,Technology,Information Technology Services,NYSE,USD,208.36,127504252928.0,127504252928.0,611942109.0,15.365781,13.101057,3.9339187,1.5350329,8.656,0.032799999999999996,0.10656,0.24406,0.25035,1.092,-0.1991843675500089,-0.11424359425601993,-0.09940240279754953,0.07061706744462248,0.11300029164618897,0.04193654176414818,0.09465969836955224,0.0778735399214352,,0.03741924615215764,0.08494339408259455,0.09659513656120122,0.056,0.09,-0.6787348352544091,0.3579461555181072,-0.28420763337799293,False,2001-07-01,sec,18,False
PGR,The Progressive Corporation,167,PGR,2705024,0.107056,[],United States,Financial Services,Insurance - Property & Casualty,NYSE,USD,218.73,126950891520.0,126950891520.0,580400000.0,10.969408,13.365009,3.7014537,1.3452266,8.37,0.0018,0.12849,0.34943,0.24428,0.259,0.1018854173083481,0.1381272227514776,0.20202554973021192,0.24481546580418745,0.15204331846335806,0.208999143106122,0.15497049664906393,0.15442859499631134,,1.5339633650036189,0.14773776457869814,0.24463026399519916,0.073,0.05,-0.6478488727609153,0.23585093152569497,-0.10286698658791682,False,1985-01-01,sec,19,False
PLD,"Prologis, Inc.",168,PLD,B44WZD7,0.205959,[],United States,Real Estate,REIT - Industrial,NYSE,USD,129.29,125681688576.0,125681688576.0,950333372.0,28.73111,38.787037,2.2479353,13.069291,23.888,0.0331,0.43575,0.07749,0.63823,1.316,0.06593537729144483,0.1191653135213846,0.004958113876010639,0.12559411861387693,0.07461613942051337,0.13741104437395912,0.14642906074406925,,,-0.003630232567628733,0.17663376594116476,0.14433746181653762,0.123,0.853,-0.8101981104947098,0.2972286268621184,-0.15689598956635153,False,1997-11-01,sec,10,False
8411.T,"Mizuho Financial Group, Inc.",169,8411,6591014,0.109995,[],Japan,Financial Services,Banks - Regional,Tokyo,JPY,8214.0,19882871619584.0,125593746671.34375,2420607718.0,14.653465,24.400677,1.736332,4.3975396,,0.018000000000000002,0.29136,0.124919996,,0.385,0.7133014127107762,0.5498576989809514,0.47211547118522224,0.22039062642789586,0.03689047576050841,0.118118516861345,0.08557062836536011,-0.08606193231081882,,2.390292112306086,0.10142213193025862,0.045465406165963396,0.35,0.497,-0.8758193171154263,0.22219168981045334,-0.07738964394024483,False,2003-03-01,sec,18,False
6861.T,Keyence Corporation,170,6861,6490995,0.03495,[],Japan,Technology,Scientific & Technical Instruments,Tokyo,JPY,80540.0,19532974391296.0,123383557686.0,242525136.0,43.876663,43.129715,5.5041986,15.786511,,0.0069,0.39224,,,1.017,0.433796266714104,0.12715658952662645,0.04188077605560392,0.16074746887838454,0.15022021784962525,0.08225783164030309,,,,0.07043275268619209,,,0.328,0.51,-0.4785148774099025,0.28639427674566315,-0.08393994540491356,False,2001-01-01,yahoo,4,False
COF,Capital One Financial Corporation,171,COF,2654461,0.225288,[],United States,Financial Services,Credit Services,NYSE,USD,199.4,122328875008.0,122328875008.0,613484836.0,12.80668,8.363266,1.1879017,2.462034,,0.016,0.21867001,0.09031,,1.016,-0.10233168314035646,0.26219279274939944,0.0705560034792081,0.12076073512490204,0.06277712946287295,0.14172449692766254,0.16622927552384348,-0.10112650861350869,,-0.32348290898139276,-0.016898383235828263,-0.055782529635805655,11.11,,-0.8536398293431832,0.3050103836075712,-0.23201355723309192,False,1994-11-01,sec,18,False
1088.HK,China Shenhua Energy Company Limited,172,1088,B09N7M0,0.014659,[],China,Energy,Thermal Coal,HKSE,HKD,44.22,959106777088.0,122213466548.80469,3377482000.0,14.357143,13.551727,1.7842735,3.036778,10.812,0.0535,0.17742,0.12687999,0.29203,0.395,0.10130917297862219,0.29848013798667683,0.31968890555666674,0.21742754375214424,0.12987934382339894,-0.05051267911068136,,,,-0.08789946999693321,,,0.124,0.107,-0.7100305393281472,0.24627326820574086,-0.1088270858524788,False,2005-06-01,yahoo,4,False
NEM,Newmont Corporation,173,NEM,2636607,0.128645,['NEM.AX'],United States,Basic Materials,Gold,NYSE,USD,115.55,121754148864.0,121754148864.0,1053692271.0,14.571249,11.393734,3.4720554,4.689211,6.893,0.009000000000000001,0.33363998,0.25905,0.15807000000000002,0.543,0.4015121916173847,0.47012793575853085,0.19024931723267446,0.14532016082690458,0.0667907997305599,0.23911830284606483,0.14543267087660494,0.1405574824801863,,,0.2075788933180942,0.3829864889855841,0.151,0.114,-0.7684812583320366,0.39379287087707987,-0.14590878852834643,False,1985-01-01,sec,15,False
NET,"Cloudflare, Inc.",174,NET,BJXC5M2,0.07624,[],United States,Technology,Software - Infrastructure,NYSE,USD,341.89,121740099584.0,121740099584.0,322618775.0,,203.97462,75.10765,49.747837,-34446.133,0.0,-0.082100004,-0.14425999,2.17858,1.664,0.38598861130693063,0.8359897709077766,0.12508273317656293,,,0.30510334305337783,0.38134445310176823,,,,,,0.359,,-0.7753184073247202,0.6006219766150114,-0.07684622654245998,False,2019-09-01,sec,9,False
BMY,Bristol-Myers Squibb Company,175,BMY,2126335,0.121399,[],United States,Healthcare,Drug Manufacturers - General,NYSE,USD,59.58,121704939520.0,121704939520.0,2042714656.0,13.123348,9.016057,5.453547,2.5914974,8.529,0.042300000000000004,0.18871,0.46598998,2.01859,0.227,0.34449224854033056,0.09840791549365457,0.04542858297213814,0.05212867300460822,0.08470255924419656,0.014484759937722913,0.025378080148594995,0.8423024072036782,,0.03598896756577896,,0.15772205200673817,0.057,1.531,-0.6861059759847203,0.24878324568682075,-0.13199300699300698,False,1985-01-01,sec,19,False
AI.PA,L'Air Liquide S.A.,176,AI,B1YXBJ7,0.032804,[],France,Basic Materials,Specialty Chemicals,Paris,EUR,169.58,108219850752.0,121213999646.80957,638163975.0,30.554955,23.645554,4.070278,4.0376773,16.295,0.02,0.13087,0.13967,0.63307,0.612,0.1254193656177427,0.1001778889297904,0.1123129707477637,0.13625237290323788,0.1068337942200861,-0.034515393779226855,,,,0.0843956270456756,,,0.008,0.007,-0.3647473938113449,0.16378660655679805,-0.06957094260945895,False,2000-01-01,yahoo,4,False
SNOW,Snowflake Inc.,177,SNOW,BN134B7,0.065622,[],United States,Technology,Software - Application,NYSE,USD,343.4,121151520768.0,121151520768.0,352800000.0,,114.2686,56.30431,22.200903,-116.708,0.0,-0.20071,-0.48063,1.2856999999999998,1.328,0.22765263014178072,0.32466368648914035,-0.009465546413862103,,,0.313765188615279,0.5123448979623488,,,,,,0.351,,-0.6771704597016429,0.5294259383449178,-0.10703141252340342,False,2020-09-01,sec,8,False
CFR.SW,Compagnie Financière Richemont SA,178,CFR,BCRWZ18,0.155123,[],Switzerland,Consumer Cyclical,Luxury Goods,Swiss,CHF,170.45,100214423552.0,120503613830.1582,534182089.0,30.4375,21.367277,4.463595,4.576074,18.981,0.0196,0.1554,0.14961,0.55981,1.072,0.11203764083063739,0.1990973199484869,0.11653754110530845,0.1311725793548577,0.09549138343160957,0.039622815422160285,,,,1.2327731602026692,,,0.042,-0.272,-0.7144697999854905,0.3083133550547805,-0.15702274975272013,False,1995-04-01,yahoo,4,False
BKNG,Booking Holdings Inc.,179,BKNG,BDRXDB4,0.200011,[],United States,Consumer Cyclical,Travel Services,NasdaqGS,USD,159.97,120198332416.0,120198332416.0,751380500.0,17.735033,12.923453,-11.244904,4.4699354,12.112,0.0105,0.25527,,,1.068,-0.21838450685786026,0.13012841780971685,0.10714899441646875,0.10571955968976687,0.2588903569664649,0.1634869878187224,0.3169056376027688,0.11304006434987146,,0.2089990318707129,1.4681563403912343,0.07793943372148382,0.081,1.3,-0.9919938417674751,0.306809889675309,-0.275517875420052,False,1999-03-01,sec,18,False
2318.HK,"Ping An Insurance (Group) Company of China, Ltd.",180,2318,B01FLR7,0.041626,[],China,Financial Services,Insurance - Life,HKSE,HKD,51.85,938881187840.0,119636235906.66992,7447576912.0,5.5752687,4.822749,0.7815075,0.9504008,-0.798,0.0613,0.16158001,0.13104999,1.19521,0.564,-0.03179434668242731,0.15356754655491023,0.04297885150903924,0.06853156220539991,0.09802948336589767,0.06698485589880865,,,,0.06681286200386016,,,0.086,0.526,-0.7239666586185673,0.38596613381361444,-0.3058902275769746,False,2004-06-01,yahoo,4,False
PH,Parker-Hannifin Corporation,181,PH,2671501,0.182148,[],United States,Industrials,Specialty Industrial Machinery,NYSE,USD,946.96,119423418368.0,119423418368.0,126112415.0,33.449665,23.963491,7.7519917,5.604461,22.717,0.0084,0.16968,0.25076,0.5666,1.123,0.26870063675874944,0.39523997104740616,0.28414392205490424,0.2484354944983751,0.1728212096920354,0.04086358943321322,0.0842453236413565,0.06586233165162625,,0.2053740937142421,0.1587697344166985,0.16285814967903067,0.098,0.193,-0.598967921838577,0.2633573470764552,-0.13908031347164396,False,1985-01-01,sec,19,False
MO,"Altria Group, Inc.",182,MO,2692632,0.081015,[],United States,Consumer Defensive,Tobacco,NYSE,USD,71.42,119253106688.0,119253106688.0,1669743926.0,15.0357895,12.176368,-44.693363,5.468076,8.503,0.0622,0.38999,,,0.494,0.3151862423189886,0.29238187892141543,0.1824715564441366,0.0764825556143609,0.13436927218271233,-0.024741064227067344,-0.023013503096606436,-0.00881444250269936,,0.06398116507928453,0.09209782722277526,0.028244826287395997,0.012,-0.027,-0.6162277478011323,0.22344082358991835,-0.07318972229431608,False,1985-01-01,sec,19,False
BP.L,BP p.l.c.,183,BP.,0798059,0.091483,[],United Kingdom,Energy,Oil & Gas Integrated,LSE,GBp,581.9,89924198400.0,118851460255.15137,15453548807.0,23.276001,8.987986,2.0826426,0.39845765,3.57,0.042800000000000005,0.02549,0.08868,0.95123,-0.22,0.2839275935852197,0.04185557138023355,0.10191966463700708,0.01667714867935577,-0.0008067166396621417,-0.07777687020784252,,,,,,,0.482,1.389,-0.7070706308261474,0.2759480567163789,-0.045126353790613694,False,1988-07-01,yahoo,4,False
BATS.L,British American Tobacco p.l.c.,184,BATS,0287580,0.055984,[],United Kingdom,Consumer Defensive,Tobacco,LSE,GBp,4179.0,89893552128.0,118810955538.47461,2151077937.0,14.360825,10.805429,1.9462557,3.3174427,10.626,0.058899999999999994,0.24992001,0.13424,0.72154,0.114,0.044165330779629475,0.18491138781069694,0.09936476871355815,-0.013354174656179052,0.05435260687233989,-0.025282780251305703,-0.0012913507327704243,0.074051385072061,,0.04288123980828096,0.034176291955077875,0.05555554183777889,0.014,-0.286,-0.6059283476615773,0.2085975976358041,-0.22149776453055137,False,1995-01-01,sec,11,False
SPGI,S&P Global Inc.,185,SPGI,BYV2325,0.148566,[],United States,Financial Services,Financial Data & Stock Exchanges,NYSE,USD,402.73,118724804608.0,118724804608.0,294800000.0,24.51187,19.94495,3.7689393,7.2131095,16.338,0.0096,0.30536,0.14255,0.42979999999999996,1.077,-0.13860237475182968,0.06855528445423165,-0.017538499917795547,0.14105424250363452,0.11734845452115428,0.11107613003386319,0.15559189413444585,0.1118270307328566,,0.11024602990789334,0.13722941796819565,0.14285933095092296,0.104,0.177,-0.7058384473264292,0.24023312910964434,-0.22917950155304834,False,1973-02-01,sec,19,False
ISP.MI,Intesa Sanpaolo S.p.A.,186,ISP,4076836,0.103934,[],Italy,Financial Services,Banks - Regional,Milan,EUR,6.125,105914105856.0,118631399882.83594,17292100338.0,10.9375,9.388988,1.5664961,4.1908884,,0.06269999999999999,0.36964,0.14261,,0.844,0.1996952890103636,0.48054995572253234,0.3022468684909412,0.19225535273092653,0.06799466420328493,0.09777253788359408,,,,0.2863599819757332,,,0.064,0.139,-0.7809293935209369,0.2492689142658422,-0.1170534813319879,False,1995-03-01,yahoo,4,False
LMT,Lockheed Martin Corporation,187,LMT,2522096,0.192841,[],United States,Industrials,Aerospace & Defense,NYSE,USD,507.89,117216321536.0,117216321536.0,230790753.0,18.720606,15.554628,13.322753,1.5260886,13.872,0.027200000000000002,0.08163,0.89165,2.34238,0.104,0.062985824764074,0.06685995434057235,0.11884757209711871,0.1041684286200677,0.12475527021166122,0.043838941337237536,0.027909621535260998,0.29476493163207085,,-0.04343906714672796,-0.059916270791933846,0.033603290398816155,0.105,4.438,-0.6877478311411533,0.26078853993947104,-0.2660549132947977,False,1985-01-01,sec,19,False
BHARTIARTL.NS,Bharti Airtel Limited,188,BHARTI,6442327,0.036174,[],India,Communication Services,Telecom Services,NSE,INR,1805.1,11261401104384.0,116433013387.93066,6238008259.0,37.73202,21.962448,6.956632,5.046227,11.05,0.013300000000000001,0.1314,0.20151,1.00415,0.007,-0.09620269824602279,0.2721632774875251,0.2262533012456429,0.21124897059912073,0.11264479891407708,0.14882310633383145,,,,0.4733977446458364,,,0.184,0.351,-0.5017060191024929,0.18868116214461428,-0.1698781329041159,False,2002-07-01,yahoo,4,False
PSX,Phillips 66,189,PSX,B78C4Y8,0.070857,[],United States,Energy,Oil & Gas Refining & Marketing,NYSE,USD,281.6,112903299072.0,112903299072.0,400935020.0,16.091429,10.489756,3.5664532,0.6962026,12.403,0.018000000000000002,0.046609998,0.23452999,0.62884,0.704,1.0796274498795326,0.3854488554506006,0.34537421272711555,0.17275408812177817,,-0.0799841840778086,0.15598169539945306,0.02950479648670501,,-0.2638409420763389,,0.004024868832447348,0.531,3.449,-0.5870899707113426,0.3184295270335802,-0.003679592414378541,False,2012-04-01,sec,16,False
HDFCBANK.NS,HDFC Bank Limited,190,HDFCB,BK1N461,0.034058,[],India,Financial Services,Banks - Regional,NSE,INR,707.25,10904719589376.0,112745239262.20605,15418479370.0,15.459017,11.291964,1.7959032,3.6841536,,0.018799999999999997,0.26787,0.13838,,0.412,-0.27659798547925984,-0.0019601928289110226,-0.01044209648455885,0.09366987085534273,0.15043817309175944,0.296534284843468,0.23448022076240127,0.18242383220395197,,0.16399758781074825,0.18399531147140036,0.17537291921873566,0.166,0.181,-0.4826838708664223,0.1869701228526108,-0.3069573738363547,False,1996-01-01,sec,16,False
CVS,CVS Health Corporation,191,CVS,2577609,0.146803,[],United States,Healthcare,Healthcare Plans,NYSE,USD,87.8,112293601280.0,112293601280.0,1278970369.0,23.105265,10.287234,1.407841,0.26559144,10.32,0.030299999999999997,0.011849999,0.06205,0.95503,0.58,0.14421506431982456,0.1206704790763784,0.02807744657406963,0.03478421969819112,0.07532255673448773,0.0763108477649228,0.08393742925077285,0.1012310814074806,,-0.25703547214189293,-0.2446877707843459,-0.10290183429068156,0.071,1.888,-0.6237342191862785,0.31761275981020515,-0.20672208167690642,False,1985-01-01,sec,19,False
MDT,Medtronic plc,192,MDT,BTN1Y11,0.164747,[],Ireland,Healthcare,Medical Devices,NYSE,USD,87.75,112244350976.0,112244350976.0,1279137890.0,21.560196,13.679837,2.2361245,2.940089,12.522,0.032799999999999996,0.13934,0.106479995,0.55365,0.574,0.001023745203570403,0.11170820675987003,-0.029642819289901423,0.03389662552563566,0.054098464482366326,0.05207603643755454,0.038417474974348664,0.02347722211340386,,0.08527963390050353,0.059092499740187376,0.031767457522535514,0.137,0.407,-0.4791509242941555,0.23432678959533831,-0.17473902003197594,False,1985-01-01,sec,14,False
2899.HK,Zijin Mining Group Company Limited,193,2899,6725299,0.033648,[],China,Basic Materials,Gold,HKSE,HKD,32.94,875900829696.0,111611010689.68945,5989005101.0,11.891696,8.639015,3.6344554,2.2771072,7.869,0.0294,0.18014999,0.36556998,0.60278,0.992,0.03278549097549455,0.42182365313330283,0.275004100646848,0.33030338704161477,0.15790840376095217,0.08895616249219196,,,,0.3721424266296107,,,0.078,0.443,-0.8247720715972877,0.40215764321965064,-0.29885057471264365,False,2003-12-01,yahoo,4,False
PDD,PDD Holdings Inc.,194,PDD,BYVW0F7,0.04235,[],Ireland,Consumer Cyclical,Internet Retail,NasdaqGS,USD,78.26,111395012608.0,111395012608.0,1423396462.0,8.803149,6.3541045,1.6498586,0.24345559,-3.487,0.0,0.20426,0.22745001,0.010820000000000001,-0.053,-0.42321719491123877,-0.08448677588265185,-0.02631883223548559,,,0.48312079914051465,0.46607559284264743,,,0.45177262442563393,,,0.081,-0.112,-0.7742443798968737,0.5469403951733923,-0.4386342443153288,False,2018-07-01,sec,8,False
BMO.TO,Bank of Montreal,195,BMO,2076009,0.086329,[],Canada,Financial Services,Banks - Diversified,Toronto,CAD,228.42,158772969472.0,111187883735.15723,695092237.0,18.616137,13.874117,1.8740308,4.6116657,,0.029900000000000003,0.2566,0.10574,,1.128,0.3653897646028994,0.3547777862648418,0.16222405740002288,0.15116385133424015,0.11048331289650593,0.024736562453339106,0.07569029385907622,,,-0.13619774079971125,0.11349984369894228,,0.12,-0.242,-0.5605375196959919,0.20157850932339416,-0.11875000000000002,False,1995-01-01,sec,10,False
BNP.PA,BNP Paribas SA,196,BNP,7309681,0.114694,[],France,Financial Services,Banks - Regional,Paris,EUR,90.27,98935914496.0,110815324743.49023,1096000000.0,8.03829,6.790429,0.82378167,1.9821913,,0.0724,0.26490998,0.104770005,,1.035,0.4517542293457075,0.2817105479418751,0.17789644131519577,0.11899290929399986,0.051528707802731555,0.06179301744914922,,,,0.07473223714308852,,,0.169,0.374,-0.6935356729976705,0.3005287516115283,-0.20690564048497628,False,1993-10-01,yahoo,4,False
2317.TW,"Hon Hai Precision Industry Co., Ltd.",197,HHPD,BG0V275,0.149289,[],Taiwan,Technology,Electronic Components,Taiwan,TWD,249.0,3492764188672.0,109408721760.1211,14027166000.0,16.54485,10.766953,1.8304517,0.3822426,8.497,0.0288,0.022850001,0.13152,0.64059,0.871,0.007789758971324057,0.41905959293985684,0.2323373901779644,0.13284881735406917,0.08600345560288125,0.06932954277215986,,,,0.10202197342011932,,,0.408,0.342,-0.7180350836919088,0.3470582563105577,-0.20700636942675155,False,1993-01-01,yahoo,4,False
MCK,McKesson Corporation,198,MCK,2378534,0.169764,[],United States,Healthcare,Medical Distribution,NYSE,USD,930.25,108458180608.0,108458180608.0,116590363.0,24.932993,18.434902,-25.450045,0.24221443,15.432,0.004,0.01117,,,0.307,0.14644208472989928,0.27266328619145863,0.35536501205404036,0.22901293041841364,0.1658200846460276,0.13391523079521161,0.11110493647209152,0.07770492194444545,,0.11063037694573508,,0.08239880273582267,0.077,-0.176,-0.8177594006028246,0.24623729574891287,-0.0688188188188188,False,1994-11-01,sec,19,False
ITUB,Itaú Unibanco Holding S.A.,199,ITUB,2849739,0.050353,[],Brazil,Financial Services,Banks - Regional,NYSE,USD,9.83,108344999936.0,108344999936.0,5404129565.0,12.602565,10.136947,2.5507061,0.76463795,,0.0174,0.32584,0.21476,,0.114,0.5314111955290366,0.39692954723522855,0.3129144187443358,0.12116942060682767,0.08735310696922838,0.09966464294618915,0.07495900579731374,,,0.14068504532012915,0.08658724117089034,,0.175,0.081,-0.63131183019148,0.3372349073488618,-0.03627450980392144,False,2002-02-01,sec,10,False
SPOT,Spotify Technology S.A.,200,SPOT,BFZ1K46,0.051105,[],Sweden,Communication Services,Internet Content & Information,NYSE,USD,526.42,108223635456.0,108223635456.0,205584205.0,30.254023,30.558,11.331764,5.4718122,33.805,0.0,0.18434,0.44484,0.05558,1.614,-0.248746265231361,0.44030661463243703,0.11217117568564494,,,0.1407256588467416,0.17179335245937866,,,,,,0.139,,-0.7493650890531994,0.44318832872334646,-0.24810032565845863,False,2018-04-01,sec,10,False
ADP,"Automatic Data Processing, Inc.",201,ADP,2065308,0.16159,[],United States,Technology,Software - Application,NasdaqGS,USD,270.73,107277189120.0,107277189120.0,396251548.0,24.746803,20.200218,17.857002,4.65917,16.191,0.025099999999999997,0.20109,0.72239,0.9143600000000001,0.83,0.04332416880069356,0.09122189766611388,0.05620230427117634,0.14205608596885377,0.12737228261560807,0.06808407405467554,0.07901405164575914,0.06522024122320969,,0.089577273581541,0.11176265578231814,0.11451746666508811,0.068,0.098,-0.5278228703070706,0.2325985566981787,-0.059965277777777715,False,1985-01-01,sec,19,False
8058.T,Mitsubishi Corporation,202,8058,6596785,0.076751,[],Japan,Industrials,Conglomerates,Tokyo,JPY,4596.0,16833742635008.0,106333373190.89062,3662694127.0,19.188375,21.675156,1.7471054,0.8648977,29.22,0.0275,0.04507,0.10077,0.62621,0.512,0.288641958694706,0.29854197567319707,0.3529485304732729,0.24383645006566046,0.1308364871107035,-0.04285050582097416,,,,-0.12151552110871766,,,0.228,0.579,-0.6700263201034338,0.29058971776524,-0.23552894211576847,False,2000-01-01,yahoo,4,False
SBUX,Starbucks Corporation,203,SBUX,2842255,0.157808,[],United States,Consumer Cyclical,Restaurants,NasdaqGS,USD,93.21,106259398656.0,106259398656.0,1140000000.0,53.878613,29.868011,-13.843755,2.7939265,22.325,0.027000000000000003,0.05172,,,0.965,0.21228087788841798,0.0377029953238881,0.002889210347973181,0.08372751439830917,0.10142613430027159,0.048597955054982656,0.09595337505976698,0.06853907357122502,,-0.17306257412349602,0.14960376101830053,-0.03884311411496988,-0.014,0.857,-0.7635062337575942,0.30155018997522093,-0.15654691883087513,False,1992-06-01,sec,19,False
SYK,Stryker Corporation,204,SYK,2853688,0.12358,[],United States,Healthcare,Medical Devices,NYSE,USD,276.97,106238230528.0,106238230528.0,383573046.0,28.701555,16.585785,4.4288273,4.0884075,15.944,0.0127,0.14433,0.16508,0.6439100000000001,0.768,-0.20256207617418975,0.023176192941868345,0.02170815154286565,0.10528072665995625,0.10042405702536805,0.10830480093614558,0.11844250103109899,0.09705954897331792,,0.11241859089717776,0.15212608727979937,0.0847477854009524,0.094,0.441,-0.5448117859322701,0.23624436638570345,-0.2944338300853394,False,1985-01-01,sec,19,False
BNS.TO,The Bank of Nova Scotia,205,BNS,2076281,0.056874,[],Canada,Financial Services,Banks - Diversified,Toronto,CAD,124.43,151659003904.0,106206010692.78027,1218830000.0,16.26536,13.110743,1.7011182,4.46692,,0.0366,0.28430998,0.11459,,1.209,0.4295913714741635,0.38189874000653656,0.1545447681271368,0.1135238793890021,0.09763404633115158,0.06305117451932984,0.03789631242374658,,,-0.08640717390669639,0.02511788043767571,,0.117,0.234,-0.43289424737640103,0.19857593436547022,-0.07486988847583642,False,1995-01-01,sec,10,False
LOW,"Lowe's Companies, Inc.",206,LOW,2536763,0.173496,[],United States,Consumer Cyclical,Home Improvement Retail,NYSE,USD,188.85,105955057664.0,105955057664.0,561054019.0,15.963653,14.526923,-14.245305,1.1433635,11.176,0.0265,0.073460005,,,0.846,-0.22221181414279934,0.003456887569861955,-0.030541335833221606,0.12633747727030986,0.11350796180980227,-0.038458186348783285,-0.007502609287254769,0.03861453432785833,,0.01130155267907984,0.02690696715497909,0.10105744210232448,0.083,0.0,-0.6004471043910896,0.2325778970750076,-0.355592711390159,False,1985-01-01,sec,19,False
TT,Trane Technologies plc,207,TT,BK9ZQ96,0.155844,[],Ireland,Industrials,Building Products & Equipment,NYSE,USD,469.94,103397695488.0,103397695488.0,220023177.0,35.017883,26.71668,12.00603,4.477556,23.853,0.0089,0.13278,0.36643,0.5340400000000001,1.197,0.05520363269019013,0.3642206068943181,0.22519660297078037,0.26503389427576796,0.18230797338396032,0.10063610722538807,0.11352129327156257,0.04832306320384783,,0.1826663527865766,0.27537671613603343,0.15702253067029237,0.106,0.071,-0.737054875061207,0.2736951897001787,-0.07102615296420034,False,1985-01-01,sec,19,False
ZURN.SW,Zurich Insurance Group AG,208,ZURN,5983816,0.083029,[],Switzerland,Financial Services,Insurance - Diversified,Swiss,CHF,575.2,85917204480.0,103311811444.51172,149369269.0,14.67347,13.372649,3.5745478,1.1076609,5.943,0.0524,0.093830004,0.25695,0.46415999999999996,0.314,0.08580833004378796,0.16243447459153626,0.13076062885645667,0.14541202562617594,0.09324887239945978,0.2558926182348791,,,,0.19696790290673438,,,0.113,0.102,-0.8900552970534195,0.1485114316958968,-0.08115015974440887,False,1998-10-01,yahoo,4,False
ENB.TO,Enbridge Inc.,209,ENB,2466149,0.060069,[],Canada,Energy,Oil & Gas Midstream,Toronto,CAD,66.14,147415711744.0,103234455289.43066,2228843639.0,25.53668,20.595829,2.4679105,1.7557704,15.191,0.0587,0.07339,0.092209995,1.62975,0.769,0.07050829329545749,0.21640427999799594,0.11924200643810146,0.07838912494144301,0.11612848114866248,0.07037568986165721,0.09282186100297296,-0.014070717379056852,,0.39788056610111355,0.18844147511629084,,0.971,-0.36,-0.29855142196288387,0.15839482354078363,-0.1799132052076876,False,1995-01-01,sec,16,False
402340.KS,"SK Square Co., Ltd.",210,A402340,BMG3GS6,0.060256,[],South Korea,Technology,Semiconductors,KSE,KRW,1050000.0,138362799259648.0,103181903614.36523,131774099.0,15.680048183741606,,,4.39268,4.52,0.0015,0.94324994,0.84873,0.00168,2.452,3.4025002762297625,1.994577216181216,0.775875372813231,,,0.5433353610513054,,,,2.238635699010995,,,9.672,12.036,-0.5066176498502243,0.6456652305821203,-0.5203289173138419,True,2021-11-01,yahoo,4,False
PWR,"Quanta Services, Inc.",211,PWR,2150204,0.014787,[],United States,Industrials,Engineering & Construction,NYSE,USD,685.33,103034839040.0,103034839040.0,150343393.0,78.50287,34.658245,10.685575,3.24145,37.564,0.0006,0.04032,0.15337,0.6778,1.267,0.5829455123473546,0.6213929177468234,0.4262399140534241,0.38086777417699347,0.2019206254682171,0.18595310976676038,0.2051545611518748,0.14164209880459455,,0.2792871815808562,0.18206755934798302,0.12707347152959714,0.411,0.947,-0.96527272631444,0.3269889058448004,-0.13111885895404118,False,1998-02-01,sec,19,False
3711.TW,"ASE Technology Holding Co., Ltd.",212,3711,BFXZDY1,0.057171,[],Taiwan,Technology,Semiconductors,Taiwan,TWD,744.0,3271837876224.0,102488338893.5918,4397631282.0,56.924255,26.024742,8.406495,5.2204385,23.874,0.0089,0.08545999,0.17009,0.70562,1.575,1.986844997368629,0.9098491322256592,0.5604706065216793,0.30881852283936984,0.20610497783554127,-0.01958589905781749,0.03906055500483818,,,-0.14522638613119176,0.051762841239952895,,0.267,1.712,-0.8057255309226901,0.4076284945211917,-0.01846965699208447,False,2000-01-01,sec,9,False
FCX,Freeport-McMoRan Inc.,213,FCX,2352118,0.054767,[],United States,Basic Materials,Copper,NYSE,USD,71.14,102158286848.0,102158286848.0,1436017523.0,35.044334,16.575102,5.08034,3.8459601,12.338,0.0084,0.113850005,0.14755,0.32149,1.401,0.70889661502636,0.2941974655970174,0.14928276133456664,0.21527024071008527,0.06403425074072411,0.0267106121761016,0.12633189095015696,0.055990027803410225,,-0.14023947619963217,0.29764815489758156,,-0.073,0.281,-0.9053002436287252,0.3958624954888508,-0.11340977068793612,False,1995-07-01,sec,15,False
O39.SI,Oversea-Chinese Banking Corporation Limited,214,O39,B0F9V20,0.063566,[],Singapore,Financial Services,Banks - Regional,SES,SGD,29.0,130370846720.0,101796554647.83203,4495546608.0,16.666666,14.950534,2.1121633,9.68284,,0.032400000000000005,0.53868,0.1274,,0.21,0.8542848663460751,0.4107895112574522,0.274718681839361,0.18945022207087736,0.12206524843419153,0.09114017167453836,,,,0.10332473986190038,,,0.169,0.225,-0.49909740782613177,0.14550429530403663,-0.10961007061713235,False,2000-01-01,yahoo,4,False
CEG,Constellation Energy Corporation,215,CEG,BMH4FS1,0.098487,[],United States,Utilities,Utilities - Independent Power Producers,NasdaqGS,USD,285.07,101002412032.0,101002412032.0,354307379.0,27.866081,21.401396,3.1674798,2.933715,14.598,0.006,0.110810004,0.15055001,0.7641899999999999,1.117,-0.19885037743400236,0.394429335382829,,,,0.016914377551363158,0.09268248071820961,,,,0.3203045781963316,,0.23,-0.468,-0.33852770682098776,0.4385683575966597,-0.3092561182456991,False,2022-01-01,sec,6,False
CNQ.TO,Canadian Natural Resources Limited,216,CNQ,2171573,0.087233,[],Canada,Energy,Oil & Gas E&P,Toronto,CAD,69.84,143975153664.0,100825050382.18945,2061500000.0,12.404972,12.746549,3.0876696,3.1405158,8.252,0.0358,0.26309,0.26685,0.4313,0.878,0.6126322119845704,0.2190789644487252,0.2814233382441187,0.1827651048349519,0.11584153943764952,-0.028680483994447004,0.1807008585305736,0.12105838357623644,,-0.0035786688910963704,,,0.695,0.838,-0.5928663095901041,0.27170157424325964,-0.034692467173462194,False,1995-01-01,sec,11,False
IBN,ICICI Bank Limited,217,IBN,2569286,0.126483,[],India,Financial Services,Banks - Regional,NYSE,USD,27.9,100142768128.0,100142768128.0,3589346511.0,16.315788,14.909262,2.5336716,0.0485357,,0.009000000000000001,0.27531,0.16073999,,0.26,-0.07089657736803479,0.08849533664180731,0.0653828373945764,0.14591787535388678,0.08798527538428469,0.18113414743381928,,,,0.1678079764487619,,,0.114,0.138,-0.8326880621237279,0.20653185169399774,-0.15531335149863768,False,2000-03-01,yahoo,4,False
EQIX,"Equinix, Inc.",218,EQIX,BVLZX12,0.042623,[],United States,Real Estate,REIT - Specialty,NasdaqGS,USD,1011.16,99772858368.0,99772858368.0,98671686.0,65.06821,54.576168,6.9372993,10.206901,27.225,0.0204,0.15479,0.10735,1.6221700000000001,0.97,0.25320973818243475,0.14866079537144405,0.0649491232528685,0.1342531151747579,0.16366845428445753,0.08265773019010236,0.08970447217891375,0.12955788757935327,,0.24117663582299564,0.2950312953672576,0.21788264971651183,0.167,0.288,-0.9943050197031806,0.2499517560862303,-0.10412162880533016,False,2000-08-01,sec,18,False
CME,CME Group Inc.,219,CME,2965839,0.083582,[],United States,Financial Services,Financial Data & Stock Exchanges,NasdaqGS,USD,276.44,99402096640.0,99402096640.0,359576125.0,23.44699,21.336487,3.7449875,14.107096,20.313,0.018799999999999997,0.63443,0.15802,0.14587,0.275,0.06433064338716843,0.1312894382604044,0.08758093089206453,0.14850632418833842,0.08953591213979606,0.09113524548501961,0.059520819337337105,0.06961155678838749,,0.14807416220582992,0.13817264198067658,0.12420823427339944,0.008,0.025,-0.7394919304857872,0.20479360851690556,-0.16016526917000862,False,2002-12-01,sec,19,False
SO,The Southern Company,220,SO,2829601,0.052845,[],United States,Utilities,Utilities - Regulated Electric,NYSE,USD,86.15,99103776768.0,99103776768.0,1150362966.0,20.759035,17.498745,2.504506,3.2076292,12.146,0.0353,0.15435,0.114829995,1.8205799999999999,0.301,-0.060886500212975814,0.1209687234573591,0.10494862700031371,0.09601504551795825,0.09054476867683037,0.037163620717417745,0.06527458839443456,0.05166242237972907,,0.06757843428308408,0.06094209890320923,0.05529558798261447,0.001,0.304,-0.2480793846863686,0.1780314243439779,-0.14567631892106303,False,1985-01-01,sec,19,False
GMEXICOB.MX,"Grupo México, S.A.B. de C.V.",221,GMEXICO B,2643674,0.096616,[],Mexico,Basic Materials,Other Industrial Metals & Mining,Mexico,MXN,230.37,1802674896896.0,98776705943.28906,7825128866.0,15.136004,15.865464,4.100169,83.52999,146.852,0.0139,0.3099,0.27071,0.42379,1.075,0.49876225845324873,0.5187228483884101,0.26484917639649286,0.22971096847415717,0.2056091972586278,0.0943166400907085,,,,0.16082886783000672,,,0.35,0.75,-0.8224498871701416,0.31616701979984496,-0.0390609602090648,False,2000-01-01,yahoo,4,False
ENEL.MI,Enel SpA,222,ENEL,7144569,0.080047,[],Italy,Utilities,Utilities - Diversified,Milan,EUR,8.881,88105410560.0,98684383043.3252,9920663654.0,21.145237,11.740521,3.5695338,1.0909396,8.217,0.0594,0.05711,0.122559994,1.47743,0.891,0.04276306600731217,0.20199709665923904,0.10463915575578153,0.14241976526979072,0.0762482580763646,-0.13066053296483437,,,,0.3593571439897074,,,0.085,0.318,-0.5485716473552609,0.19491119599261902,-0.13860329776915614,False,1999-11-01,yahoo,4,False
DDOG,"Datadog, Inc.",223,DDOG,BKT9Y49,0.04804,[],United States,Technology,Software - Application,NasdaqGS,USD,273.8,98314731520.0,98314731520.0,334904614.0,547.6,92.05032,22.50534,25.167778,1156.075,0.0,0.044770002,0.04696,0.29259,1.512,0.7181291818983437,0.5082917974789725,0.10854168328083658,,,0.2694953937625746,0.4153252804745149,,,,,,0.356,14.985,-0.6220763935680809,0.5112343487571546,-0.06463514621481281,False,2019-09-01,sec,9,False
CS.PA,AXA SA,224,CS,7088429,0.092658,[],France,Financial Services,Insurance - Diversified,Paris,EUR,41.78,87360356352.0,97849868858.74805,2090961093.0,11.261456,9.326725,1.8912679,0.9033774,,0.055999999999999994,0.10379,0.14881,1.19437,0.581,0.18539768509553256,0.21280935660126432,0.17575609903397416,0.13551408069462356,0.08320429375387617,0.09148116355779234,,,,0.24628946406527819,,,0.045,0.132,-0.7367119106630731,0.18372320343273554,-0.08497590889180895,False,1990-08-01,yahoo,4,False
ABNB,"Airbnb, Inc.",225,ABNB,BMGYYH4,0.044903,[],United States,Consumer Cyclical,Travel Services,NasdaqGS,USD,163.23,97739784192.0,97739784192.0,419529556.0,37.18223,26.381203,12.348135,7.4530816,31.218,0.0,0.2045,0.34542,0.32004,1.244,0.2652186863218726,0.10606801412414901,-0.012726252540435024,,,0.13378255972989694,0.29369366217901005,,,0.09874952310470131,,,0.165,0.334,-0.5856554520424445,0.37568160021117203,-0.15622916160514444,False,2020-12-01,sec,7,False
CM.TO,Canadian Imperial Bank of Commerce,226,CM,2170525,0.049794,[],Canada,Financial Services,Banks - Diversified,Toronto,CAD,153.68,139531501568.0,97713183959.00293,907935437.0,14.74856,13.499056,2.1304498,4.772819,,0.0279,0.33737,0.15578,,1.239,0.38551231048330026,0.5341911454544233,0.21317667201380686,0.17563164529151365,0.11785995801809146,0.1005834128218781,,,,0.10661161191669244,,,0.166,0.149,-0.545469864401672,0.21503640421666612,-0.1110082721119916,False,1995-01-01,yahoo,4,False
BNY,The Bank of New York Mellon Corporation,227,BNY,B1Z77F6,0.294059,[],United States,Financial Services,Banks - Diversified,NYSE,USD,143.61,97439981568.0,97439981568.0,678504142.0,16.757294,13.944424,2.441475,4.5823984,,0.0155,0.29413998,0.14124,,1.048,0.3314288282511295,0.5261862324010795,0.222467952080456,0.15471731075260053,0.09462118221272009,0.0670195490166603,0.04900451212527002,0.028736055110322622,,0.31282891317881356,0.09162147130795772,0.056827350306526414,0.131,0.269,-0.7133433569988001,0.2374484952050899,-0.13404486251808967,False,1985-01-01,sec,17,False
HCA,"HCA Healthcare, Inc.",228,HCA,B4MGBG6,0.020939,[],United States,Healthcare,Medical Care Facilities,NYSE,USD,445.01,96345333760.0,96345333760.0,216501500.0,14.918203,13.903825,-14.60342,1.23675,9.4,0.006999999999999999,0.08768,,,1.11,-0.04819058314501434,0.25270567119724774,0.12592668635169457,0.19905079337524278,,0.07868780037013456,0.07966065216727913,0.06732949688125145,,0.044252244333687685,0.12146240290069654,0.11182678871457363,0.087,0.116,-0.4259100521863636,0.3293043614976527,-0.2003701574067419,False,2011-03-01,sec,16,False
HOOD,"Robinhood Markets, Inc.",229,HOOD,BP0TQN6,0.059791,[],United States,Financial Services,Capital Markets,NasdaqGS,USD,107.01,96210796544.0,96210796544.0,790630234.0,47.140972,31.13308,10.147938,20.262165,,0.0,0.42011002,0.23618999,2.40279,2.34,-0.2597245348832746,1.2820196911759143,0.25459710539984126,,,0.4878747583673768,0.3609641264495862,,,,2.6269854474063705,,0.323,0.476,-0.8163357310610866,0.6762804332873666,-0.3031388382391248,False,2021-07-01,sec,7,False
SAN.PA,Sanofi,230,SAN,5671735,0.077465,[],France,Healthcare,Drug Manufacturers - General,Paris,EUR,71.67,85865586688.0,96175619557.30176,1198068685.0,22.052307,7.8861976,1.2407167,1.7280756,7.765,0.0581,0.08091,0.05709,0.3389,0.28,-0.13655499231617496,-0.013576433581218517,0.005342535674717652,0.042769398272979986,0.0457749384096513,0.05032320335718299,0.038938194431300754,0.025061860796802282,,-0.025515866154501854,-0.08632365722734847,0.059902303090205056,0.146,-0.912,-0.44408139032901517,0.1938033039068907,-0.21371365880416904,False,2000-01-01,sec,11,False
CDNS,"Cadence Design Systems, Inc.",231,CDNS,2302232,0.060897,[],United States,Technology,Software - Application,NasdaqGS,USD,348.84,96068091904.0,96068091904.0,275393000.0,69.35188,36.46017,14.008513,16.545877,45.321,0.0,0.23605,0.23229,0.38661,1.137,0.06334743519982511,0.1450552338730069,0.15780692046990819,0.30278155724769773,0.16206090856517386,0.14143248241855333,0.1457277629468552,0.1202185081990248,,0.09312086157613297,0.13425937473143956,0.15951643387519532,0.242,1.254,-0.8992082592542323,0.29229413178523905,-0.16283088147063773,False,1987-06-01,sec,18,False
SNPS,"Synopsys, Inc.",232,SNPS,2867719,0.044457,[],United States,Technology,Software - Infrastructure,NasdaqGS,USD,497.75,95387140096.0,95387140096.0,191636646.0,87.941696,26.78522,3.0614378,10.049844,48.719,0.0,0.11432999,0.03661,0.34804,1.208,0.11539337391587123,0.02540924242696252,0.08723903633240293,0.2391614058543141,0.1684097889120042,0.15186745455184925,0.13866287520721876,0.12144245540512677,,0.10864669043106212,0.14979690872950768,0.1942439028228915,0.424,0.893,-0.5644904945386713,0.34154537305643784,-0.077352265144213,False,1992-02-01,sec,18,False
8001.T,ITOCHU Corporation,233,8001,6467803,0.03836,[],Japan,Industrials,Conglomerates,Tokyo,JPY,2155.0,15063261904896.0,95149812156.11719,6989912686.0,16.90594,3.3293679,2.2257316,1.0145521,21.539,0.0206,0.060110003,0.14093,0.72922,0.537,0.23554619680973188,0.2924765230838935,0.3074738270531572,0.2718169318380206,0.1662855704582087,0.02054809229954424,,,,0.039926076501856755,,,0.089,0.048,-0.6960633063727546,0.2087586142638872,-0.10170904543559811,False,2000-01-01,yahoo,4,False
LITE,Lumentum Holdings Inc.,234,LITE,BYM9ZP2,0.047095,[],United States,Technology,Communication Equipment,NasdaqGS,USD,1048.6,94985183232.0,94985183232.0,90582856.0,,29.483273,20.006104,32.43902,120.263,0.0,-2.3009598,-2.40027,0.35987,1.536,4.527028442890377,2.049438350768827,0.6824164970206965,0.4191413977130516,,0.207338647308003,0.10246803117996084,0.12351459563086453,,,,,1.093,,-0.6292899656904452,0.5627286900718932,-0.07791471194727428,False,2015-07-01,sec,12,False
INGA.AS,ING Groep N.V.,235,INGA,BZ57390,0.11196,[],Netherlands,Financial Services,Banks - Diversified,Amsterdam,EUR,29.76,84664926208.0,94830793649.78711,2844923734.0,12.995633,10.107803,1.6937963,3.4679384,,0.038599999999999995,0.34493,0.17124,,0.9,0.46179807212449275,0.448988393037562,0.26713579170126867,0.1598071454835952,0.04494622176249097,-0.054901995210445365,0.08310437018883654,0.03612459525711875,,-0.10824929432565578,0.30753428739541255,0.048913062223379544,0.111,0.221,-0.8820395589232223,0.27250572198215894,-0.08133971291866038,False,1995-03-01,sec,11,False
3328.HK,"Bank of Communications Co., Ltd.",236,3328,B0B8Z29,0.020482,[],China,Financial Services,Banks - Diversified,HKSE,HKD,8.39,741372198912.0,94468800134.05664,35011862630.0,7.424779,6.4927077,0.54235923,3.3386974,,0.044000000000000004,0.44724998,0.07564,,0.11,0.2570883155916821,0.28913504946313306,0.20290769725862345,0.10438602608955838,0.07643564693248606,0.01013293560198636,,,,0.012580564643351222,,,0.118,-0.108,-0.6752248265388148,0.18689125802504603,-0.009445100354191216,False,2005-06-01,yahoo,4,False
HPE,Hewlett Packard Enterprise Company,237,HPE,BYVYWS0,0.13066,[],United States,Technology,Communication Equipment,NYSE,USD,71.0,94250000384.0,94250000384.0,1327464779.0,36.59794,15.078217,3.5564015,2.0255482,14.366,0.008,0.06666,0.10936,0.76464,1.442,1.958323324654542,0.7051536742552764,0.40855665933520013,0.21786750238822572,,0.06370170685761956,0.0491410171503146,0.009904804413531254,,,,,0.337,4.102,-0.4915639080115678,0.36700799027834335,-0.03111353711790399,False,2015-10-01,sec,13,False
2628.HK,China Life Insurance Company Limited,238,2628,6718976,0.020281,[],China,Financial Services,Insurance - Life,HKSE,HKD,26.16,739404677120.0,94218090135.48828,7441175000.0,2.6748466,4.6806526,0.9510475,1.6887043,-3.885,0.0421,0.54195,0.41301998,0.385,0.897,0.14118480049639204,0.4262493974838937,0.2014878899531678,0.07266007889491943,0.05182504608590155,-0.09717947620839851,,,,0.6871734504036249,,,1.537,8.49,-0.7681905615655767,0.38278098957627804,-0.2765486725663716,False,2003-12-01,yahoo,4,False
MELI,"MercadoLibre, Inc.",239,MELI,B23X1H3,0.077868,[],Uruguay,Consumer Cyclical,Internet Retail,NasdaqGS,USD,1856.66,94126718976.0,94126718976.0,50696802.0,50.49388,33.062393,12.015118,2.4282358,23.867,0.0,0.052950002,0.27504,1.6858600000000001,1.312,-0.2071118365492537,0.14148069405159558,0.04499832998143205,0.2712633529989561,,0.3975348116118531,0.38612776498207424,0.41063172986648766,,0.6061163711169872,,0.3415095086280473,0.498,-0.109,-0.8332431118148609,0.40781049590526347,-0.23531301482701805,False,2007-08-01,sec,18,False
8766.T,"Tokio Marine Holdings, Inc.",240,8766,6513126,0.133345,[],Japan,Financial Services,Insurance - Property & Casualty,Tokyo,JPY,525.7,14900926611456.0,94124391979.88672,28344924225.0,45.358067,1.0662854,1.8277208,1.76586,13.779,0.2509,0.0,,0.09282,,0.7600175608505715,0.47841201724092874,0.4224484526930765,0.2625983801629872,0.1319624208878316,0.09588686971968441,,,,0.1235088219579854,,,0.001,-0.433,-0.6341706240125802,0.2487150940296526,-0.0687883247985549,False,2000-01-01,yahoo,4,False
APP,AppLovin Corporation,241,APP,BMV3LG4,0.058416,[],United States,Communication Services,Advertising Agencies,NasdaqGS,USD,280.12,94103379968.0,94103379968.0,305732000.0,21.53113,13.482001,29.6926,13.838253,17.471,0.0,0.64575994,2.03686,1.1113,2.488,-0.5697675446681368,0.9596565958005281,0.22803106209472723,,,0.2483811324958407,0.304454229088547,,,,,,0.528,0.57,-0.8928244301987664,0.7531719696674049,-0.6204387474424466,False,2021-04-01,sec,7,False
VRT,Vertiv Holdings Co,242,VRT,BL3LWS8,0.079306,[],United States,Industrials,Electrical Equipment & Parts,NYSE,USD,243.73,93833158656.0,93833158656.0,384988173.0,55.142532,26.554419,19.72085,8.254058,35.457,0.001,0.15088001,0.43943,0.70166,2.075,0.2693166314121611,0.8417835088879206,0.5710834185089193,,,0.2158543401649824,0.18540311841994384,,,1.5912664461652786,,,0.241,0.53,-0.7080878440629335,0.6132122436388946,-0.358495532130496,False,2018-08-01,sec,9,False
ADBE,Adobe Inc.,243,ADBE,2008154,0.136492,[],United States,Technology,Software - Application,NasdaqGS,USD,241.05,93816659968.0,93816659968.0,389200000.0,13.4589615,8.710568,8.011766,3.6725512,9.532,0.0,0.28048,0.61902,0.5769299999999999,1.417,-0.3085111230866825,-0.23798547369919443,-0.1839607183238361,0.08152541401009805,0.09510788605867204,0.10522339932516123,0.13057654594156753,0.17359324714668167,,0.14450025727074034,0.06272465719895659,0.27469376398633627,0.129,0.105,-0.7531364313637894,0.38874982875423914,-0.33722848501512226,False,1986-08-01,sec,19,False
1299.HK,AIA Group Limited,244,1299,B4TX8S1,0.083586,[],Hong Kong,Financial Services,Insurance - Life,HKSE,HKD,71.25,734098685952.0,93541978163.79785,10303140172.0,11.994949,10.452838,2.299545,27.5419,87.145,0.0286,0.30879998,0.19615,0.51982,0.648,-0.06585915538580445,0.03142261151775072,-0.024803166760048456,0.0553445595646711,,,,,,0.23234050071757983,,,-0.025,0.727,-0.44643872659201433,0.2979299525406195,-0.2268041237113403,False,2010-10-01,yahoo,4,False
GSK.L,GSK plc,245,GSK,BN7SWP6,0.075504,[],United Kingdom,Healthcare,Drug Manufacturers - General,LSE,GBp,1762.5,70623911936.0,93342561978.56543,4007030598.0,14.936441,9.264419,4.0020437,2.1578083,8.009,0.0392,0.1452,0.33383,1.06497,0.29,0.0017541261010594056,0.06992631342331834,0.03291335519740768,0.009528397376593167,0.01240722895165236,0.03664171374431291,0.06049296081339928,0.03164282306933219,,-0.2616013044826293,-0.003118956874943679,-0.028203708276677397,0.053,-0.695,-0.49589489042514756,0.2167390352306588,-0.22765118317265554,False,1988-07-01,sec,11,False
JCI,Johnson Controls International plc,246,JCI,BY7QL61,0.195051,[],Ireland,Industrials,Building Products & Equipment,NYSE,USD,154.0,93284179968.0,93284179968.0,605741470.0,43.502827,25.235891,6.9191713,3.6024587,22.869,0.0104,0.14319,0.14332,0.70107,1.304,0.38316676776280945,0.49526608410079254,0.18574786481147876,0.17086878360693913,0.0853333140227297,0.04567632285300438,0.01120804194605829,0.2585312765899468,,0.2680341720852748,0.34605313614828326,0.07662074883790448,0.093,0.153,-0.899135605648794,0.2962165043760219,-0.03996010223801505,False,1987-09-01,sec,19,False
AEM.TO,Agnico Eagle Mines Limited,247,AEM,2009823,0.059688,[],Canada,Basic Materials,Gold,Toronto,CAD,261.47,132399218688.0,92718483398.41699,506364864.0,16.180075,14.849447,3.246203,8.948763,12.497,0.0098,0.40438,0.22969,0.011200000000000002,0.668,0.14034247609972939,0.6033930760381627,0.3421236243978403,0.1618937918690928,0.11021968979949515,0.27420424127461196,0.30509693223070555,,,0.8811076174436352,0.5420843318082966,,0.35,0.494,-0.8410316881383608,0.3657141635960208,-0.2506734682180317,False,1995-01-01,sec,10,False
6981.T,"Murata Manufacturing Co., Ltd.",248,6981,6610403,0.121274,[],Japan,Technology,Electronic Components,Tokyo,JPY,7970.0,14424977965056.0,91117976464.65234,1809909354.0,62.436348,33.590424,5.2586017,8.049848,25.027,0.0085,0.13854,0.10063,0.02009,1.202,1.5970411695669178,0.5471025195643875,0.27018531291906944,0.20278162447004622,0.13943673498390363,0.02769412793447401,,,,-0.013891842891780914,,,0.207,0.665,-0.736854695216613,0.48262561896934614,-0.3819309810003877,False,2001-01-01,yahoo,4,False
DUK,Duke Energy Corporation,249,DUK,B7VD3F2,0.079082,[],United States,Utilities,Utilities - Regulated Electric,NYSE,USD,116.84,91100405760.0,91100405760.0,779702193.0,17.596386,16.29245,1.6946596,2.7035127,11.031,0.0371,0.15995,0.098570004,1.62155,0.364,-0.036711652583304555,0.1336152759091458,0.06576100279985475,0.08053113835459325,0.08492066061094183,0.034441001720580955,0.06421241901401809,0.03560352668027722,,0.26197974808222324,0.31066266187581304,0.05665168244752983,0.011,0.106,-0.6873415162462446,0.16063742358266514,-0.13123652316157342,False,1985-01-01,sec,18,False
GLEN.L,Glencore plc,250,GLEN,B4T3BW6,0.025804,[],Switzerland,Basic Materials,Other Industrial Metals & Mining,LSE,GBp,586.0,68712542208.0,90816333362.66162,11725690359.0,17.235294,12.535755,2.1827881,0.22102442,8.214,0.022099999999999998,0.01781,0.1604,1.24234,0.568,0.5659157246991822,0.09465389790793255,0.09376285415414709,0.08643690541956683,,-0.011125303074485227,,,,-0.7242897497424443,,,0.486,,-0.8311274057383581,0.2970120005147875,-0.1713800904977376,False,2011-05-01,yahoo,4,False
ATCO-B.ST,Atlas Copco AB (publ),251,ATCO B,BLDBN52,0.121678,[],Sweden,Industrials,Specialty Industrial Machinery,Stockholm,SEK,183.95,897422262272.0,89795390470.0918,1560876032.0,33.690475,,8.441945,5.1150045,21.105,0.0167,0.15665,0.25698,0.33668,1.072,0.2877230549492027,0.15172074661878576,0.11140157556186536,0.17875660169970686,0.15512771492648358,0.060047573078785055,,,,0.040151830680881906,,,0.091,0.08,-0.5717060255452862,0.24001963127830528,-0.011287288363343362,False,1999-12-01,yahoo,4,False
GD,General Dynamics Corporation,252,GD,2365161,0.215729,[],United States,Industrials,Aerospace & Defense,NYSE,USD,329.9,89256812544.0,89256812544.0,270557195.0,20.128128,17.729733,3.3222556,1.636481,14.291,0.019299999999999998,0.08179,0.17803,0.35335,0.321,-0.0306027070956022,0.1298929027072906,0.12437812919453739,0.10466260817450035,0.10397447604336696,0.10069361914442676,0.06740547524230567,0.051575638037724136,,0.07488202220107665,0.05858760977964583,0.03323243945212462,0.081,0.134,-0.6982915431561117,0.1713768736800779,-0.17525000000000002,False,1985-01-01,sec,19,False
USB,U.S. Bancorp,253,USB,2736035,0.113149,[],United States,Financial Services,Banks - Regional,NYSE,USD,57.03,88855674880.0,88855674880.0,1558051446.0,11.383233,9.824103,1.4656523,3.293915,,0.0379,0.29896,0.12623,,0.971,0.25178208425740967,0.2609450751842557,0.03032171726462818,0.06177665644423391,0.0590318888682837,0.05647165786949215,0.03425612057392868,0.03504473048558121,,0.09356078861685546,0.09256401657372404,0.025218047827159973,0.104,0.216,-0.5956334816237827,0.2921254891298635,-0.13695520581113796,False,1985-01-01,sec,11,False
HWM,Howmet Aerospace Inc.,254,HWM,BKLJ8V2,0.029949,[],United States,Industrials,Aerospace & Defense,NYSE,USD,222.56,88757239808.0,88757239808.0,398801399.0,47.96552,34.46423,15.531054,10.10192,34.478,0.0025,0.20522,0.34732,0.81368,1.204,0.10557745301946708,0.7316673048783198,0.506744228927908,0.3229480769026931,,0.13371585224230054,0.09428692393516935,-0.04000660190903571,,0.47741565675728515,0.4220178290781076,,0.241,0.33,-0.4809339467361906,0.3256105412618063,-0.28206451612903227,False,2016-11-01,sec,19,False
EMR,Emerson Electric Co.,255,EMR,2313405,0.188811,[],United States,Industrials,Specialty Industrial Machinery,NYSE,USD,159.06,88723668992.0,88723668992.0,557800000.0,34.80525,21.882807,4.3536334,4.661489,16.202,0.013999999999999999,0.13828,0.128,0.6767700000000001,1.233,0.15977784387325844,0.23592260545167476,0.1264353542055674,0.14912966365850489,0.09800854442337137,0.09282630664203761,0.014255579608092983,0.010376353177747433,,-0.11406387705305299,0.02449851941329184,-0.01943359016985935,0.07,0.23,-0.5277914461990908,0.2769231280045334,-0.04382326420198368,False,1985-01-01,sec,19,False
IFX.DE,Infineon Technologies AG,256,IFX,5889505,0.07232,[],Germany,Technology,Semiconductors,XETRA,EUR,60.84,79061557248.0,88554618267.74121,1299499659.0,68.35955,21.320288,4.5532103,5.2176685,19.825,0.005699999999999999,0.07774,0.07019,0.40183,1.933,0.7864902496185482,0.3151468100013517,0.09504069615072219,0.1519946045274121,0.11440866019529738,0.010302827476500243,,,,-0.22481932504343227,,,0.126,0.396,-0.9941546996246486,0.4463896837347479,-0.315096251266464,False,2000-03-01,yahoo,4,False
WMB,"The Williams Companies, Inc.",257,WMB,2967181,0.080682,[],United States,Energy,Oil & Gas Midstream,NYSE,USD,72.34,88483930112.0,88483930112.0,1223167472.0,28.820715,27.331942,6.7255483,6.8707013,16.703,0.028999999999999998,0.24937001,0.21503,2.00371,0.618,0.28227793675368607,0.3278183750451982,0.2614092888968478,0.15161957385929092,0.11418558860756556,-0.05710038207593171,0.1425233414783127,0.07306969655121187,,0.08523057578863513,0.6591347961587919,,0.078,0.512,-0.9569162446297907,0.23594917416884312,-0.09665334665334657,False,1985-01-01,sec,19,False
1211.HK,BYD Company Limited,258,1211,6536651,0.027022,[],China,Consumer Cyclical,Auto Manufacturers,HKSE,HKD,75.6,689260134400.0,87828459136.40137,3683400000.0,21.058496,11.912094,2.4451272,0.87947303,5.796,0.005600000000000001,0.03786,0.11602,0.46055999999999997,0.346,-0.25555934318320295,-0.009570821016093523,-0.048046533854991136,0.1662337179599318,0.21444716976737666,0.2376648398673218,,,,0.2519644128663896,,,-0.032,0.337,-0.8288051569223751,0.3893334469828708,-0.33333333333333337,False,2002-07-01,yahoo,4,False
CSX,CSX Corporation,259,CSX,2160753,0.204378,[],United States,Industrials,Railroads,NasdaqGS,USD,47.34,87696162816.0,87696162816.0,1852474917.0,27.523256,20.746506,6.2273083,5.9370594,15.257,0.0118,0.22208999,0.24357,1.3806800000000001,1.207,0.3370531783507229,0.18423425158697349,0.07060960147469064,0.18286760159751014,0.15199333705642593,-0.01737875164321634,0.05894344821402786,0.01781441297684183,,-0.11115148435051048,0.008812561285965081,0.03913565047928125,0.101,0.227,-0.6362222951642312,0.24022494708285239,-0.11679104477611935,False,1985-01-01,sec,19,False
PNC,"The PNC Financial Services Group, Inc.",260,PNC,2692665,0.144507,[],United States,Financial Services,Banks - Regional,NYSE,USD,219.68,87639941120.0,87639941120.0,398943667.0,12.096916,10.236729,1.5096828,3.6460881,,0.0364,0.31366,0.12623,,0.889,0.21865165069749448,0.2792033092254891,0.042213985907604945,0.12103063776899003,0.08860566608625664,0.03030645718600855,0.06447668941148632,0.042566072203703786,,0.04831696327711854,0.19345598789091634,0.054611417188956235,0.236,0.249,-0.6377749147702472,0.2731889619933748,-0.15168365770775405,False,1985-01-01,sec,19,False
ICE,"Intercontinental Exchange, Inc.",261,ICE,BFSSDS9,0.077114,[],United States,Financial Services,Financial Data & Stock Exchanges,NYSE,USD,155.35,87212638208.0,87212638208.0,561394487.0,21.911142,17.50253,2.949161,8.054028,15.579,0.0134,0.38246,0.14094,0.69226,0.934,0.061641437092049944,0.1397694246546457,0.03404932692325291,0.12406864265446638,0.12588503691246067,0.0946705327442019,0.08923557746986877,0.1424207276020102,,0.31030589784130713,0.09837808413496418,0.10036308753935552,0.048,0.142,-0.7050908863851781,0.2509853537929783,-0.11758023288838404,False,2005-11-01,sec,15,False
009150.KS,"Samsung Electro-Mechanics Co., Ltd.",262,A009150,6771689,0.037172,[],South Korea,Technology,Electronic Components,KSE,KRW,1546000.0,116796048801792.0,87098835196.23047,72693696.0,165.40698363464,,,9.587815,55.811,0.0015,0.08088,0.10578,0.29322,2.96,5.615435464188464,1.36957952077453,0.6062930797124919,0.43789560196680455,0.21474415999691,0.06281505523321429,,,,-0.10366997222448782,,,0.242,1.341,-0.7089037052351963,0.7093882962688982,-0.36036408771203976,True,2000-01-01,yahoo,4,False
ELV,"Elevance Health, Inc.",263,ELV,BSPHGL4,0.124554,[],United States,Healthcare,Healthcare Plans,NYSE,USD,400.94,86951575552.0,86951575552.0,216869290.0,17.748562,13.550448,1.9370393,0.41928023,9.37,0.0172,0.02468,0.11133,0.68953,0.696,0.29434445769027184,-0.02033412250912836,-0.000971426411839782,0.14256105949835263,0.0997474658406532,0.08338453671992796,0.10318394736699799,0.09663959047981385,,-0.013019775243774068,0.043656029824910236,0.08259326005170697,0.014,-0.131,-0.6133591255934614,0.2878093387823027,-0.08091876031542278,False,2001-10-01,sec,19,False
8031.T,"Mitsui & Co., Ltd.",264,8031,6597302,0.059392,[],Japan,Industrials,Conglomerates,Tokyo,JPY,4775.0,13571224240128.0,85725086991.75,2842141126.0,14.563254,16.249786,1.5072583,0.9261664,24.748,0.0273,0.06225,0.11378,0.63652,0.445,0.3212553977692023,0.2527792932584645,0.3463871551642521,0.2543284378017734,0.13353432067760584,-0.00730357953080818,,,,-0.09646811855190096,,,0.317,0.556,-0.7053137536658154,0.2563282156081179,-0.28464419475655434,False,2000-01-01,yahoo,4,False
1810.HK,Xiaomi Corporation,265,1810,BG0ZMJ9,0.044867,[],China,Technology,Consumer Electronics,HKSE,HKD,25.96,668392095744.0,85169364857.06836,21317761689.0,19.088234,16.871588,2.1138368,1.4037452,19.342,0.0,0.07533,0.12627,0.16425,0.697,-0.4460573395301344,0.19520125588057446,0.02316721406290778,,,0.17757186365200317,,,,1.562794016865734,,,-0.061,-0.199,-0.7334341717703393,0.4270623307256628,-0.5097261567516524,False,2018-07-01,yahoo,4,False
MMM,3M Company,266,MMM,2595708,0.10482,[],United States,Industrials,Conglomerates,NYSE,USD,163.58,84361879552.0,84361879552.0,515722417.0,29.055061,16.658247,28.577917,3.338883,14.177,0.0191,0.11902001,0.81891996,4.37937,1.074,-0.0017273389699724584,0.32571374963192357,0.054115741490596614,0.05022072440004721,0.07734985457555799,-0.01570080136859997,-0.04965970683619114,-0.019163558844084272,,-0.17413296639272757,-0.09766107607451258,-0.03870897539078122,0.025,0.328,-0.551304536045525,0.2780843054283919,-0.11530557057869117,False,1962-01-01,sec,19,False
MRSH,"Marsh & McLennan Companies, Inc.",267,MRSH,2567741,0.108137,[],United States,Financial Services,Insurance Brokers,NYSE,USD,176.67,84308910080.0,84308910080.0,477211268.0,21.5978,15.467464,5.561082,2.9344387,13.269,0.022400000000000003,0.14241,0.25902998,1.45027,0.577,-0.01006790408752023,-0.013998992248981823,0.02315750539360617,0.12425335203746957,0.11703780914395612,0.09200031494213934,0.09391809190023404,0.07663973962299653,,0.11106143822857284,0.1565623351185068,0.099757051846729,0.062,0.073,-0.6658441701311906,0.19898120254804752,-0.14993023143915707,False,1985-01-01,sec,19,False
WM,"Waste Management, Inc.",268,WM,2937667,0.162793,[],United States,Industrials,Waste Management,NYSE,USD,210.1,83980165120.0,83980165120.0,399715184.0,29.759209,23.117636,8.466653,3.1756701,13.418,0.018000000000000002,0.11115,0.29841,2.35301,0.431,0.06850656678701883,0.10175999856712914,0.07232480520354878,0.14348211795591137,0.1188401971859332,0.08563152473174229,0.1061712793131473,0.06876714833288,,0.06541873370860563,0.1260961723805465,0.1367346972774266,0.04,0.083,-0.7576165712384547,0.18634655787162688,-0.1532664329182284,False,1988-06-01,sec,19,False
PRX.AS,Prosus N.V.,269,PRX,BJDS7L3,0.071229,[],Netherlands,Consumer Cyclical,Internet Retail,Amsterdam,EUR,35.86,74945830912.0,83944709390.84277,2088663836.0,7.951219,8.29133,1.6720067,7.5894647,282.265,0.008,1.19918,0.22213,0.32874000000000003,0.783,-0.4122779154444043,0.1036691457460226,0.0036885644982351806,,,0.2518468757178616,,,,0.04796576978164291,,,,,-0.5490359771579925,0.3551449359545028,-0.43916171410697524,False,2019-09-01,yahoo,4,False
SU.TO,Suncor Energy Inc.,270,SU,B3NB1P2,0.118171,[],Canada,Energy,Oil & Gas Integrated,Toronto,CAD,100.89,119125385216.0,83422886939.44385,1180745189.0,13.46996,11.922601,2.4567769,1.9951787,6.264,0.023799999999999998,0.1578,0.19251,0.3048,0.556,0.8247781011165198,0.3526463026723885,0.3024198272862477,0.13695296299505766,0.0712492410593415,-0.05923630668082114,0.15893650643873092,,,-0.13288331734693548,,,0.459,2.419,-0.7018442431793666,0.2680845427092541,-0.005519960571710225,False,1995-01-01,sec,10,False
DASH,"DoorDash, Inc.",271,DASH,BN13P03,0.042137,[],United States,Consumer Cyclical,Internet Retail,NasdaqGS,USD,191.71,83067551744.0,83067551744.0,409082893.0,100.9,23.232986,8.371982,5.2666655,55.659,0.0,0.05292,0.088870004,0.33276000000000006,1.893,-0.24536893472242693,0.36816921759194265,-0.0028996127424305573,,,0.2772574009717286,0.3658171522120788,,,,,,0.356,-0.3,-0.7886688043392507,0.4866712271164565,-0.3285113835376532,False,2020-12-01,sec,8,False
KKR,KKR & Co. Inc.,272,KKR,BG1FRR1,0.056655,[],United States,Financial Services,Asset Management,NYSE,USD,89.56,82716762112.0,82716762112.0,897635601.0,28.613417,12.087837,2.8207874,3.26203,,0.0087,0.12201,0.0728,0.69812,1.791,-0.24315411928312924,0.17869980535723373,0.03085674634051605,0.22079573213814907,,0.5055039804620185,0.35694242768104445,,,,0.029632004206513685,0.16511667306751154,0.078,0.4,-0.4712462519329218,0.3896878948113498,-0.38166252416459545,False,2010-07-01,sec,10,False
BN.TO,Brookfield Corporation,273,BN,BPCPYT4,0.120302,[],Canada,Financial Services,Asset Management,Toronto,CAD,52.27,116685012992.0,81713906978.84375,2232266331.0,69.69334,,1.9329047,1.4363714,15.13,0.0076,0.0177,0.0226,1.6137700000000001,1.818,-0.17933391644596453,0.25884742642114,0.06367970722482807,0.13214534160612823,0.11519644003246365,-0.06800763634196383,,,,-0.14016030159908843,,,0.085,0.403,-0.6125769099679518,0.26830644122113295,-0.23626534190531845,False,1995-01-01,yahoo,4,False
INTU,Intuit Inc.,274,INTU,2459020,0.119592,[],United States,Technology,Software - Application,NasdaqGS,USD,303.88,81207681024.0,81207681024.0,267236000.0,18.461727,11.223464,4.294274,3.4352684,10.936,0.0182,0.21289,0.23596,0.4434,0.976,-0.5570561490392136,-0.15406460608468853,-0.13474949951713389,0.11268880415842553,0.11911869753096416,0.14286998540558393,0.17361336924030368,0.16408413817276002,,0.24187118990547196,0.17232884058409215,0.16647469419616856,0.137,-0.014,-0.7366072360624607,0.36226070331510035,-0.5590638013842738,False,1993-03-01,sec,19,False
2914.T,Japan Tobacco Inc.,275,2914,6474535,0.022587,[],Japan,Consumer Defensive,Tobacco,Tokyo,JPY,7230.0,12835834822656.0,81079867027.05469,1775357592.0,21.009502,24.01116,2.9213822,3.310893,11.049,0.0391,0.16726999,0.14298001,0.3791,0.152,0.36380842865371843,0.31803671647933607,0.3276598083954758,0.11740628368825212,0.09270882217782717,0.09270673648388827,,,,0.04841039520733248,,,0.17,0.446,-0.6448180593605476,0.15834162252439501,-0.009181855557078289,False,2000-01-01,yahoo,4,False
TCS.BO,Tata Consultancy Services Limited,276,TCS,B01NPJ1,0.017297,[],India,Technology,Information Technology Services,BSE,INR,2163.0,7825923244032.0,80913184549.5293,3618087518.0,15.712625,13.408671,7.1382837,2.7629225,9.726,0.0231,0.1822,0.45573002,0.0983,0.182,-0.27927568114099033,-0.11625071515120655,-0.06408654723759921,0.08429660067016465,0.13229443050831535,0.05801848619364591,,,,0.05300128040832486,,,0.112,0.15,-0.6156817263718597,0.2289832715989626,-0.3517547277249977,False,2002-01-01,yahoo,4,False
ENI.DE,Eni S.p.A.,277,ENI,7145056,0.060154,[],Italy,Energy,Oil & Gas Integrated,XETRA,EUR,25.05,71740112896.0,80354075142.51367,2863876858.0,20.365852,,1.5870501,0.76761454,7.316,0.0446,0.05874,0.10901,0.6497499999999999,0.241,0.6089082455205066,0.24028505506943132,0.21696156406183853,0.12906547341406283,0.06438728966057838,0.08375118415567351,0.045686702321031225,-0.24482435997441188,,-0.41759390463501334,,,0.185,5.806,-0.5831350762612665,0.2542741772830701,-0.0009970089730807485,False,2003-12-01,sec,11,False
BE,Bloom Energy Corporation,278,BE,BDD1BB8,0.056193,[],United States,Industrials,Electrical Equipment & Parts,NYSE,USD,272.82,80352960512.0,80352960512.0,294527346.0,358.9737,55.203255,49.648773,26.26115,195.665,0.0,0.07868,0.22213,1.71578,3.811,1.2243553862020184,2.044860643844759,0.5654606791929142,,,0.20804755839837474,0.223111300072111,,,,,,1.655,,-0.9102112741088183,0.9719730114868478,-0.22335458893190618,False,2018-07-01,sec,10,False
WBC.AX,Westpac Banking Corporation,279,WBC,6076146,0.069685,[],Australia,Financial Services,Banks - Diversified,ASX,AUD,33.72,115150684160.0,80322748740.15625,3414907347.0,16.610838,15.753328,1.6273346,5.2633767,,0.045700000000000005,0.31495002,0.09803,,0.723,-0.0809673368538163,0.24678985061438663,0.11703558526302826,0.06615862209917012,0.07619134208248246,0.31210600965105706,0.13709753808494285,,,0.06751547912752165,0.2477894730134249,,0.015,0.054,-0.443031505751739,0.22344441486952285,-0.22160664819944598,False,1988-02-01,sec,10,False
UPS,"United Parcel Service, Inc.",280,UPS,2517382,0.062714,[],United States,Industrials,Integrated Freight & Logistics,NYSE,USD,94.13,80084066304.0,80084066304.0,749349405.0,17.496283,11.678703,5.316577,0.8882451,8.601,0.0697,0.050819997,0.29602,1.899,1.038,0.029372963576922873,-0.07837267271918524,-0.11185561967780311,0.024662339350890017,0.04539780057523335,-0.04040260188163358,0.00935446750891411,0.0427003078840571,,-0.21566527293502435,0.3291898584779436,0.014099800614632008,0.076,-0.53,-0.542627438057619,0.2672482897183841,-0.23102687688914303,False,1999-11-01,sec,19,False
CTAS,Cintas Corporation,281,CTAS,2197137,0.029221,[],United States,Industrials,Specialty Business Services,NasdaqGS,USD,201.12,79859744768.0,79859744768.0,397075093.0,39.668636,32.64426,15.438704,6.709175,25.632,0.0103,0.17824,0.41375,0.52096,0.917,0.08686164919636497,0.16880433318233923,0.1379779469242961,0.23487230676442472,0.17472989811348238,0.08514371661641951,0.09620823052847349,0.08914661339808849,,0.1408807224305222,0.12406062443644661,0.11137116186575402,0.109,0.133,-0.5856925907231596,0.24025834975115995,-0.08235616188346939,False,1983-08-01,sec,18,False
MCO,Moody's Corporation,282,MCO,2252058,0.012622,[],United States,Financial Services,Financial Data & Stock Exchanges,NYSE,USD,458.69,79436390400.0,79436390400.0,173180984.0,29.104694,24.23861,26.260378,9.422659,20.873,0.009000000000000001,0.34252,0.76932,2.4068199999999997,1.346,-0.06136298553755404,0.14134088480906204,0.029084292125321376,0.1718752374882353,0.11291855561545971,0.12173969738374057,0.07520165543475321,0.08277053888962027,,0.21460138485454694,0.06738261304978854,0.09995453413426336,0.151,0.567,-0.7433028741621273,0.2471596138529703,-0.16126023990637794,False,1994-10-01,sec,19,False
ECL,Ecolab Inc.,283,ECL,2304227,0.11702,[],United States,Basic Materials,Specialty Chemicals,NYSE,USD,281.69,78965768192.0,78965768192.0,280328603.0,37.81074,29.946953,7.8530807,4.5701423,20.743,0.0104,0.12566,0.21956,1.38023,0.89,0.10290823028899121,0.19807819103334845,0.05891995444075038,0.10562865649351183,0.10795421832421259,0.04264019904644334,0.0640436792245791,0.0173107266049346,,0.2358896540362938,,0.07483676265374051,0.097,0.033,-0.40593486088674746,0.22424047741442737,-0.08917774113234389,False,1985-01-01,sec,19,False
9999.HK,"NetEase, Inc.",284,9999,BM93SF4,0.04939,[],China,Communication Services,Electronic Gaming & Multimedia,HKSE,HKD,193.5,619519737856.0,78941841062.43848,3201652151.0,17.215303,11.576361,3.1689727,5.0961337,10.121,0.0161,0.27883,0.20372999,0.07347000000000001,0.766,-0.12877614308509655,0.0418559337645259,0.04458413430558794,,,0.04803917179391637,0.07363085574299788,0.2081810006993472,,0.1786034386060784,0.21163765722356653,0.16420605234102226,0.079,-0.187,-0.5430848370675532,0.37506950180590726,-0.2095588235294118,False,2020-06-01,sec,15,False
MRNA,"Moderna, Inc.",285,MRNA,BGSXTS3,0.038459,[],United States,Healthcare,Biotechnology,NasdaqGS,USD,197.0,78649475072.0,78649475072.0,399235889.0,,-44.26857,11.625849,34.458286,-32.805,0.0,-1.41427,-0.38998002,0.19036,1.095,5.912491572227512,0.3513621169105392,-0.11493736656078801,,,-0.5344237921336326,0.19342778041847408,,,,,,0.021,,-0.9374058071259809,0.7510545569601405,-0.07171802846103104,False,2018-12-01,sec,10,False
SHW,The Sherwin-Williams Company,286,SHW,2804211,0.022502,[],United States,Basic Materials,Specialty Chemicals,NYSE,USD,321.03,77932650496.0,77932650496.0,242758151.0,29.588017,23.700804,20.098291,3.1670547,19.45,0.01,0.11013,0.65124,3.8995800000000003,1.083,-0.08180310069490715,0.10591944017885568,0.007296745671873772,0.15466667036095716,0.1631433694677873,0.021007379883363875,0.05124800274973418,0.07593591612552486,,0.08335028140928813,0.04814071884231219,0.09317607493576063,0.075,0.143,-0.48963656917507326,0.28485943750566733,-0.1501972099425577,False,1985-01-01,sec,19,False
EOG,"EOG Resources, Inc.",287,EOG,2318024,0.125043,[],United States,Energy,Oil & Gas E&P,NYSE,USD,148.51,77897826304.0,77897826304.0,524529176.0,11.557198,9.683074,2.449205,2.7459643,5.216,0.0275,0.25733,0.22507,0.25891,0.272,0.42365247196021705,0.08765238783891949,0.14916089415823652,0.08404755774489048,0.09804488574370995,-0.041514960916878896,0.1545526335723717,0.09959975878939864,,-0.13740315842426454,,,0.587,1.094,-0.7225783884434174,0.2890312543202057,-0.03665023352361185,False,1989-10-01,sec,19,False
7011.T,"Mitsubishi Heavy Industries, Ltd.",288,7011,6597067,0.052699,[],Japan,Industrials,Specialty Industrial Machinery,Tokyo,JPY,3669.0,12328608202752.0,77875878547.72266,3360209340.0,41.821495,39.592102,3.8881602,2.533445,17.38,0.008199999999999999,0.07763,0.14746,0.26356,0.384,-0.17576476955853448,0.7207175688464702,0.6995563777420144,0.26709157464631894,0.12604784900894517,0.012403038928603838,,,,0.23453508961634562,,,0.0,0.973,-0.6699872984714573,0.3472281512333487,-0.29550691244239635,False,2000-01-01,yahoo,4,False
AMT,American Tower Corporation,289,AMT,B7FBFL2,0.103352,[],United States,Real Estate,REIT - Specialty,NYSE,USD,166.73,77689520128.0,77689520128.0,465960048.0,22.933975,23.784458,20.885632,6.858979,17.716,0.0429,0.31083,0.33914003,4.38721,0.895,-0.036847091413602095,0.011028590551968476,-0.07125378796916693,0.06254888652930979,0.0979610337511776,0.0364049214968285,0.13553913348333957,0.26232477807258925,,0.12727806673538544,0.08392382872804993,0.15573714474239053,0.047,1.385,-0.9714430326159863,0.26540269982528103,-0.1496838025295799,False,1998-02-01,sec,19,False
WBD,"Warner Bros. Discovery, Inc.",290,WBD,BM8JYX3,0.049635,[],United States,Communication Services,Entertainment,NasdaqGS,USD,30.95,77595885568.0,77595885568.0,2507136702.0,,497.4285,2.3638585,2.1496189,13.788,0.0,-0.08769,-0.08786,0.94199,1.539,0.378922359291467,0.46011566496425926,0.05716777051637467,0.017153245927292726,0.07807744517300907,0.0331793709721504,0.28437376883638876,0.19285859022092633,,,-0.07772311142950439,-0.02324155474750067,-0.112,-0.906,-0.861210629776824,0.520965867608924,-0.001290738948047765,False,2005-07-01,sec,19,False
MDLZ,"Mondelez International, Inc.",291,MDLZ,B8CKK03,0.037048,[],United States,Consumer Defensive,Confectioners,NasdaqGS,USD,60.67,77433610240.0,77433610240.0,1276308057.0,22.305145,18.041513,2.9164062,1.880098,15.57,0.034300000000000004,0.08862001,0.13340001,0.82643,0.391,0.0800360466954233,-0.0033915794789980414,0.02467185111279746,0.05433658435299993,0.07728056892407364,0.06956578215167708,0.07711312390360647,0.026610806947518828,,-0.03286060591187945,-0.07127036262331576,-0.10273526851793346,0.041,1.449,-0.3698789522167448,0.1867112668820215,-0.08972243060765195,False,2001-06-01,sec,20,False
300502.SZ,"Eoptolink Technology Inc., Ltd.",292,300502,BD761B9,0.018874,[],China,Technology,Communication Equipment,Shenzhen,CNY,370.2,516331765760.0,77272037861.25488,1394737276.0,39.42492,10.374252,21.244118,15.363488,33.312,0.0026,0.37148997,0.72085,0.00097,1.124,0.5850855772613786,1.902618312545742,1.0718216673507879,0.48352686813789436,,0.9577635978337515,,,,1.1931640905274272,,,0.969,1.002,-0.72992523220528,0.7247375915181022,-0.40181298172475644,False,2016-03-01,yahoo,4,False
TRV,"The Travelers Companies, Inc.",293,TRV,2769503,0.219172,[],United States,Financial Services,Insurance - Property & Casualty,NYSE,USD,370.27,77229072384.0,77229072384.0,208575022.0,9.945474,12.165947,2.331998,1.518183,6.826,0.013500000000000002,0.16951999,0.26511,0.27378,0.451,0.3597424245463585,0.31228194624876937,0.19714494379093517,0.1519912497840301,0.1283890119152995,0.09802014367869649,0.08831691530579389,0.06176673164066182,,0.3029335035217484,0.18441156225288058,0.06219933393864063,0.003,0.571,-0.6341461969656672,0.20443934769870717,-0.07130674692751449,False,1985-01-01,sec,19,False
LLOY.L,Lloyds Banking Group plc,294,LLOY,0870612,0.077148,[],United Kingdom,Financial Services,Banks - Regional,LSE,GBp,101.65,58381492224.0,77161940013.43652,57433833713.0,12.70625,8.381432,1.4236696,2.9859507,,0.039900000000000005,0.26431,0.113400005,,0.906,0.15119105827944268,0.36964244154222237,0.1539443987606517,0.060405473058800174,-0.06102810666262104,,-0.07810716924574934,-0.01740557563824119,,0.06636270529411559,0.2795325491101004,0.17405252233321855,0.123,0.177,-0.9615640794213542,0.23088772413419645,-0.13782866836301955,False,1995-12-01,sec,11,False
NG.L,National Grid plc,295,NG.,BDR05C0,0.027123,[],United Kingdom,Utilities,Utilities - Regulated Electric,LSE,GBp,1154.5,58035666944.0,76704867943.26562,5026908988.0,17.492424,11.835078,1.4610225,3.2599452,14.525,0.0421,0.18324,0.08406,1.21294,0.577,-0.0035567207763335107,0.05131376011572164,0.04002527415481261,-0.001753866110609903,0.02897505541611678,-0.00020703544661992979,0.06722414162153689,,,0.0726216519959082,0.18089456078686594,,0.02,0.144,-0.396534736530641,0.19098412951780666,-0.19180959047952395,False,1995-12-01,sec,10,False
REGN,"Regeneron Pharmaceuticals, Inc.",296,REGN,2730190,0.071948,[],United States,Healthcare,Biotechnology,NasdaqGS,USD,739.57,76142428160.0,76142428160.0,101137842.0,18.288082,11.99305,2.3395896,4.869895,14.479,0.0051,0.27865,0.14043,0.08535,0.193,0.13517733680809818,-0.0160117963928732,0.030323413110257214,0.07974190186104502,0.19796517899816868,0.05620358857997587,0.11038413551359794,0.18221617608537843,,0.012632483058186539,0.050984851146682386,0.21623915319988152,0.167,-0.045,-0.9095575155256306,0.2949838750559862,-0.13937440361207432,False,1991-04-01,sec,18,False
BARC.L,Barclays PLC,297,BARC,3134865,0.081272,[],United Kingdom,Financial Services,Banks - Diversified,LSE,GBp,431.25,57555263488.0,76069925922.39551,13346146890.0,8.984375,6.6797295,0.8851601,2.0798707,,0.027000000000000003,0.2787,0.10092,,0.873,0.06306223148934786,0.4871532455209304,0.1646397297793305,0.08588337633336729,-0.020132234632586954,0.05379211308937237,0.05447067347428147,,,0.06489749594517491,0.23994055186399477,0.27750552938442796,0.156,0.446,-0.8736002083356538,0.29645098941137993,-0.19886680289801217,False,1988-07-01,sec,8,False
SPG,"Simon Property Group, Inc.",298,SPG,2812452,0.127523,[],United States,Real Estate,REIT - Retail,NYSE,USD,199.61,75776647168.0,75776647168.0,323551515.0,14.086803,29.469994,14.69774,10.980584,18.503,0.0446,0.66571,1.20508,5.03504,1.312,0.20239376468059844,0.28634945341179496,0.12440128723931587,0.061971819250496774,0.08590113313882597,0.0634817964117913,0.06674299848016374,0.019125171172819533,,0.29360211316055373,0.3304686453835539,0.09747026853157248,0.195,-0.125,-0.7126170087690946,0.2643978512422243,-0.16306079664570228,False,1993-12-01,sec,19,False
ITW,Illinois Tool Works Inc.,299,ITW,2457552,0.103623,[],United States,Industrials,Specialty Industrial Machinery,NYSE,USD,264.71,75389403136.0,75389403136.0,284800000.0,23.999094,21.373936,26.049006,4.5107307,17.3,0.026000000000000002,0.19393998,1.04618,3.3485300000000002,0.997,0.11705419932498295,0.08390102403039612,0.05594794336213482,0.11479770309247539,0.11597361889052582,0.0023378226519090717,0.04994811807277366,0.01813316259315334,,0.0035034225297285726,0.07770305546698442,0.049070605790779265,0.061,0.101,-0.5184098203897367,0.22119954385062987,-0.12683071645335808,False,1985-01-01,sec,19,False
CMCSA,Comcast Corporation,300,CMCSA,2044545,0.08086,[],United States,Communication Services,Telecom Services,NasdaqGS,USD,21.21,75266580480.0,75266580480.0,3539192198.0,6.8419356,5.915889,0.8379755,0.6165168,4.693,0.0622,0.08966,0.114879996,1.00474,0.662,-0.15399129022892977,-0.15195030620474448,-0.12351072177591271,-0.005222031759853474,0.04752494357267034,0.006220134237919117,0.03618450068524881,0.05200540504230733,,0.5900961353295715,0.12981769532692145,0.08880857799477937,-0.012,-0.668,-0.5851639327439301,0.27488718707621473,-0.3545343883140596,False,1980-03-01,sec,19,False
RCL,Royal Caribbean Cruises Ltd.,301,RCL,2754907,0.031772,[],United States,Consumer Cyclical,Travel Services,NYSE,USD,281.41,75263688704.0,75263688704.0,267452084.0,17.370987,13.772646,7.352703,3.9121413,14.027,0.0213,0.23541,0.44669998,2.24816,1.822,0.02034498800187312,0.5185536944185121,0.28589630325955717,0.15412008576217495,0.11623411453371757,0.2659494720655575,0.52022825771937,0.08010797918697965,,,,0.20417379211465758,0.065,-0.046,-0.8833100458786982,0.5013360314432268,-0.21038749684334568,False,1993-04-01,sec,18,False
EL.PA,EssilorLuxottica Société anonyme,302,EL,7212477,0.072111,[],France,Healthcare,Medical Instruments & Supplies,Paris,EUR,146.05,66997313536.0,75041799474.48145,458728595.0,27.299067,18.402481,1.7115903,2.2830698,13.763,0.027999999999999997,0.085159995,0.06723,0.38359000000000004,0.546,-0.5289131256511126,-0.024406942650246455,-0.01711747303932898,0.05492679794237798,0.08409261566118253,0.05167768691316765,,,,0.024635918894394315,,,0.057,0.123,-0.5302833950939198,0.22980641057087936,-0.5489499691167388,False,2000-01-01,yahoo,4,False
NU,Nu Holdings Ltd.,303,NU,BN6NP19,0.03425,[],Brazil,Financial Services,Banks - Regional,NYSE,USD,15.38,74295992320.0,74295992320.0,3808087961.0,21.068493,13.612426,5.6069994,8.766354,,0.0,0.42728,0.31628,,0.955,-0.031057605656347187,0.23929612602925743,,,,0.8929226832254802,0.7984678804306455,,,,,,0.521,0.663,-0.6012793215451191,0.49200488738712095,-0.18967334035827188,False,2021-12-01,sec,6,False
CI,The Cigna Group,304,CI,BHJ0775,0.049248,[],United States,Healthcare,Healthcare Plans,NYSE,USD,281.03,74259505152.0,74259505152.0,264240486.0,11.61761,8.392809,1.7387996,0.2501929,7.556,0.0222,0.022720002,0.16758,0.7429000000000001,0.298,0.1685249431406055,-0.014481258143094422,0.0748587270850345,0.10089799799298382,0.10988107598086172,0.1504950175399522,0.11376491684986534,,,-0.02489455280099584,-0.0582596040265817,,0.067,0.102,-0.7829513625505485,0.2868818669884542,-0.09735337573071245,False,1985-01-01,sec,10,False
CP.TO,Canadian Pacific Kansas City Limited,305,CP,BMBQR09,0.086755,[],Canada,Industrials,Railroads,Toronto,CAD,120.0,105489506304.0,73873751944.13525,879079224.0,27.906975,20.065514,2.269976,6.841898,15.937,0.0089,0.25031,0.08154,0.52822,1.22,0.21519800689871182,0.08122631206538755,0.05703732084504631,0.13234147963378406,0.13261392651699055,0.19690454160179005,0.14374440299209867,0.08351289446626131,,0.055612159542735906,0.11100717550165462,0.11833233715634561,0.126,-0.135,-0.529932982610763,0.20689059270877397,-0.10031488978857395,False,2001-08-01,sec,18,False
MUV2.DE,Münchener Rückversicherungs-Gesellschaft Aktiengesellschaft in München,306,MUV2,5294121,0.123138,[],Germany,Financial Services,Insurance - Reinsurance,XETRA,EUR,524.0,65926778880.0,73842723828.81592,125814467.0,9.788903,10.151893,1.9643861,1.021587,,0.04650000000000001,0.11163,0.21299,0.24378,0.325,0.00673692838879103,0.15225948375690912,0.1965570618361281,0.16032227124157616,0.12133404314857898,0.026867014076916718,,,,0.04814946962807354,,,0.013,0.098,-0.8609055467034247,0.1842315542718032,-0.08774373259052926,False,1998-06-01,yahoo,4,False
9434.T,SoftBank Corp.,307,9434,BF5M0K5,0.034835,[],Japan,Communication Services,Telecom Services,Tokyo,JPY,242.0,11575759994880.0,73120376982.83203,47833719783.0,21.472937,20.880068,3.9759471,1.5856401,10.4,0.0365,0.07721,0.16712,1.59994,0.086,0.14336732152695197,0.16770511559368795,0.14310117434108016,,,0.05986924424614104,,,,0.012020430786591874,,,0.094,0.034,-0.16686374962761152,0.11503937860412985,-0.04310003954132069,False,2018-12-01,yahoo,4,False
SLB,SLB N.V.,308,SLB,2779201,0.067415,[],United States,Energy,Oil & Gas Equipment & Services,NYSE,USD,48.98,72693334016.0,72693334016.0,1484143231.0,23.661837,15.270794,2.7880235,1.9858772,11.118,0.0241,0.08527,0.12909001,0.47002000000000005,0.774,0.413424653141395,-0.011696287229968072,0.11482887396042374,-0.01707168978998952,0.009945960825441524,0.08326017106596773,0.08634313500805857,0.012130324330841047,,-0.006532947795186539,,0.049966717420884654,0.05,-0.297,-0.861628479983445,0.38997081147117885,-0.1898776050281178,False,1985-01-01,sec,19,False
ROST,"Ross Stores, Inc.",309,ROST,2746711,0.208604,[],United States,Consumer Cyclical,Apparel Retail,NasdaqGS,USD,225.2,72239898624.0,72239898624.0,320781076.0,27.230953,25.097626,10.676022,3.041815,20.511,0.0079,0.10848,0.42628,0.70281,0.861,0.4169509990450322,0.25622443218551827,0.15811940555718773,0.14683171321938304,0.19811464079887564,0.06761774010986832,0.12667161297888763,0.066593120502066,,0.12363229364733974,0.9055220397381272,0.07709861750201141,0.133,0.705,-0.8095238519865433,0.27814351995569303,-0.12373540856031129,False,1985-08-01,sec,18,False
GM,General Motors Company,310,GM,B665KZ5,0.080038,[],United States,Consumer Cyclical,Auto Manufacturers,NYSE,USD,82.25,72170389504.0,72170389504.0,877451541.0,36.883408,5.439013,1.1634321,0.3866373,10.648,0.0088,0.01051,0.03164,2.02341,1.321,0.18993948135652072,0.43865238091938874,0.09333119943265467,0.12015522271714452,,0.05272694779360543,0.09099442238405597,0.02154486658387933,,-0.2908002222577526,-0.12632255747708987,-0.1054105297216128,0.019,-0.262,-0.5186434291761268,0.3357819428032332,-0.1045182362547632,False,2010-11-01,sec,16,False
BAM.TO,Brookfield Asset Management Ltd.,311,BAM,BPCPYH2,0.025649,[],United States,Financial Services,Asset Management,Toronto,CAD,64.21,102559522816.0,71821899764.93213,1597230353.0,26.643152,20.799015,9.627405,17.762707,28.419,0.0444,0.48893002,0.26771,0.34454,1.325,-0.12650750869578964,0.2126111906139727,,,,,,,,4.076030980289447,,,0.608,0.474,-0.25866088577698887,0.27434560345525844,-0.22619908411665468,False,2022-12-01,yahoo,4,False
KMI,"Kinder Morgan, Inc.",312,KMI,B3NQ4P8,0.027872,[],United States,Energy,Oil & Gas Midstream,NYSE,USD,32.25,71814373376.0,71814373376.0,2226802089.0,20.806452,20.880003,2.2684112,3.8911846,13.559,0.0366,0.19305,0.109910004,0.98619,0.583,0.27283694059139996,0.31001555848465356,0.19806748870133162,0.10016725636014567,,-0.05698859500480058,0.08527968679767972,0.005413649117872232,,0.06378188774539306,0.7737112291683879,0.3126905982934607,0.108,0.212,-0.6458703202039706,0.20853523022246945,-0.07354208560758413,False,2011-02-01,sec,17,False
CMI,Cummins Inc.,313,CMI,2240202,0.17381,[],United States,Industrials,Specialty Industrial Machinery,NYSE,USD,520.4,71640596480.0,71640596480.0,137664487.0,26.591724,14.952219,5.5764513,2.0537345,15.246,0.0169,0.07822,0.21114,0.59586,1.226,0.21783590408126208,0.37152735485764055,0.19689783475456757,0.1814411628151651,0.17604001094762634,0.06246086056249833,0.11190413083747286,0.05827428401881951,,0.09743502424635864,0.09706738456539798,0.07348483730803346,0.094,0.047,-0.6989925889514754,0.2965451633445887,-0.2946215571459554,False,1985-01-01,sec,19,False
BA.L,BAE Systems plc,314,BA.,0263494,0.151929,[],United Kingdom,Industrials,Aerospace & Defense,LSE,GBp,1843.5,53944004608.0,71296979386.48975,2926173174.0,26.335714,19.220343,4.458283,1.9365292,16.977,0.019799999999999998,0.07192,0.18626,0.7295,-0.057,-0.01393299044561036,0.18681458158842323,0.2733378038043597,0.1305746502014542,0.0772733892350177,0.10053885566377208,,,,0.09028363582773946,,,0.077,0.056,-0.8176256708805192,0.24381077894762884,-0.21885593220338984,False,1988-07-01,yahoo,4,False
NSC,Norfolk Southern Corporation,315,NSC,2641894,0.163748,[],United States,Industrials,Railroads,NYSE,USD,316.99,71198605312.0,71198605312.0,224608373.0,27.046926,22.181185,4.380614,5.534608,15.095,0.017,0.21021,0.16985,1.05519,1.268,0.13781039047295596,0.2094543575873864,0.03725509722834652,0.15345615445793537,0.11920332209176565,-0.015000939727698559,0.044676419652051935,0.01484642278442938,,-0.042365134110432745,0.07383404272038718,0.06354291758517339,0.114,-0.044,-0.6147963677627291,0.26633960982318605,-0.1160345789180145,False,1985-01-01,sec,19,False
CNR.TO,Canadian National Railway Company,316,CNR,2180632,0.111007,[],Canada,Industrials,Railroads,Toronto,CAD,166.23,100419534848.0,70323277334.60352,604100000.0,21.338896,18.504293,4.5912275,5.761755,13.643,0.022000000000000002,0.26924,0.22017999,1.0389,0.988,0.2824329897373443,0.0710944553511812,0.02626633999324013,0.09247321401891906,0.11649138624846933,0.003823943413180375,,,,-0.026624137876569698,,,0.113,0.102,-0.32694525083593406,0.1795133573213715,-0.10267206477732804,False,1996-11-01,yahoo,4,False
TGT,Target Corporation,317,TGT,2259101,0.098468,[],United States,Consumer Defensive,Discount Stores,NYSE,USD,154.76,70306963456.0,70306963456.0,454296736.0,16.070612,16.213299,3.9402194,0.6609563,9.889,0.03,0.04078,0.26408002,1.07583,0.986,0.729099348541199,0.15768180303391954,-0.07065737098780422,0.11708794541201817,0.07602799172656893,-0.013437328806924498,0.02290831244420044,0.03569297683208994,,0.1004774271762201,-0.032388287801320303,0.009732033817033692,0.053,1.005,-0.6127731956593689,0.320626994216658,-0.0936456808199122,False,1985-01-01,sec,19,False
CL,Colgate-Palmolive Company,318,CL,2209106,0.090884,[],United States,Consumer Defensive,Household & Personal Products,NYSE,USD,88.1,70230925312.0,70230925312.0,797172829.0,34.68504,21.498186,297.63513,3.201645,14.874,0.0241,0.096829996,2.67367,13.88163,0.323,0.15843677953601376,0.07536996299901255,0.051980664449746916,0.04459806542984657,0.07633715353175297,0.042934601917500315,0.043531026206107715,0.024284242923243937,,0.0610023031422402,-0.045786215251793605,0.04415533312477238,0.049,-0.055,-0.2679084560244176,0.18430242893557472,-0.1130574851505084,False,1985-01-01,sec,19,False
CVNA,Carvana Co.,319,CVNA,BYQHPG3,0.035514,[],United States,Consumer Cyclical,Auto & Truck Dealerships,NYSE,USD,63.2,70054912000.0,70054912000.0,719916415.0,33.439156,28.102505,11.281685,2.8538804,19.755,0.0,0.06257,0.58773,1.1088,3.548,0.04198148013785952,1.2781140720436102,0.010479463608966455,,,0.1431413679257303,0.2946654403024904,0.656805585601808,,,,,0.524,0.615,-0.985958051912869,1.0972254474512873,-0.3509827681817248,False,2017-04-01,sec,11,False
G.MI,Assicurazioni Generali S.p.A.,320,G,4056719,0.045136,[],Italy,Financial Services,Insurance - Diversified,Milan,EUR,41.59,62476840960.0,69978545760.64697,1502208272.0,14.098305,12.222719,1.9589279,1.0617938,12.29,0.04,0.07684,0.1514,1.1893,0.69,0.3110652049765419,0.3685642467102139,0.23623231867836925,0.19944356688552856,0.06267606058880859,0.30892886752971926,,,,0.2312765002985555,,,0.054,0.171,-0.7322718849424634,0.1876718873649188,-0.10056228373702414,False,1986-07-01,yahoo,4,False
DHL.DE,DHL AG,321,DHL,4617859,0.111596,[],Germany,Industrials,Integrated Freight & Logistics,XETRA,EUR,56.18,62359801856.0,69847453564.41553,1110000000.0,17.447205,14.458067,2.7979481,0.7387157,10.417,0.0342,0.04344,0.18090001,1.22614,1.134,0.45719520861312435,0.20235709914253497,0.054915012467608326,0.11259815150347685,0.09035070936276957,-0.0426728420395982,,,,-0.13230029212333416,,,0.128,0.286,-0.6751191576345643,0.24582072326052082,-0.04617996604414265,False,2000-11-01,yahoo,4,False
4063.T,"Shin-Etsu Chemical Co., Ltd.",322,4063,6804585,0.01806,[],Japan,Basic Materials,Chemicals,Tokyo,JPY,6085.0,11044668833792.0,69765643822.48828,1815064711.0,24.099964,18.454493,2.482396,4.399429,11.695,0.019,0.18361999,0.112320006,0.05487,1.077,0.3558112167453562,0.13660641585989675,0.11301585238556622,0.16775273640576271,0.09257074597321657,-0.02868611973206192,,,,-0.1250031528966865,,,0.054,0.057,-0.5776366977054301,0.2888606859594006,-0.23266078184110972,False,2000-01-01,yahoo,4,False
0386.HK,China Petroleum & Chemical Corporation,323,386,6291819,0.024657,[],China,Energy,Oil & Gas Integrated,HKSE,HKD,4.535,547293593600.0,69738478438.12256,23643504600.0,13.742423,9.262207,0.5568868,0.18846579,6.761,0.053899999999999997,0.01255,0.04125,0.5653,0.736,0.13422287475856742,0.1018371227809507,0.11806097432964946,0.05793578602338312,0.0636571282660392,-0.05696748039491284,,,,-0.21420834213525553,,,0.083,-0.098,-0.648118673369871,0.2450032647010147,-0.20438596491228067,False,2000-10-01,yahoo,4,False
ORLY,"O'Reilly Automotive, Inc.",324,ORLY,B65LWX6,0.155808,[],United States,Consumer Cyclical,Auto Parts,NasdaqGS,USD,86.01,69578719232.0,69578719232.0,808960792.0,27.304762,23.559092,-38.243664,3.7201836,18.807,0.0,0.1427,,,0.515,-0.09186427802931008,0.11404328158076682,0.15635509327033037,0.17143813280242437,0.20231406195426271,0.07260598606028323,0.08910774866946913,0.08360334364222477,,0.05320408910411012,0.07692060029366976,0.10547186771289208,0.081,0.103,-0.47890796908816036,0.2209664757033072,-0.1734576206034979,False,1993-04-01,sec,18,False
MFC.TO,Manulife Financial Corporation,325,MFC,2492519,0.069364,[],Canada,Financial Services,Insurance - Life,Toronto,CAD,59.89,99075809280.0,69382273316.57959,1654296392.0,16.230352,11.972923,1.9608421,3.038048,8.967,0.032400000000000005,0.20312001,0.13313,0.42485,0.759,0.3775085748710676,0.41414274926329453,0.25937664358092927,0.17101693206788093,0.06609928492058059,0.09532349277897323,-0.05153779148252424,,,,0.016786969213440583,,0.107,0.224,-0.715199998969509,0.1828941516927942,-0.05803711859075178,False,1999-09-01,sec,10,False
FDX,FedEx Corporation,326,FDX,2142784,0.149758,[],United States,Industrials,Integrated Freight & Logistics,NYSE,USD,291.73,69043871744.0,69043871744.0,236670435.0,15.726686,14.089385,2.2123718,0.712335,8.176,0.0167,0.0468,0.14846,1.35697,1.364,0.43554343823754604,0.1657415708258827,0.10943495325282093,0.0920075630451278,0.07029794458139693,0.016601213758559163,0.024412540775736513,0.06520031233422441,,0.03725666291389196,-0.03246166493130076,0.09305434027526327,0.125,-0.043,-0.6262626076616966,0.32704390479323364,-0.15531169470423023,False,1978-04-01,sec,19,False
NOC,Northrop Grumman Corporation,327,NOC,2648806,0.133544,[],United States,Industrials,Aerospace & Defense,NYSE,USD,484.48,68826693632.0,68826693632.0,142063026.0,15.399874,15.935889,3.8485003,1.601339,11.5,0.0204,0.104820006,0.26958,0.95348,-0.11,-0.15624162126371255,0.026074960574641315,0.0802304540564649,0.09527858642446119,0.1339582499272367,0.04654085181148626,0.026567406658034587,0.1593953338508558,,-0.05118646115600245,0.05571307870723352,0.07709273159476204,0.051,-0.058,-0.6815635082524848,0.24688118494968958,-0.3740568475452196,False,1985-01-01,sec,19,False
RACE.MI,Ferrari N.V.,328,RACE,BD6G507,0.056267,[],Italy,Consumer Cyclical,Auto Manufacturers,Milan,EUR,347.9,61021646848.0,68348623917.729004,175399966.0,37.69231,31.56976,16.72918,8.296043,25.056,0.0105,0.2225,0.45439997,0.86386,0.6,0.003799943974039932,0.07303663066941746,0.11776320084921998,0.22712485510820457,,0.11933742456699536,,,,0.19635568913605517,,,0.084,0.101,-0.37113524774333406,0.27285044601892744,-0.07841059602649014,False,2016-01-01,yahoo,4,False
APO,"Apollo Global Management, Inc.",329,APO,BN44JF6,0.011306,[],United States,Financial Services,Asset Management,NYSE,USD,115.3,68089630720.0,68089630720.0,590543159.0,41.326168,10.779802,3.3868933,1.8930792,,0.0195,0.052670002,0.11412,1.00969,1.58,-0.06195646036425395,0.15761973348275538,0.10433021487517813,0.24892094351750327,,0.42964764687572576,0.6857827475731679,,,,0.9513344257691965,,0.638,0.637,-0.4960845618878431,0.3691488141333618,-0.2478309087350773,False,2011-03-01,sec,6,False
9433.T,KDDI Corporation,330,9433,6248990,0.166668,[],Japan,Communication Services,Telecom Services,Tokyo,JPY,2893.0,10692419649536.0,67540598282.83594,3695962728.0,14.86181,1241.631,2.1483164,1.7633063,8.949,0.028900000000000002,0.12086,0.14586,0.9379900000000001,-0.102,0.20332621460771683,0.11988296010444444,0.13736654579469953,0.09642658838776819,0.111928855513165,0.02550664550150583,,,,0.027737376722015927,,,0.036,0.194,-0.8085559999877082,0.15161653434909805,-0.07305350849086834,False,2000-01-01,yahoo,4,False
2383.TW,"Elite Material Co., Ltd.",331,2383,6316121,0.019523,[],Taiwan,Technology,Electronic Components,Taiwan,TWD,6000.0,2149925912576.0,67345126457.94629,358321000.0,93.85265,25.603405,36.854584,16.471493,64.352,0.0042,0.17571,0.48384,0.48862,1.612,3.399435822883084,1.5832240425406723,0.9454889814381964,0.5700313091942313,0.4077032927548332,0.3457852581686194,,,,0.42402314745060155,,,1.1,1.865,-0.8764129582465957,0.5408336522718886,-0.07264296754250388,False,2000-01-01,yahoo,4,False
MPWR,"Monolithic Power Systems, Inc.",332,MPWR,B01Z7J1,0.032881,[],United States,Technology,Semiconductors,NasdaqGS,USD,1369.8,67316084736.0,67316084736.0,49143000.0,83.32117,39.164715,17.280401,21.990845,69.338,0.0058,0.24500999,0.21979,0.00486,1.681,0.4386215016932873,0.49191330284445134,0.23170449712196617,0.3476386359705974,0.29196274944867695,0.1586149467868072,0.27004800152081065,0.23684251176783544,,0.12398408861499366,0.3047241392657871,0.33267183366271436,0.476,0.858,-0.6232283524954201,0.4360229357982666,-0.2008587647089709,False,2004-11-01,sec,17,False
MRK.DE,Merck KGaA,333,MRK,4741844,0.043896,[],Germany,Healthcare,Drug Manufacturers - Specialty & Generic,XETRA,EUR,137.85,59934134272.0,67130531783.1792,129242252.0,26.107954,15.463397,1.9811728,2.7997763,12.289,0.015700000000000002,0.11214,0.08134,0.40618000000000004,0.785,0.2625697383007892,0.013079404729119393,-0.057797338485958805,0.05586260409812649,0.07883161545962025,-0.017237986030507302,,,,-0.07786370923975028,,,0.034,-0.247,-0.6084418775782297,0.24815212713577153,-0.07358870967741948,False,1998-06-01,yahoo,4,False
AEP,"American Electric Power Company, Inc.",334,AEP,2026242,0.146909,[],United States,Utilities,Utilities - Regulated Electric,NasdaqGS,USD,122.32,66590687232.0,66590687232.0,544397352.0,21.199306,17.83912,2.0757182,2.8338952,13.149,0.0311,0.13781999,0.10130999,1.6078899999999998,0.5,0.04468493690876607,0.21579611487854988,0.1148239816017862,0.10309043712647892,0.09730190229436353,0.03823251329761068,0.07784154699085755,0.0280753309711006,,0.1577086046817906,0.10227033896116189,0.05748544081724405,0.07,-0.432,-0.5099012019912513,0.19451750482545987,-0.1298904538341159,False,1985-01-01,sec,19,False
6503.T,Mitsubishi Electric Corporation,335,6503,6597045,0.136483,[],Japan,Industrials,Electrical Equipment & Parts,Tokyo,JPY,5143.0,10524819456000.0,66481921415.03906,2046435776.0,25.934143,31.143272,2.3027432,1.7882446,17.064,0.011899999999999999,0.07018,0.10283,0.07163,0.755,0.2384602400705922,0.48965458373720216,0.3092021589427516,0.16615013887286145,0.10572092228753949,0.05614806856125254,,,,0.23991473486048287,,,0.14,,-0.7583628941458489,0.27339813797226004,-0.23078073586598868,False,2000-01-01,yahoo,4,False
DG.PA,Vinci SA,336,DG,B1XH026,0.107086,[],France,Industrials,Engineering & Construction,Paris,EUR,107.35,59295653888.0,66415387930.15332,552358239.0,11.914539,10.675303,1.9446759,0.7740409,6.882,0.046799999999999994,0.06713,0.16318001,1.20742,0.731,-0.03425990293411718,0.05467898145664685,0.07294298171007974,0.08575071776865428,0.08677310496445267,0.06588419295404835,,,,0.04805663336515642,,,0.023,0.108,-0.5404756313578623,0.1989106722330662,-0.2500873209919665,False,2000-01-01,yahoo,4,False
AMXB.MX,"América Móvil, S.A.B. de C.V.",337,AMX B,BMVRB77,0.052858,[],Mexico,Communication Services,Telecom Services,Mexico,MXN,20.2,1206600597504.0,66115100740.5,59732700000.0,13.557048,10.47115,3.2304497,1.2447039,5.818,0.026699999999999998,0.09372,0.21579,1.57801,0.227,-0.024834546930091683,0.13105696514456677,0.05930440714644769,0.08380807292273662,0.054845390791729676,0.037691864777498196,,,,0.028337444474764162,,,0.031,0.081,-0.9246883259019787,0.2404535022080932,-0.17517354022049814,False,2000-01-01,yahoo,4,False
6752.T,Panasonic Holdings Corporation,338,6752,6572707,0.059407,[],Japan,Technology,Consumer Electronics,Tokyo,JPY,4451.0,10392751308800.0,65647689130.078125,2334925020.0,41.041958,26.360674,1.9224075,1.3053493,13.397,0.012,0.030989999,0.0525,0.27876,0.846,1.632742709244516,0.5630347254617865,0.30431043315773576,0.18376033084674548,0.05195477407275595,-0.013313360195891133,,,,-0.10626034797019712,,,0.064,0.892,-0.8567505662627777,0.3157898481073636,-0.10658370132476913,False,2000-01-01,yahoo,4,False
ABX.TO,Barrick Mining Corporation,339,ABX,BNM23Q1,0.038325,[],Canada,Basic Materials,Gold,Toronto,CAD,56.86,93584990208.0,65537081313.06299,1645884419.0,10.628037,9.127018,2.411255,4.5316606,7.966,0.0171,0.316,0.27009,0.12706,1.136,0.24373182023535334,0.39336883456409133,0.23065255547407038,0.11267624234513063,0.04173498254551311,0.15470910306736108,0.061267945988718875,,,0.9160609841366225,0.14633659689319645,,0.438,0.553,-0.8306920752088902,0.34191718452411823,-0.2316216216216216,False,1995-01-01,sec,10,False
HON,Honeywell International Inc.,340,HON,BN7RHC5,0.076784,[],United States,Industrials,Conglomerates,NasdaqGS,USD,206.6,65479806976.0,65479806976.0,316940010.0,7.6264305,20.992586,3.532409,1.7805338,11.025,0.013600000000000001,0.21581,0.46577,1.85369,0.901,0.017533692869565964,0.07365117677480337,0.015638119067956868,0.09552605270366166,0.11161638154406583,0.0182371617394117,0.0278500503505279,0.16855787531754607,,-0.01326145892043884,-0.0038528011231970805,-0.001558229959808033,0.043,2.639,-0.6449809992018374,0.2302217726724973,-0.20624910169950672,False,1962-01-01,sec,19,False
URI,"United Rentals, Inc.",341,URI,2134781,0.02016,[],United States,Industrials,Rental & Leasing Services,NYSE,USD,1050.15,65363951616.0,65363951616.0,62242489.0,25.250061,18.296274,7.0971427,3.972544,17.51,0.0075,0.15673,0.28895,1.6679300000000001,1.826,0.23883582797047387,0.3936940849783388,0.2401353463559397,0.3083803595870347,0.2121994465685002,0.138938438375652,0.1313001839740795,-0.04436612101182691,,0.05815214421988113,0.2288568324436011,0.15604318625078806,0.118,0.255,-0.9035714312670793,0.39894287263112227,-0.10942349768483184,False,1997-12-01,sec,17,False
3037.TW,Unimicron Technology Corp.,342,3037,6137720,0.029549,[],Taiwan,Technology,Electronic Components,Taiwan,TWD,1270.0,2083294806016.0,65257947420.25586,1640389661.0,82.95232,33.3852,16.303999,14.585246,63.193,0.0016,0.16028999,0.22649999,0.39295,2.313,7.009393080499082,1.1113484129349231,0.500294099385904,0.616534923468222,0.22791493865305212,-0.02244298670496936,,,,-0.3915067182208464,,,0.321,429.826,-0.7954447224793981,0.6121063939674558,-0.10563380281690138,False,2000-01-01,yahoo,4,False
ENGI.PA,Engie SA,343,ENGI,B0C2CQ3,0.026583,[],France,Utilities,Utilities - Diversified,Paris,EUR,22.91,58205327360.0,65194143967.40967,2540607984.0,14.055215,10.854682,1.7077898,0.8397306,9.042,0.0594,0.05989,0.12218001,1.4377000000000002,0.555,0.17479010839175602,0.23679233896759389,0.22265479258322318,0.12209399589816239,0.04797732030686008,-0.0848368856114885,,,,1.606963217998668,,,-0.036,0.143,-0.7265022930390769,0.23748736527332842,-0.23352291736366682,False,2000-01-01,yahoo,4,False
VOLV-A.ST,AB Volvo (publ),344,VOLV A,B1QH7Y4,0.078474,[],Sweden,Industrials,Farm & Heavy Construction Machinery,Stockholm,SEK,318.0,646637748224.0,64702082325.740234,440743116.0,18.037437,,3.66216,1.3704866,15.341,0.0274,0.076009996,0.20883,1.47349,0.975,0.2543221553530126,0.18413575310497188,0.16084665811365184,0.1876786490795701,0.10986944143498478,0.0039996470969143605,,,,0.017360814905639455,,,0.027,0.401,-0.7531673195573517,0.23411653119950582,-0.15018706574024587,False,2000-01-01,yahoo,4,False
1211.SR,Saudi Arabian Mining Company (Maaden),345,1211,B3C8VY3,0.010178,[],Saudi Arabia,Basic Materials,Other Industrial Metals & Mining,Saudi,SAR,62.4,242224349184.0,64501996317.978516,3881800495.0,31.515152,40.258068,3.7136228,6.0567756,19.045,0.0,0.19038999,0.12613,0.48841999999999997,0.483,-0.0194684478706576,0.20501985756784724,0.19153782135042663,0.1715812755325583,,-0.014266734958252814,,,,-0.07615988817668029,,,0.162,0.107,-0.7398135783955195,0.3926029337265003,-0.21902377972465592,False,2010-03-01,yahoo,4,False
NDA-SE.ST,Nordea Bank Abp,346,NDA SE,BYZF9J9,0.065007,[],Finland,Financial Services,Banks - Regional,Stockholm,SEK,188.25,638874091520.0,63925256728.115234,3393753656.0,12.491706,137.40875,20.50207,55.837524,,0.0762,0.4058,0.15337,,0.64,0.17077439307391917,0.179840516372485,0.13207799270747245,0.07793868987583163,0.05490120845507507,0.06590034898950203,,,,0.10481772821388136,,,0.015,0.029,-0.6180068172800797,0.18440013895542726,-0.0817073170731707,False,2000-01-01,yahoo,4,False
KEYS,"Keysight Technologies, Inc.",347,KEYS,BQZJ0Q9,0.159378,[],United States,Technology,Scientific & Technical Instruments,NYSE,USD,374.67,63785603072.0,63785603072.0,170244745.0,50.699596,27.009922,9.710251,9.415968,36.594,0.0,0.19143,0.20897,0.42094000000000004,1.208,1.0915949220281624,0.46325880753308546,0.16270003831403357,0.27846446314435824,,-0.0027752224099102385,0.04952460179009255,0.2820650036113628,,-0.08893183515536873,0.06274795262847177,0.051792709219298905,0.365,1.091,-0.4089874277357666,0.32971687040169445,-0.039135229400148686,False,2014-10-01,sec,13,False
DBK.DE,Deutsche Bank Aktiengesellschaft,348,DBK,5750355,0.052588,[],Germany,Financial Services,Banks - Regional,XETRA,EUR,30.15,56651849728.0,63454137528.40527,1879000000.0,9.220183,7.8502336,0.71871275,1.9335846,,0.0335,0.22715001,0.08891,,1.036,0.001310625595293935,0.4678663983551874,0.25391503365244983,0.11835203856880394,-0.023244611968192608,0.06389517926644728,,,,0.07850262255238438,,,0.087,0.188,-0.9097554271489103,0.3004652079661447,-0.15887850467289721,False,1996-11-01,yahoo,4,False
005380.KS,Hyundai Motor Company,349,A005380,6451055,0.049418,[],South Korea,Consumer Cyclical,Auto Manufacturers,KSE,KRW,324500.0,84965156978688.0,63361443139.80469,202416066.0,8.99484161672973,,,0.48075598,15.697,0.0308,0.043169998,0.07165,1.40659,1.742,0.18686203564523218,0.31447002841468197,0.14916216003562965,0.13012135291896487,0.10369190676982165,0.09425477978394636,,,,0.08651910130111617,,,0.019,-0.354,-0.6039775473483695,0.5157885528595476,-0.5855683269476373,True,2000-01-01,yahoo,4,False
MET,"MetLife, Inc.",350,MET,2573209,0.170788,[],United States,Financial Services,Insurance - Life,NYSE,USD,98.47,62575415296.0,62575415296.0,635476927.0,18.863985,8.856546,2.2885098,0.7536274,13.8,0.0241,0.04567,0.13094,1.7993299999999999,0.759,0.24347493322419989,0.20669637867859736,0.12300325805358181,0.12408565245264236,0.06201896478843194,0.04905504391374804,0.12463533345776856,-0.27574545836198594,,-0.14625464586165693,-0.09375878698962137,-0.048471992508088424,0.105,0.058,-0.7265813130516359,0.24990275566887404,-0.02437332804914305,False,2000-04-01,sec,19,False
TER,"Teradyne, Inc.",351,TER,2884183,0.024652,[],United States,Technology,Semiconductor Equipment & Materials,NasdaqGS,USD,398.72,62336184320.0,62336184320.0,156340750.0,54.76923,34.21764,19.853607,15.568473,46.036,0.0013,0.25766,0.36465,0.02883,1.747,1.277249493018004,0.7111610342448842,0.24941775763581409,0.34029569530297477,0.189264955674183,0.003681989032964239,0.004354396137920213,0.06882397458856837,,-0.08171225703081175,-0.067111317315245,0.10374180637330332,1.039,3.858,-0.9655454579556245,0.48433017966048003,-0.1828001065770326,False,1985-01-01,sec,18,False
TRP.TO,TC Energy Corporation,352,TRP,BJMY6G0,0.051711,[],Canada,Energy,Oil & Gas Midstream,Toronto,CAD,85.36,88925224960.0,62273871974.90723,1041766896.0,24.319088,21.777899,3.5191293,5.6112,15.857,0.041100000000000005,0.22913,0.11826,1.7037,0.981,0.2656861506869672,0.32010847486064886,0.13255435973345753,0.1016375992045424,0.09863631290300434,0.0737699168980781,0.03230802873101157,0.029875159485338143,,0.7439751640026089,-0.05270061230403078,,0.057,0.183,-0.6807941354191236,0.2050263791829567,-0.14793371930525057,False,1995-01-01,sec,16,False
REN.AS,RELX PLC,353,REN,BYWLC68,0.152067,['REL.L'],United Kingdom,Industrials,Specialty Business Services,Amsterdam,EUR,31.92,55465402368.0,62125231335.34863,1737637860.0,22.166666,16.829407,38.640747,5.317074,18.239,0.026000000000000002,0.23271999,1.31864,7.09641,0.265,-0.17480437736373444,-0.004440581168844382,0.04653633758569087,0.09405504463600844,0.09517840226475704,0.038883172385113296,0.06167062526810407,0.048521049659505655,,0.08386484341248113,0.11459148725225199,0.07438703478192177,0.027,0.243,-0.4831287668861568,0.19232975144186798,-0.215339233038348,False,1995-03-01,sec,11,False
TEL,TE Connectivity plc,354,TEL,BRC3N84,0.160141,[],Ireland,Technology,Electronic Components,NYSE,USD,214.31,62045577216.0,62045577216.0,289513228.0,20.990206,16.591545,4.691036,3.1674092,13.298,0.0146,0.15609,0.23290001,0.43441,1.158,-0.103495371897941,0.24788964609398678,0.10154222302128435,0.1528699690842823,,0.019694347779123156,0.07237290827192866,0.03503685375201315,,-0.08796050001140376,,-0.026922510539149624,0.138,0.192,-0.7587797271946568,0.2449145033293288,-0.15144916059550206,False,2007-06-01,sec,19,False
APD,"Air Products and Chemicals, Inc.",355,APD,2011602,0.056457,[],United States,Basic Materials,Specialty Chemicals,NYSE,USD,278.38,61991198720.0,61991198720.0,222685530.0,,19.278048,4.4650106,4.829842,17.379,0.026000000000000002,-0.00375,0.00023,1.1009099999999998,0.754,0.18918948800763413,0.024549452995562104,0.012423450287076587,0.10406492399737166,0.1033309130425153,-0.01766923192508929,0.06329887156173086,0.04401889574419826,,,,,0.046,,-0.5371018336146263,0.25612767406593423,-0.11588909708768702,False,1985-01-01,sec,19,False
CSL.AX,CSL Limited,356,CSL,6185495,0.078889,[],Australia,Healthcare,Biotechnology,ASX,AUD,183.84,88221925376.0,61538735935.802734,479884274.0,,19.311018,4.141859,5.326816,18.955,0.0223,-0.16326,-0.15835,0.66818,0.125,0.046153980593220956,-0.05994678999835057,-0.0802572170825111,0.0762903639446284,0.13896397999566035,0.06017010870840367,,,,,,,0.055,,-0.7638372762537458,0.3113879492069856,-0.17364138985031685,False,1994-05-01,yahoo,4,False
STAN.L,Standard Chartered PLC,357,STAN,0408284,0.085313,[],United Kingdom,Financial Services,Banks - Diversified,LSE,GBp,2136.0,46402072576.0,61328921276.46826,2172381817.0,13.518988,10.073642,1.3936014,2.262185,,0.0245,0.26033002,0.09844,,0.595,0.3926540775127474,0.5107738068440195,0.34452421632024466,0.1182143876149,0.03105817281368428,0.08350072473480119,,,,0.19928156906209127,,,0.027,0.068,-0.7947927033106261,0.316371195326055,-0.09644670050761417,False,1988-07-01,yahoo,4,False
WES.AX,Wesfarmers Limited,358,WES,6948836,0.105938,[],Australia,Consumer Cyclical,Home Improvement Retail,ASX,AUD,77.35,87814111232.0,61254267343.53906,1135282728.0,29.980621,26.527428,11.177745,1.8304193,20.408,0.0292,0.06079,0.33485,1.59408,0.805,-0.06624498087653219,0.17891033779374732,0.0999974615094612,0.15471600601068802,0.125819345984858,0.027803097554365497,,,,0.05250284892453161,,,0.038,-0.129,-0.5784351446924294,0.21787472838226823,-0.1832101372756073,False,1988-02-01,yahoo,4,False
WPM.TO,Wheaton Precious Metals Corp.,359,WPM,BF13KN5,0.089396,[],Canada,Basic Materials,Gold,Toronto,CAD,192.06,87225958400.0,61083884451.61133,454159968.0,30.828249,27.069302,6.5171857,27.132399,32.959,0.005600000000000001,0.64659,0.2355,0.20399,1.274,0.4044134452083006,0.49055708831519684,0.31937875729127274,0.2087123947256484,0.15723914510890502,0.2952936692748307,0.1612221961750544,,,0.3004862420324179,0.5808281374764135,,0.847,0.857,-0.7529412584683153,0.34119066009278404,-0.15272631021704608,False,2004-12-01,sec,10,False
BSX,Boston Scientific Corporation,360,BSX,2113434,0.055958,[],United States,Healthcare,Medical Devices,NYSE,USD,42.04,60925612032.0,60925612032.0,1449229526.0,17.020243,12.429853,2.4396472,2.9839108,13.129,0.0,0.17499,0.15338999,0.50151,0.568,-0.5810676569145359,-0.06218450785959473,-0.004256452257977439,0.06736616551872054,0.050007505174058275,0.16541890019606442,0.15155785671653277,0.10380067145732896,,0.6526762435429752,,,0.075,0.151,-0.8839729129795206,0.2516322006127624,-0.6020823473734027,False,1992-05-01,sec,19,False
0388.HK,Hong Kong Exchanges and Clearing Limited,361,388,6267359,0.052932,[],Hong Kong,Financial Services,Financial Data & Stock Exchanges,HKSE,HKD,377.8,477538713600.0,60850014820.56885,1263998743.0,24.171465,23.073305,7.8729653,15.174247,12.78,0.039599999999999996,0.62893003,0.33569,0.01552,0.956,-0.07494667568756697,0.14867833159179034,-0.014362359191863683,0.09147323103423521,0.1263590985877432,0.11927689678271247,,,,0.20774140046034528,,,0.189,0.214,-0.749781183599927,0.3615573054257229,-0.16747465843984133,False,2000-06-01,yahoo,4,False
CIEN,Ciena Corporation,362,CIEN,B1FLZ21,0.029429,[],United States,Technology,Communication Equipment,NYSE,USD,425.93,60400504832.0,60400504832.0,141808525.0,95.286354,36.009308,19.772074,9.219247,54.753,0.0,0.10869,0.22396,1.07496,1.289,1.2759759688008585,1.1709525906505358,0.5141868693215581,0.3640568546547309,0.1566769027811865,0.09500526254009078,0.061907524784472256,0.2681777321761616,,-0.06911811595162765,-0.19341906634512185,0.26594188851942113,0.37,4.229,-0.9937535442988771,0.49438734866678874,-0.3318849900393719,False,1997-02-01,sec,18,False
MSTR,Strategy Inc,363,MSTR,2974329,0.028522,[],United States,Technology,Software - Application,NasdaqGS,USD,151.47,60398788608.0,60398788608.0,379110575.0,,3.0606182,1.8223928,130.1799,-2.207,0.0,0.0,-0.63562,0.14938,3.571,-0.4171242623891629,0.5481520167298455,0.17058549249193833,0.23220344975651197,0.13756034606606904,-0.014930804375807294,-0.0014611997079260197,-0.010407954958391419,,,,,0.069,,-0.9964044943820225,0.9833693257084851,-0.5316760968370281,False,1998-06-01,sec,17,False
OXY,Occidental Petroleum Corporation,364,OXY,2655408,0.041848,[],United States,Energy,Oil & Gas E&P,NYSE,USD,60.28,60258140160.0,60258140160.0,999637371.0,17.125,14.755306,1.8010695,2.4608645,5.646,0.018600000000000002,0.30318,0.10629,0.34511000000000003,0.245,0.46105626708419556,0.0028433019927085468,0.13599261248271,0.006112985619205036,0.040620086747977124,-0.15878970938402315,0.04716358074234517,0.056237403111551565,,-0.49370594805489065,,,0.534,9.649,-0.8793322839051539,0.3553257507840159,-0.10630096367679764,False,1985-01-01,sec,19,False
ALAB,"Astera Labs, Inc.",365,ALAB,BMTQ7V2,0.032,[],United States,Technology,Semiconductors,NasdaqGS,USD,347.05,60208005120.0,60208005120.0,173485104.0,170.96059,54.28186,34.889915,51.705513,208.722,0.0,0.30742002,0.25826,0.02574,3.69,1.0062205784334393,,,,,1.2017644470675775,,,,,,,1.045,1.862,-0.5494903771703166,0.9266964854625773,-0.3051718200674306,False,2024-03-01,sec,4,False
FIX,"Comfort Systems USA, Inc.",366,FIX,2036047,0.009122,[],United States,Industrials,Engineering & Construction,NYSE,USD,1706.39,60055248896.0,60055248896.0,35194329.0,41.987946,28.355486,18.638885,5.396118,31.128,0.0021,0.12775,0.55292,0.11498,1.659,0.8455148523399818,1.1446482238554898,0.8176771956258151,0.5192164188041408,0.299681013381377,-0.23808612259526285,-0.08508751361229527,0.01483548723775674,,0.6079855453179865,0.46770538065004885,0.33366683647108575,0.503,0.919,-0.9212834149710852,0.40283922013172074,-0.17724289895322531,False,1997-06-01,sec,17,False
AJG,Arthur J. Gallagher & Co.,367,AJG,2359506,0.027214,[],United States,Financial Services,Insurance Brokers,NYSE,USD,234.05,59996610560.0,59996610560.0,256341000.0,38.814262,15.809735,2.529286,3.8553793,16.556,0.012,0.10378,0.06722,0.59401,0.547,-0.06053104560595757,0.004177643848684021,0.07789238486304084,0.18830992010155656,0.14408350751785548,0.17699918642049317,0.14762697783826462,0.09964954239985446,,0.1043284532446005,0.11862421345823027,0.1446949713828114,0.309,-0.107,-0.5206609652590373,0.24404305971719065,-0.23448027735984822,False,1985-01-01,sec,18,False
NBIS,Nebius Group N.V.,368,NBIS,B5BSZB3,0.034246,[],Netherlands,Communication Services,Internet Content & Information,NasdaqGS,USD,219.71,59729313792.0,59729313792.0,238400165.0,171.64845,-61.75081,5.824453,43.936134,266.311,0.0,0.03129,0.00601,0.9859600000000001,1.46,0.8298346188881625,,,,,2.39828184367049,-0.2909232275679312,-0.04278690731747514,,-0.544108178348005,-0.24070978071945237,-0.04648926393813935,4.54,,-0.360151374830581,0.8641736179933615,-0.2672914026545722,False,2024-10-01,sec,15,False
DB1.DE,Deutsche Börse AG,369,DB1,7021963,0.114596,[],Germany,Financial Services,Financial Data & Stock Exchanges,XETRA,EUR,294.4,53076688896.0,59449700811.703125,180287660.0,25.335629,21.61443,5.1251693,6.6680145,16.842,0.0144,0.27294,0.20412001,0.57645,0.312,0.3546883129440501,0.25669612105293194,0.17452130465627835,0.1807951119540514,0.07310988086630932,0.1220218780972222,,,,0.10109641094733512,,,0.117,0.137,-0.7887377477499742,0.17659741501264978,-0.012080536912751794,False,2001-02-01,yahoo,4,False
7974.T,"Nintendo Co., Ltd.",370,7974,6639550,0.039299,[],Japan,Communication Services,Electronic Gaming & Multimedia,Tokyo,JPY,8146.0,9391305654272.0,59321876931.19922,1152873205.0,19.88721,23.935593,3.218566,3.9519768,15.337,0.0279,0.0,,,,-0.39252114134374183,0.0954052990455676,0.11781179210578885,0.14620056967079686,0.08332371945727668,0.1303252339665555,,,,-0.006755831287621472,,,-0.095,0.55,-0.8628638170235146,0.26890867920886014,-0.44319890635680115,False,2001-01-01,yahoo,4,False
COHR,Coherent Corp.,371,COHR,BNG8Z81,0.034388,[],United States,Technology,Scientific & Technical Instruments,NYSE,USD,302.35,59209879552.0,59209879552.0,195832246.0,73.385925,21.52639,5.428187,9.119805,47.703,0.0,0.11309,0.07981,0.31611999999999996,2.113,1.4959922416889788,1.231658689241185,0.4032577395697021,0.28041744758929843,0.1789126087600761,0.1131925802114353,0.18042001127353102,0.24015226301319825,,,0.2421801125833989,0.2794648520133409,0.337,,-0.7727263046033455,0.5244844262198763,-0.312840909090909,False,1987-10-01,sec,18,False
IMO.TO,Imperial Oil Limited,372,IMO,2454241,0.083714,[],Canada,Energy,Oil & Gas Integrated,Toronto,CAD,174.74,84502994944.0,59177007322.79248,483592715.0,20.437428,13.996724,3.443085,1.6632308,10.648,0.0199,0.080579996,0.16798,0.17113,0.805,0.44917201803219386,0.3381042616922294,0.36565279931237527,0.17861394574564815,0.09819880236824119,-0.09548101905051187,0.11744490471786251,0.1828690692994781,,-0.23640689890063482,,0.11283024115443907,0.426,1.43,-0.6969265973652777,0.28449374587526804,-0.08875677930746761,False,1995-01-01,sec,10,False
AAL.L,Anglo American plc,373,AAL,BTK05J6,0.053806,[],United Kingdom,Basic Materials,Other Industrial Metals & Mining,LSE,GBp,4163.0,44606042112.0,58955134830.69287,1071487947.0,,22.854307,3.450034,2.2332273,8.414,0.0070999999999999995,-0.13936,-0.03075,0.73759,0.986,0.4073954930712429,0.2531029764915549,0.08227729352049318,0.13917336368348643,0.02397174697745741,-0.19169829729595922,,,,,,,0.109,,-0.9211502475495966,0.35673318219065075,-0.04254829806807725,False,1999-05-01,yahoo,4,False
4502.T,Takeda Pharmaceutical Company Limited,374,4502,6870445,0.055401,[],Japan,Healthcare,Drug Manufacturers - Specialty & Generic,Tokyo,JPY,5843.0,9332942962688.0,58953218457.609375,1596751439.0,,41.619774,1.221727,1.9514209,11.313,0.0351,-0.035380002,-0.02262,0.73245,0.1,0.4376617612499858,0.17119326577613414,0.1740865034198371,0.06443120976990713,0.02706274505008599,0.08681364512289491,0.06839529520302334,,,-0.2225858980039963,0.19546962700329207,,0.102,-0.098,-0.5546615968680653,0.14690616195544287,-0.03149345267694348,False,2000-01-01,sec,9,False
AON,Aon plc,375,AON,BLP1HW5,0.053568,[],Ireland,Financial Services,Insurance Brokers,NYSE,USD,277.12,58784202752.0,58784202752.0,212125434.0,15.276737,13.695359,6.1209526,3.330262,12.445,0.0118,0.22268,0.44699,1.6348099999999999,0.66,-0.19185455195246826,-0.03347731702331702,-0.0238294455010718,0.10415650444804703,0.12070408568052526,0.11247318365137482,0.09197213054793218,0.06126541151846676,,0.12326047150393649,0.1319363877220423,0.10182638270052236,0.022,-0.03,-0.5649895412043489,0.23446762699088583,-0.2752000836951404,False,1985-01-01,sec,19,False
NOKIA.HE,Nokia Oyj,376,NOKIA,5902941,0.049922,[],Finland,Technology,Communication Equipment,Helsinki,EUR,9.308,52112183296.0,58369385318.33154,5598644598.0,77.566666,22.789148,2.4585314,2.530014,19.577,0.0154,0.03472,0.03455,0.15776,0.735,0.6390504550470155,0.4854177911810631,0.16690584303125067,0.11186628614009075,0.00691308196126128,-0.05756932997732567,-0.01864904106398091,0.13881545938160222,,-0.4628707968446818,,-0.12356466611717354,0.084,-0.979,-0.9621179971458005,0.4042304699084982,-0.37925975325108363,False,2000-01-01,sec,11,False
ALL,The Allstate Corporation,377,ALL,2019952,0.155819,[],United States,Financial Services,Insurance - Property & Casualty,NYSE,USD,230.63,58316632064.0,58316632064.0,252857950.0,4.6144457,8.244167,1.8481301,0.79984975,3.497,0.0187,0.18971,0.46113998,0.22261,0.15,0.1981936375621174,0.23140763208696846,0.15426226206553273,0.1523922387397627,0.09330746558173741,0.0960039699798394,0.10061905384493608,0.06620234999056351,,,0.13231442836149587,0.1733553440661253,0.118,0.612,-0.7228378153422419,0.2406810455922783,-0.16806146742659267,False,1993-06-01,sec,19,False
NXPI,NXP Semiconductors N.V.,378,NXPI,B505PN7,0.026587,[],Netherlands,Technology,Semiconductors,NasdaqGS,USD,231.07,58267578368.0,58267578368.0,252164174.0,19.732708,12.741723,5.113639,4.6276956,13.641,0.0176,0.22564,0.27921,0.93325,1.811,0.15676295389170947,0.13275512401777467,0.05343109080047159,0.10483867950502224,,-0.02420874805294959,0.07334918054419859,0.07236051386969078,,-0.09960172707164594,0.9164262436756923,0.02605397469433246,0.195,0.726,-0.5772453588095459,0.3905408430545288,-0.3202823944697749,False,2010-08-01,sec,17,False
FAST,Fastenal Company,379,FAST,2332262,0.123105,[],United States,Industrials,Industrial Distribution,NasdaqGS,USD,50.49,57937154048.0,57937154048.0,1147497573.0,43.15385,36.06403,14.238579,6.4959373,29.198,0.019,0.15454,0.34334,0.10851000000000001,0.713,0.2505456726215838,0.22831509045192022,0.14764665229522,0.2093018311411694,0.14913874060906918,0.05515402516123835,0.07745687030729775,0.07800783017055757,,0.05004934159261443,0.07933186310173812,0.0931587808024299,0.147,0.146,-0.5659748327206404,0.23117860056552494,-0.04591836734693877,False,1987-08-01,sec,19,False
CVE.TO,Cenovus Energy Inc.,380,CVE,B57FG04,0.044351,[],Canada,Energy,Oil & Gas Integrated,Toronto,CAD,44.77,82566848512.0,57821134058.65088,1844245000.0,12.470753,11.782602,2.4150393,1.5322767,6.54,0.0197,0.12365,0.20933,0.33995,0.6,0.9626401657833636,0.23541586301975825,0.2840206597289179,0.11140856730873727,,-0.09432663181034928,0.29694425915243383,0.15731872387630053,,-0.1522308437412364,,0.2032071596955367,0.415,2.391,-0.9083937166529152,0.32475291192048,-0.05648050579557429,False,2009-11-01,sec,11,False
AFL,Aflac Incorporated,381,AFL,2026361,0.198664,[],United States,Financial Services,Insurance - Life,NYSE,USD,114.94,57624399872.0,57624399872.0,501343298.0,12.359139,15.150098,1.9044937,3.1014528,10.434,0.0212,0.26908,0.16908,0.5336500000000001,0.58,0.07953708811260296,0.15638307272448926,0.1878601642252582,0.15292634673900007,0.11031394862948951,-0.03567034105035005,-0.04970002018134834,-0.019369393334743412,,-0.06201264378387206,-0.05264205039816827,0.03709406148921035,-0.01,0.468,-0.7445602566144744,0.20362269782943174,-0.11733988634618342,False,1985-01-01,sec,19,False
2408.TW,Nanya Technology Corporation,382,2408,6283601,0.01061,[],Taiwan,Technology,Semiconductors,Taiwan,TWD,532.0,1835509612544.0,57496226380.862305,3450205900.0,20.05277,4.6712837,5.6904483,9.824501,13.963,0.0025,0.49254,0.37248,0.07032,2.032,2.8953367642326637,0.99717259066858,0.5360656406773885,0.33084207489710926,0.01817413918118871,0.05347705342348874,,,,-0.23232591966740634,,,6.842,,-0.990229935965482,0.6434438414520303,-0.0650263620386643,False,2000-08-01,yahoo,4,False
UMC,United Microelectronics Corporation,383,UMC,2634117,0.083886,[],Taiwan,Technology,Semiconductors,NYSE,USD,22.82,57230475264.0,57230475264.0,2507908580.0,21.528303,25.986153,4.1271086,0.25218415,-0.187,0.0176,0.33293,0.21327999,0.14293,1.703,2.0524710363078955,0.5475725270589284,0.24183597101147436,0.34603562440466984,0.13665797440484173,0.029320583646071485,0.09405764603886269,,,-0.06624094234424194,0.5753366729354432,,0.17,3.746,-0.8447457132841623,0.48754697247247336,-0.2120165745856354,False,2000-09-01,sec,10,False
VALE,Vale S.A.,384,VALE,2857334,0.072475,[],Brazil,Basic Materials,Other Industrial Metals & Mining,NYSE,USD,13.42,57112334336.0,57112334336.0,4255762795.0,26.84,6.94466,1.5358521,0.26248577,1.839,0.06280000000000001,0.04755,0.041149996,0.54603,0.748,0.23497231579531808,0.09654393763445213,0.10406968065513111,0.15328343645654607,0.05995456249141684,-0.04316988050205395,-0.005843595871670049,0.05085945231429201,,-0.5280996805382859,-0.15233211354125942,,0.064,-0.435,-0.9145678264456907,0.32111398675239333,-0.25195094760312153,False,2002-03-01,sec,11,False
SE,Sea Limited,385,SE,BYWD7L4,0.035275,[],Singapore,Consumer Cyclical,Internet Retail,NYSE,USD,92.89,56893689856.0,56893689856.0,566956729.0,35.864864,17.833658,4.5776663,2.164661,20.773,0.0,0.05908,0.14734,0.31621,1.547,-0.3895822464184283,0.3176253817267418,-0.22607210997872573,,,0.16381430169998645,0.350060506130508,0.5230855194483415,,,,,0.481,0.077,-0.8945775229252675,0.5883371614962224,-0.5105385182843292,False,2017-10-01,sec,11,False
5803.T,Fujikura Ltd.,386,5803,6356707,0.031004,[],Japan,Industrials,Conglomerates,Tokyo,JPY,5413.0,8962306998272.0,56612029502.97656,1655700561.0,57.02096,17.874125,14.730213,7.000316,32.967,0.0069,0.15669,0.38956,0.18072,0.782,0.629920697946962,2.2235562817796706,1.288798531621961,0.5203359112729975,0.19972953888474243,0.13603046350872217,,,,0.5664174994056712,,,,,-0.842850307018753,0.5593493637407987,-0.3176604058994076,False,2000-01-01,yahoo,4,False
NTRA,"Natera, Inc.",387,NTRA,BYQRG48,0.0097,[],United States,Healthcare,Diagnostics & Research,NasdaqGS,USD,390.79,56330104832.0,56330104832.0,144144170.0,,-1978.6836,30.812113,20.960487,-253.534,0.0,-0.07105,-0.1254,0.13093,1.499,0.9860529544859706,1.1544211882291213,0.2808490741486742,0.4683580478509124,,0.41139873357588086,0.4260660951037234,0.2847939459484594,,,,,0.377,,-0.7034535266285066,0.5471399832299705,-0.10657784036871754,False,2015-07-01,sec,13,False
3690.HK,Meituan,388,3690,BGJW376,0.041652,[],China,Consumer Cyclical,Internet Retail,HKSE,HKD,71.5,441286623232.0,56230619212.745605,5592688176.0,,14.77795,2.2280607,1.1389619,-9.482,0.0,-0.100430004,-0.21756001,0.56647,0.244,-0.31243119893994586,-0.14077701035739554,-0.23608410389306944,,,0.18375571282859937,,,,,,,0.144,,-0.8241989843084063,0.4776757099044375,-0.3379629629629629,False,2018-09-01,yahoo,4,False
BKR,Baker Hughes Company,389,BKR,BDHLTQ5,0.029754,[],United States,Energy,Oil & Gas Equipment & Services,NasdaqGS,USD,56.3,55887548416.0,55887548416.0,992674071.0,18.102894,19.05168,2.8063004,2.0551665,11.365,0.0163,0.111669995,0.16463,0.80925,1.035,0.19914999909679154,0.20925209870376293,0.20647765631516868,0.06692689326281132,0.027484024935700013,0.09442943355196065,0.06019151313311255,0.20392872058520473,,,,,-0.024,-0.042,-0.7982590485089902,0.3769899966476428,-0.20039767078539983,False,1987-04-01,sec,11,False
NUE,Nucor Corporation,390,NUE,2651086,0.018546,[],United States,Basic Materials,Steel,NYSE,USD,246.14,55843180544.0,55843180544.0,226875676.0,19.62839,12.22573,2.525808,1.5799787,11.02,0.0091,0.07989,0.14548999,0.30512,1.852,0.6723760641904417,0.204976476584267,0.19023051610449948,0.20160292872380725,0.10514927217904746,-0.0783985002595462,0.10039907578586948,0.07051325466008151,,-0.3879504013502201,0.19355468944722953,0.3617644128312525,0.23,0.938,-0.5426205826189816,0.4292353107774055,-0.12127378529863275,False,1985-01-01,sec,19,False
ACA.PA,Crédit Agricole S.A.,391,ACA,7262610,0.045538,[],France,Financial Services,Banks - Regional,Paris,EUR,16.335,49549611008.0,55499120443.13428,3033340466.0,8.249999,6.575107,0.70409477,1.9721842,,0.0697,0.25315002,0.08612,,0.816,0.12710155200818196,0.20997077650572327,0.13331217288618147,0.12371193486613286,-0.037977442431548325,0.08349051105717464,,,,0.10060784295387015,,,-0.063,-0.148,-0.9640285599047755,0.24846424563129438,-0.1992647058823528,False,2004-10-01,yahoo,4,False
CRH,CRH plc,392,CRH,B01ZKD6,0.092623,[],Ireland,Basic Materials,Building Materials,NYSE,USD,81.88,54473490432.0,54473490432.0,665284511.0,14.466431,12.777438,2.2685208,1.4069616,9.395,0.0191,0.099350005,0.15812,0.7759199999999999,1.198,-0.3027691966232343,0.17291765786820634,0.14319905746821782,0.12629575162441875,0.07709110950598697,0.045975003842854356,,,,-0.014914660866152119,,,0.056,0.139,-0.6254181334393767,0.3031478604112928,-0.37757506651463335,False,1989-07-01,sec,5,False
Z74.SI,Singapore Telecommunications Limited,393,Z74,B02PY11,0.017994,[],Singapore,Communication Services,Telecom Services,SES,SGD,4.24,69094703104.0,53950732831.46094,16295920676.0,12.470588,19.782578,2.5283241,4.800692,22.688,0.0316,0.24553,,0.40669,0.29,0.05284237038347772,0.2655266732149508,0.16193151895166635,0.0558888224692462,0.0722612225531547,-0.008361802942960628,,,,0.3607252242289467,,,0.049,,-0.39904126811045126,0.18119733335776278,-0.1954459203036052,False,2004-11-01,yahoo,4,False
MAERSK-B.CO,A.P. Møller - Mærsk A/S,394,MAERSK B,4253048,0.02236,[],Denmark,Industrials,Marine Shipping,Copenhagen,DKK,24960.0,359336706048.0,53835070286.80371,4857901.0,24.982733,22.356142,1.0179657,6.286827,58.869,0.0196,0.040749997,0.04374,0.30997,0.512,0.8840285785160507,0.35584455721295716,0.1957218701951824,0.1876370125663207,0.10667661984386045,-0.12837761638360567,,,,-0.5464019967362728,,,0.2,1.289,-0.6556050320292086,0.35684446396682756,-0.0027966440271673942,False,2000-01-01,yahoo,4,False
KBC.VI,KBC Group NV,395,KBC,4497749,0.031541,[],Belgium,Financial Services,Banks - Regional,Vienna,EUR,121.15,48058015744.0,53828426697.51074,396681919.0,13.41639,,1.8832874,3.829324,,0.0421,0.29586,0.13664,,0.694,0.2219481821185274,0.3826619726857676,0.1758599581278264,,,0.0804195557224463,,,,0.08183564224632223,,,0.066,0.132,-0.40769974357922356,0.2266409411927288,-0.09959123002601267,False,2018-02-01,yahoo,4,False
DVN,Devon Energy Corporation,396,DVN,2480677,0.012587,[],United States,Energy,Oil & Gas E&P,NYSE,USD,48.92,53811998720.0,53811998720.0,1100000000.0,10.657951,9.007383,1.3474728,2.8658218,7.145,0.0262,0.17464,0.11522,0.28488,0.536,0.5397425899937898,0.049319636548895485,0.09043717601946999,0.06406059121147667,0.008929280720657795,-0.05398779958164146,0.29142826541130273,0.02475173628209304,,-0.2370573747985869,,,0.642,0.44,-0.9330451265937296,0.3626899232172548,-0.07190286473154994,False,1985-07-01,sec,19,False
PSA,Public Storage,397,PSA,2852533,0.149783,[],United States,Real Estate,REIT - Industrial,NYSE,USD,285.52,53350064128.0,53350064128.0,186852295.0,27.270294,28.97521,10.359566,10.762631,18.635,0.042,0.41632998,0.21929,1.09632,0.935,0.0671355476577653,0.10500453341228555,0.014366036777199831,0.07168651869109488,0.09817412665257441,0.048750479098311095,0.10599650970123964,0.07313192361616228,,-0.2739223320693399,0.07619492837764286,0.0417752935593092,0.033,0.451,-0.5862950036314589,0.2456767331922509,-0.1490984950081956,False,1985-01-01,sec,19,False
7741.T,HOYA Corporation,398,7741,6441506,0.053777,[],Japan,Healthcare,Medical Instruments & Supplies,Tokyo,JPY,25055.0,8357391368192.0,52790970761.79492,333561839.0,31.747742,36.673546,8.255408,8.199672,19.88,0.0118,0.27176002,0.2653,0.044039999999999996,,0.008282194829695833,0.21570279439397422,0.09360420342262943,0.20201594874444484,0.10912433460742843,0.10699675634696226,,,,0.1449057828624205,,,0.162,0.3,-0.6958318491214328,0.27667145575948976,-0.1758223684210526,False,2001-01-01,yahoo,4,False
VST,Vistra Corp.,399,VST,BZ8VJQ8,0.034834,[],United States,Utilities,Utilities - Independent Power Producers,NYSE,USD,156.14,52406079488.0,52406079488.0,335635195.0,26.330523,14.98991,17.45166,2.5392764,10.466,0.0059,0.1155,0.42962003,3.7327999999999997,1.384,-0.15800778397776072,0.7032323553669448,0.5438892055379974,0.303925595044118,,0.04006409009702394,0.10140607131662738,,,,0.03407525315920035,,-0.055,-0.062,-0.40124178282382084,0.4097093509381811,-0.280792261630585,False,2016-10-01,sec,9,False
0992.HK,Lenovo Group Limited,400,992,6218089,0.017265,[],Hong Kong,Technology,Computer Hardware,HKSE,HKD,32.84,407369023488.0,51908694333.521484,12404659302.0,30.128439,10.882243,7.792253,4.815629,114.21,0.0131,0.00875,0.14668,0.81616,1.073,2.16703522242231,0.6219941740524086,0.3834856294041491,0.27349892864432324,0.16546074426167756,0.10276487021198366,,,,0.05946984715404269,,,0.431,,-0.8619165054183847,0.4915427940010186,-0.133051742344245,False,2000-03-01,yahoo,4,False
NKE,"NIKE, Inc.",401,NKE,2640147,0.058963,[],United States,Consumer Cyclical,Footwear & Accessories,NYSE,USD,34.74,51599630336.0,51599630336.0,1203921077.0,16.701925,20.42304,3.4656825,1.1238627,10.988,0.0472,0.066989996,0.22138001,0.74289,1.11,-0.44671499196875164,-0.2878626484610043,-0.25683111496629807,-0.022352925412025493,0.07175696829930645,-0.032401823147472864,0.008216289449518577,0.036639151001132575,,-0.15051114861964698,-0.11506623641444169,-0.01886376208523044,-0.011,4.28,-0.7758737186013862,0.3226250990359182,-0.5068143100511073,False,1985-01-01,sec,19,False
ARGX.BR,argenx SE,402,ARGX,BNHKYX4,0.04835,[],Netherlands,Healthcare,Biotechnology,Brussels,EUR,732.2,46045184000.0,51573910685.791016,62886074.0,32.556694,22.820707,6.1235185,9.545153,28.431,0.0,0.32265,0.23635,0.005580000000000001,-0.043,0.18012243883858003,0.23300390196562515,0.2632076929350491,0.5047180412332768,,-0.39996453874503224,-0.44529556163087947,-0.10880768004175922,,,,,0.593,0.952,-0.2693623829036256,0.3494683721827897,-0.20843243243243237,False,2014-07-01,sec,11,False
TEAM,Atlassian Corporation,403,TEAM,BQ1PC76,0.016272,[],Australia,Technology,Software - Application,NasdaqGS,USD,203.57,51531468800.0,51531468800.0,159005198.0,,30.256777,48.735935,7.574165,114.056,0.0,-0.00819,-0.04478,1.16483,1.228,0.16037080991214148,0.028564788756719528,-0.15570223179727716,0.22026163795738762,,0.22967578218768092,0.2576228086431678,,,,,,0.276,,-0.851024819870818,0.6723022334837113,-0.001569473735837934,False,2015-12-01,sec,6,False
GLE.PA,Société Générale Société anonyme,404,GLE,5966516,0.05015,[],France,Financial Services,Banks - Regional,Paris,EUR,63.39,45937164288.0,51452920855.91016,724675284.0,8.137356,6.909564,0.646982,1.8189194,,0.027999999999999997,0.2467,0.09453,,0.986,0.19250318313456694,0.4902492471988009,0.2283796295209457,0.10929461297761267,0.006674559393855084,0.13370648776675575,,,,0.48711438322452705,,,0.041,0.349,-0.8702697247588292,0.36340710600788556,-0.25265267625560006,False,2000-01-01,yahoo,4,False
U11.SI,United Overseas Bank Limited,405,U11,6916781,0.021488,[],Singapore,Financial Services,Banks - Regional,SES,SGD,39.96,65876480000.0,51437870237.42676,1648560591.0,7.11032,11.132687,1.3326218,6.0997868,,0.0437,0.40361,0.09224,,0.371,0.27518232663531994,0.2269247797211047,0.1549937798658214,0.1369617022353975,0.08935070763841235,0.060476617520446085,,,,0.007882882393974056,,,0.062,0.113,-0.5746059126335377,0.1547213077547105,-0.11495016611295672,False,2000-01-01,yahoo,4,False
8053.T,Sumitomo Corporation,406,8053,6858946,0.074763,[],Japan,Industrials,Conglomerates,Tokyo,JPY,1708.0,8073589555200.0,50998285394.82422,4726925815.0,13.208569,3.853008,1.7092803,1.0892725,23.015,0.0235,0.08262,0.13605,1.0199500000000001,0.61,0.5697434136529638,0.36980876564823695,0.39047837503165383,0.2414794005544445,0.11976499046106204,0.02477455970144571,,,,0.02022556293449096,,,0.09,0.132,-0.6514479646505107,0.2369722431788331,-0.12128617363344052,False,2000-01-01,yahoo,4,False
RWE.DE,RWE Aktiengesellschaft,407,RWE,4768962,0.039527,[],Germany,Utilities,Utilities - Diversified,XETRA,EUR,58.1,45317136384.0,50758445104.7959,779985169.0,13.026905,17.413927,1.0420402,2.8625998,25.676,0.0207,0.20254,0.08547,0.50366,0.543,0.37429917313721206,0.20004282959288022,0.14427281716030138,0.18098201562350935,0.025989818645290486,-0.2286809314834337,,,,0.04840997190357488,,,-0.091,1.374,-0.8311162932392999,0.2391903010040965,-0.06290322580645158,False,1996-12-01,yahoo,4,False
L.TO,Loblaw Companies Limited,408,L,2521800,0.123822,[],Canada,Consumer Defensive,Grocery Stores,Toronto,CAD,62.68,72433090560.0,50724516134.868164,1155601253.0,28.234234,21.686556,6.6041512,1.104598,15.155,0.009899999999999999,0.04295,0.24481001,1.48922,0.355,0.12474599305023748,0.31270208594926086,0.23184855715786057,0.18406595617509902,0.11935782373373383,0.04187116346312769,,,,0.11557442743143787,,,0.041,0.084,-0.6035073792673605,0.15067233874988498,-0.0992958758442305,False,1995-01-01,yahoo,4,False
EOAN.DE,E.ON SE,409,EOAN,4942904,0.036135,[],Germany,Utilities,Utilities - Diversified,XETRA,EUR,17.15,44814286848.0,50195217535.58789,2613077958.0,13.192307,13.780967,2.1125894,0.5892271,9.014,0.0337,0.044889998,0.15546,1.5298699999999998,0.808,0.07440230548543991,0.186228955405203,0.13413543314243825,0.141704273461009,0.023021565462016946,-0.12042838475369677,,,,-0.017980188097780236,,,-0.005,-0.132,-0.7556322977050591,0.2085794611972436,-0.15890142226581672,False,2000-01-01,yahoo,4,False
EBAY,eBay Inc.,410,EBAY,2293819,0.101742,[],United States,Consumer Cyclical,Internet Retail,NasdaqGS,USD,111.98,49831100416.0,49831100416.0,445000000.0,23.574738,16.68216,10.682057,3.9241383,16.457,0.0111,0.18571,0.46611,1.53012,1.339,0.34121191728011624,0.4233348730796682,0.0891109714814895,0.15657605525377138,0.11629613982373321,0.042572293921697035,0.04531015795011939,0.02594214580577714,,,-0.18553703282601575,0.01646418844663433,0.148,0.55,-0.8131339270798391,0.29598690656641913,-0.06143659374738075,False,1998-09-01,sec,19,False
BAS.DE,BASF SE,411,BAS,5086577,0.042427,[],Germany,Basic Materials,Chemicals,XETRA,EUR,51.66,44475228160.0,49815447471.206055,860921903.0,21.347107,17.440388,1.2334654,0.714657,9.618,0.044000000000000004,0.094239995,0.061160002,0.71358,0.767,0.2524112259100295,0.11575892081288242,0.02304643543350915,0.008644600455693707,0.0687118756608267,-0.11928539893735646,,,,,,,0.164,52.989,-0.5481246550639609,0.24809540795831692,-0.06158038147138967,False,1996-12-01,yahoo,4,False
BDX,"Becton, Dickinson and Company",412,BDX,2087807,0.098837,[],United States,Healthcare,Medical Instruments & Supplies,NYSE,USD,182.75,49778692096.0,49778692096.0,272386800.0,42.5,13.738132,2.0387785,2.157264,10.554,0.023,0.0419,0.06607,0.6884,0.276,0.32120533665658124,-0.010450166086791501,0.015102108714543094,0.05110903298936664,0.08104523988913392,0.04992975699544888,0.0632263568424074,0.07824512543526163,,-0.002175639784305683,0.16949755585267146,0.09214603945576538,0.054,-0.314,-0.4913296559005891,0.21330237385677,-0.05345211581291753,False,1973-02-01,sec,19,False
ABEV,Ambev S.A.,413,ABEV,BG804F6,0.017771,[],Brazil,Consumer Defensive,Beverages - Brewers,NYSE,USD,3.19,49178595328.0,49178595328.0,15416486524.0,16.789474,14.839971,2.9058268,0.5676283,1.322,0.0425,0.18406,0.184,0.033170000000000005,0.221,0.378629840481588,0.12917150840580383,0.061706059613597875,-0.024826009734142396,0.07387953362140731,0.014213715758700562,0.09038099133418154,0.03055441872802045,,0.023980696074923813,0.06386698220909603,0.02186049983145688,0.003,0.246,-0.7084741708158857,0.2508107407027223,-0.07536231884057976,False,1997-03-01,sec,11,False
FEMSAUBD.MX,"Fomento Económico Mexicano, S.A.B. de C.V.",414,FEMSA UBD,2242059,0.055631,[],Mexico,Consumer Defensive,Beverages - Brewers,Mexico,MXN,216.6,892866789376.0,48924207272.52734,2022672509.0,16.803724,23.443512,3.3800972,0.9928636,9.026,0.0219,0.03585,0.14746,0.84073,0.171,0.2674199567435238,0.07016850845803124,0.08841305538521493,0.0449353812123936,0.11801104929428696,0.12097870709853487,,,,-0.06679316015313508,,,0.093,1.075,-0.3762523044001368,0.18338718246722885,-0.07966857871255573,False,2000-01-01,yahoo,4,False
F,Ford Motor Company,415,F,2615468,0.065393,[],United States,Consumer Cyclical,Auto Manufacturers,NYSE,USD,12.25,48848048128.0,48848048128.0,3916743591.0,,6.3098145,1.3674927,0.26029167,24.878,0.049,-0.03935,-0.18252,4.567080000000001,1.835,-0.029130911707171525,0.14096803779463274,-0.005579054796937877,0.056757531206880873,0.05574266454014798,0.05815471849810683,0.08052066341481323,0.022739808373583248,,,,,-0.038,,-0.9301492426133274,0.4301401713372178,-0.3110236220472441,False,1985-01-01,sec,19,False
HONA,Honeywell Aerospace Inc.,416,HONA,BN7RHB4,0.056005,[],United States,Industrials,Aerospace & Defense,NasdaqGS,USD,154.01,48813887488.0,48813887488.0,316952725.0,46.954266,17.201881,-8.568487,2.7258112,18.089,0.0,0.10862,,,,,,,,,,,,,,,,0.054,-0.709,-0.29903202489057157,,-0.48231932773109243,False,2026-06-01,yahoo,3,False
RHM.DE,Rheinmetall AG,417,RHM,5334588,0.052788,[],Germany,Industrials,Aerospace & Defense,XETRA,EUR,932.2,43503968256.0,48727566672.606445,46668063.0,35.86764,17.572357,8.749273,3.9704452,20.856,0.0124,0.062649995,0.25688,0.5163,0.484,-0.4417720535844759,0.528326689777612,0.6417796836522867,0.3330227217700259,0.1755780573920973,0.15727511347833945,,,,0.13660692911233396,,,0.688,-0.057,-0.7388605985469605,0.4832166515133446,-0.5258392675483214,False,1998-08-01,yahoo,4,False
MT.AS,ArcelorMittal S.A.,418,MT,BYPBS67,0.050215,[],Luxembourg,Basic Materials,Steel,Amsterdam,EUR,57.54,43295485952.0,48494051529.60986,752441542.0,27.663464,8.689081,0.9181612,0.6860404,10.049,0.009899999999999999,0.02883,0.03284,0.25379,1.755,0.7171951293822096,0.41638537731611014,0.15687409518467943,0.12967024686133577,0.011309883131370047,-0.0840702903985664,0.02865373088804457,-0.0035576293963115457,,-0.30204105605793863,,,0.052,-0.617,-0.9303551805842912,0.36515309308452404,-0.1607351225204201,False,2005-07-01,sec,11,False
8002.T,Marubeni Corporation,419,8002,6569464,0.125807,[],Japan,Industrials,Conglomerates,Tokyo,JPY,4702.0,7625528311808.0,48168025693.2832,1621762712.0,13.402121,15.12724,1.7143828,0.9012854,19.385,0.024399999999999998,0.06611,0.14209,0.57643,0.675,0.28798425752392776,0.3399144089227397,0.4305396214637369,0.29072609722167675,0.14762505082629573,-0.034727922300839986,,,,0.0005221327521529595,,,0.206,0.222,-0.8232662665489445,0.28174987973761445,-0.25695322376738305,False,2000-01-01,yahoo,4,False
DGE.L,Diageo plc,420,DGE,0237400,0.037682,[],United Kingdom,Consumer Defensive,Beverages - Wineries & Distilleries,LSE,GBp,1638.0,36438626304.0,48160384223.36572,2224580272.0,28.241379,12.162183,4.4302754,1.8023823,9.041,0.027999999999999997,0.08843,0.14985,1.71345,0.348,-0.07849770593780947,-0.1961099306160231,-0.1496993669727148,-0.029445920124845038,0.02603709923330544,-0.020436543136372,0.09582178129057328,,,-0.168202374826252,0.12490571952189278,,-0.017,,-0.6537162953029305,0.20368710583080282,-0.13966295587227306,False,1988-05-01,sec,8,False
STT,State Street Corporation,421,STT,2842040,0.114752,[],United States,Financial Services,Asset Management,NYSE,USD,175.09,48097529856.0,48097529856.0,274701765.0,15.440035,11.307173,2.0123436,3.1924503,,0.021,0.23005,0.12437,,1.418,0.5313312340045793,0.43054383132076324,0.15478770656427465,0.1260718260258724,0.07355383378004765,0.04703419047203128,0.03566198138570109,0.03015544377232504,,0.007092435577683354,0.03779510011178333,0.0392948306492209,0.184,0.682,-0.711717737047124,0.29432012366262605,-0.10636451794008062,False,1985-01-01,sec,19,False
BAYN.DE,Bayer Aktiengesellschaft,422,BAYN,5069211,0.05213,[],Germany,Healthcare,Drug Manufacturers - General,XETRA,EUR,43.38,42617556992.0,47734722440.288574,982424082.0,,8.970094,1.4405738,0.9472408,7.66,0.0025,-0.0383,-0.056900002,1.29362,0.839,0.6401191923444844,0.031130271652715757,-0.00290174267358434,-0.0425939245791197,0.0328324306862271,-0.035146023097507695,,,,,,,0.012,,-0.810649695226185,0.36329358344059504,-0.19547477744807118,False,1996-12-01,yahoo,4,False
A,"Agilent Technologies, Inc.",423,A,2520153,0.150112,[],United States,Healthcare,Diagnostics & Research,NYSE,USD,168.17,47418191872.0,47418191872.0,281965813.0,33.169624,24.884176,6.440087,6.5896854,24.504,0.0060999999999999995,0.19533001,0.20971,0.56336,1.241,0.17022412855276103,0.18908820743383226,0.02266726405162145,0.15476794264956384,0.10980272581177997,0.004844098070605929,0.05409554484855006,0.08245564382563741,,0.012858925982169422,0.12627152728105306,0.12507119149357582,0.081,0.085,-0.8744231292270145,0.2900757310073409,-0.05015532335498463,False,1999-11-01,sec,19,False
ANG.JO,AngloGold Ashanti plc,424,ANG,BRF6FX9,0.053871,[],United States,Basic Materials,Gold,Johannesburg,ZAc,154199.0,779891179520.0,47160095093.26416,505769256.0,12.212814,9.52875,5.2789016,68.657585,111.582,0.050499999999999996,0.32195,0.44731,0.16676,0.75,0.23519949230678106,0.6266906260294196,0.3907414648451739,0.23449986488790087,0.08461398193741498,0.30018853474202034,,,,1.3297593694219616,,,0.27,0.501,-0.8018324766322338,0.48099414969337634,-0.28170286901473407,False,2000-01-01,sec,5,False
PYPL,"PayPal Holdings, Inc.",425,PYPL,BYW36M8,0.078068,[],United States,Financial Services,Credit Services,NasdaqGS,USD,55.02,47067455488.0,47067455488.0,855460874.0,10.400756,9.519954,2.3929021,1.3300151,7.49,0.0102,0.14364,0.24497,0.7175100000000001,1.286,-0.20026564597282737,0.02268128505606115,-0.24945593925934673,0.028929203568060835,,0.06426945232818149,0.09107015446297595,0.13624604239853588,,0.29331690847546654,0.0448620059696041,0.15599308658154598,0.048,-0.031,-0.8505765002021517,0.41772216430438036,-0.3054345767846999,False,2015-07-01,sec,13,False
5802.T,"Sumitomo Electric Industries, Ltd.",426,5802,6858708,0.032219,[],Japan,Consumer Cyclical,Auto Parts,Tokyo,JPY,2360.5,7363999825920.0,46516033816.43555,3119677832.0,20.982222,10.679545,2.5975728,1.4536378,12.341,0.018799999999999997,0.075729996,0.15776,0.25196999999999997,0.853,0.7928526944905532,0.9064379366980164,0.5035022735306764,0.2393547738187103,0.11941200739027069,0.08456943479769885,,,,0.4857956284696314,,,0.159,0.891,-0.6849558784499031,0.3914404685175331,-0.36417508417508415,False,2000-01-01,yahoo,4,False
HUM,Humana Inc.,427,HUM,2445063,0.014416,[],United States,Healthcare,Healthcare Plans,NYSE,USD,387.12,46485487616.0,46485487616.0,120080308.0,36.58979,23.218225,2.4194849,0.3346,10.979,0.0091,0.00878,0.06893,0.76485,0.744,0.48421123862003235,-0.06893162599212188,-0.015432840941464687,0.09971118048595562,0.10825887850831162,0.06891347705689355,0.26299918238784725,-0.19994837171299995,,-0.24560436744372838,-0.18603730285859565,-0.005873855849116483,0.262,0.271,-0.843687423187621,0.3974152836122289,-0.09736989367655291,False,1985-01-01,sec,19,False
VMRK,"AvalonBay Communities, Inc.",428,VMRK,2319157,0.03887,[],United States,Real Estate,REIT - Residential,NYSE,USD,59.98,46411272192.0,46411272192.0,773779120.0,22.980844,40.797173,,14.882358,,0.046799999999999994,0.33253,0.08487,0.75129,0.568,0.061914920710582466,0.07305105942338797,-0.031216209542196394,0.035028474677198496,0.0515857477386259,,,,,0.13071574183627255,0.04202895563459941,0.026254479192473257,0.033,,-0.6562307388932571,0.18239009075479345,-0.16111888111888117,False,1993-08-01,sec,19,False
6702.T,Fujitsu Limited,429,6702,6356945,0.041514,[],Japan,Technology,Information Technology Services,Tokyo,JPY,4250.0,7338126737408.0,46352601783.76172,1726618110.0,23.59407,28.015821,3.6224163,1.9891964,12.919,0.014499999999999999,0.08996,0.16202,0.06507,0.74,0.0414800917609115,0.3011501402479988,0.17514381951083702,0.22453678548536438,0.09122528206413438,-0.019289941252795706,,,,0.27823769243139607,,,0.039,-0.761,-0.9185017283054637,0.26554379402360784,-0.08954584404455868,False,2000-01-01,yahoo,4,False
VEEV,Veeva Systems Inc.,430,VEEV,BFH3N85,0.01439,[],United States,Healthcare,Health Information Services,NYSE,USD,284.84,46118117376.0,46118117376.0,161908850.0,46.695084,27.787533,6.3540645,13.322688,36.091,0.0,0.29345,0.14425,0.020409999999999998,0.934,-0.018487827324706663,0.14038046819649863,-0.020503928631336765,0.22090543799749995,,0.14029684526801778,0.16877526262793308,0.22816162182164423,,0.2306095770714509,0.19054970541659588,0.325086206888449,0.176,0.395,-0.5312133532913095,0.3623952919928604,-0.05735182182215326,False,2013-10-01,sec,15,False
CARR,Carrier Global Corporation,431,CARR,BK4N0D7,0.034918,[],United States,Industrials,Building Products & Equipment,NYSE,USD,55.83,46022070272.0,46022070272.0,824325057.0,40.456524,16.853933,3.5036085,2.0719428,18.368,0.0172,0.055180002,0.08966,0.91998,1.288,-0.06200188826000208,0.06294239671072455,0.024976929790270663,,,0.07948894772684056,0.04493896559222432,,,-0.23779877589089826,-0.04577849561923775,,0.039,-0.118,-0.3744557910345627,0.31223418684386484,-0.27266805627931223,False,2020-03-01,sec,8,False
KFH.KW,Kuwait Finance House K.S.C.P.,432,KFH,6503138,0.022293,[],Kuwait,Financial Services,Banks - Diversified,Kuwait,KWF,766.0,14170271744.0,45992445956.1416,18499049975.0,25.533333,19.15,2.431746,8.273726,,0.0313,0.38029,0.117010005,,0.234,0.024743380005520788,0.12297338306414085,0.06995014053819482,0.14799825998567928,0.04998143102945618,0.21598807930747377,,,,0.20897589086211465,,,0.044,0.048,-0.8524148916478937,0.14281296668505863,-0.050805452292441156,False,2000-01-01,yahoo,4,False
CBK.DE,Commerzbank AG,433,CBK,B90LKT4,0.029647,[],Germany,Financial Services,Banks - Regional,XETRA,EUR,37.99,41061384192.0,45991697219.69531,1080847095.0,14.89804,9.692934,1.2160304,3.5909991,,0.0285,0.26416,0.09666,,0.704,0.2737171074846436,0.6081959345853787,0.46868026151774944,0.21439494928826375,-0.07469775696020498,0.07573616583765208,,,,0.222998156009645,,,0.101,3.254,-0.9879096409304068,0.3289512386832892,-0.12404888171547146,False,1996-12-01,yahoo,4,False
TEVA,Teva Pharmaceutical Industries Limited,434,TEVA,2883878,0.022935,[],Israel,Healthcare,Drug Manufacturers - Specialty & Generic,NYSE,USD,39.25,45776986112.0,45776986112.0,1166292643.0,65.416664,12.721986,5.8995943,2.6713927,13.931,0.0,0.04077,0.09691,2.1778999999999997,0.817,0.9132030007412284,0.6586451430688087,0.3498800546013785,-0.004492941226732272,0.020706885897580296,0.04960375309095433,0.0070900548960637355,-0.012906320838814045,,,,-0.01181756168156367,-0.008,,-0.8928599667189114,0.378950751878491,-0.03775435155675411,False,1985-01-01,sec,19,False
SAND.ST,Sandvik AB (publ),435,SAND,B1VQ252,0.070532,[],Sweden,Industrials,Specialty Industrial Machinery,Stockholm,SEK,362.1,454213140480.0,45448222114.29199,1254385923.0,26.962025,26.625,4.5232534,3.5207834,16.689,0.017,0.1305,0.17908001,0.42908999999999997,1.326,0.26290740946560853,0.26544256564269864,0.1430628784467438,0.16326181201085443,0.10572324633245067,0.024182309478812503,,,,0.09424079579738032,,,0.237,0.629,-0.6798117781499322,0.26918600687361066,-0.12345679012345678,False,2000-01-01,yahoo,4,False
NTAP,"NetApp, Inc.",436,NTAP,2630643,0.113132,[],United States,Technology,Software - Infrastructure,NasdaqGS,USD,231.05,45382610944.0,45382610944.0,196419005.0,32.588154,20.711424,30.289722,5.5829663,19.199,0.009000000000000001,0.19184999,1.14818,1.69498,1.432,1.0131748826345177,0.5013874329359724,0.23897220891123805,0.24255587529245481,0.11459807655563226,0.028668334111952687,0.03810448963486701,0.08775978182837596,,0.0005230126476536423,0.11816414699247457,0.18741223405968288,0.299,0.635,-0.9466143358931461,0.35696700315698204,-0.02952788978494625,False,1995-11-01,sec,18,False
COIN,"Coinbase Global, Inc.",437,COIN,BMC9P69,0.029173,[],United States,Financial Services,Financial Data & Stock Exchanges,NasdaqGS,USD,172.0,45379952640.0,45379952640.0,222803032.0,,60.630203,3.468791,8.159896,65.988,0.0,-0.16344,-0.07847,0.5098199999999999,3.409,-0.47981270500001494,0.32371576572985106,-0.10947194212852118,,,0.3100276522124539,0.4124400593047477,,,,0.6338276924448034,,-0.173,,-0.8892054414190453,0.8304549342965006,-0.5723095285458524,False,2021-04-01,sec,7,False
WDAY,"Workday, Inc.",438,WDAY,B8K6ZD1,0.013252,[],United States,Technology,Software - Application,NasdaqGS,USD,187.81,45262209024.0,45262209024.0,196000000.0,38.25051,14.192571,7.0065284,4.479325,28.58,0.0,0.12319,0.16006,0.5839,1.074,-0.21107335172260178,-0.03658275880165063,-0.08176038240695316,0.08125993103297446,,0.15396978072353007,0.17209392670406998,0.4475294849128424,,,,,0.128,2.06,-0.5846059865449651,0.37777227887980264,-0.24086499595796285,False,2012-10-01,sec,16,False
XYZ,"Block, Inc.",439,XYZ,BYNZGK1,0.031271,['XYZ.AX'],United States,Technology,Software - Infrastructure,NYSE,USD,75.23,45197811712.0,45197811712.0,540816000.0,134.3393,14.475827,2.0499754,1.8288743,29.844,0.0,0.01426,0.01612,0.3258,2.553,-0.0033602744496176173,0.23422343097405496,-0.21539696942479936,0.2105717623203105,,0.1133377071512014,0.20564048608902796,1.0746591878106133,,,0.4369633626812919,,0.093,-0.833,-0.8498526545294587,0.5623561620883448,-0.1344914864242982,False,2015-11-01,sec,12,False
600183.SS,"Shengyi Technology Co.,Ltd.",440,600183,BP3RC39,0.010429,[],China,Technology,Electronic Components,Shanghai,CNY,124.14,301536542720.0,45126689254.37012,2429003670.0,57.739532,26.307814,16.297754,9.07711,44.361,0.0091,0.14936,0.31465,0.30114,1.741,1.0334329648506775,0.984965772413549,0.45930677417532406,0.33782441844602107,0.22553153636667878,0.16428099998191192,,,,0.2962279250524509,,,0.54,1.535,-0.7656009083123723,0.5882526457274464,-0.35303314571607247,False,1998-10-01,yahoo,4,False
CRWV,"CoreWeave, Inc.",441,CRWV,BTTRKN7,0.018602,[],United States,Technology,Software - Infrastructure,NasdaqGS,USD,81.58,44994355200.0,44994355200.0,458871690.0,,-45.008167,8.947138,6.350301,24.881,0.0,-0.25402,-0.43596,10.27329,,-0.3259617090193875,,,,,,,,,,,,1.125,,-0.5608364915826807,1.1711053284039326,-0.4674934725848564,False,2025-03-01,sec,3,False
BBD,Banco Bradesco S.A.,442,BBD,B00FSK0,0.028267,[],Brazil,Financial Services,Banks - Regional,NYSE,USD,4.24,44898107392.0,44898107392.0,5286599523.0,13.677419,8.008159,1.241712,0.4915532,,0.0385,0.26071,0.13763,,0.188,0.3863041121343882,0.2590017270895153,0.12026241453944175,-0.004406773990837998,0.02813243938578358,,,,,0.03695600516338238,0.08333033236506004,0.027512322730992578,0.072,0.178,-0.74597416010264,0.41294553659450267,-0.07423580786026196,False,2002-08-01,sec,11,False
DNB.OL,DNB Bank ASA,443,DNB,BNG7113,0.073202,[],Norway,Financial Services,Banks - Regional,Oslo,NOK,302.6,430190723072.0,44893745212.22583,1421648088.0,10.975698,10.782086,1.717084,4.9947653,,0.0592,0.47826,0.1507,,0.342,0.2698440577030068,0.23676688814161517,0.1648531588944273,0.16411233939894299,0.11809736282987382,0.11008155222573102,,,,0.09293606894071904,,,0.008,-0.043,-0.7195096684937538,0.16025772395279173,-0.0712093308778391,False,2000-01-01,yahoo,4,False
2328.HK,PICC Property and Casualty Company Limited,444,2328,6706250,0.019721,[],China,Financial Services,Insurance - Property & Casualty,HKSE,HKD,15.81,351658115072.0,44809773332.48926,6899293833.0,6.5330577,6.8978763,0.98938507,0.63595444,3.336,0.0496,0.08605,0.16413,0.17864000000000002,0.16,-0.08703089996117219,0.2743778710557756,0.2338146914455339,0.12093644550048377,0.15749267250423205,0.07830402953187798,,,,0.11448830926334197,,,0.059,0.321,-0.8728395279124026,0.25604780694460566,-0.19908814589665647,False,2003-11-01,yahoo,4,False
CLS.TO,Celestica Inc.,445,CLS,BSCB6L9,0.021559,[],Canada,Technology,Electronic Components,Toronto,CAD,506.58,63885369344.0,44738591478.26123,126111117.0,38.060104,18.076603,16.476654,4.4152837,40.483,0.0,0.07159,0.52691,0.39571,1.316,0.12047161341794888,1.5561825525305255,1.1350722814936107,0.4232559807084777,0.21492867538080707,0.1956065395826807,,,,0.6658025009870103,,,0.624,0.742,-0.9650655021834061,0.5270436825614626,-0.2271853546910756,False,1998-07-01,sec,4,False
SEB-A.ST,Skandinaviska Enskilda Banken AB (publ),446,SEB A,4813345,0.093866,[],Sweden,Financial Services,Banks - Regional,Stockholm,SEK,227.3,441965805568.0,44222763078.0332,1920263734.0,14.5054245,14.395187,1.9627653,6.0187488,,0.038,0.41787,0.14083,,0.433,0.3315183915764386,0.31093264554299993,0.19259094824781653,0.1611919150344232,0.08915847078432382,0.061300566292383785,,,,0.04943175574835679,,,0.023,0.076,-0.8497990240558203,0.17300385985715472,-0.04696016771488465,False,2000-01-01,yahoo,4,False
HEIA.AS,Heineken N.V.,447,HEIA,7792559,0.026371,[],Netherlands,Consumer Defensive,Beverages - Brewers,Amsterdam,EUR,70.98,39288414208.0,44005843593.756836,553513836.0,17.312197,12.468448,2.0357358,1.3248304,10.621,0.0271,0.07704,0.121309996,0.95107,0.564,0.06885846453362854,-0.04001365760224185,-0.04116095458364788,0.010965381026039722,0.05376135707102425,0.0003944727816875826,,,,-0.11089948799513405,,,0.047,0.541,-0.5501970563509826,0.222352086158884,-0.11760318249627044,False,1995-03-01,yahoo,4,False
8725.T,"MS&AD Insurance Group Holdings, Inc.",448,8725,B2Q4CS1,0.079168,[],Japan,Financial Services,Insurance - Property & Casualty,Tokyo,JPY,4895.0,6949976932352.0,43900783494.1582,1419811516.0,8.047545,11.903315,1.0575808,0.9058754,4.934,0.0288,0.1155,0.16088,0.25214,0.284,0.5816420925782673,0.4408135760794192,0.3742929117830083,0.21713454531103094,,0.43492096080768605,,,,0.5510375779176697,,,0.024,0.498,-0.6795067945430759,0.20453422612303634,-0.08092377018400299,False,2008-04-01,yahoo,4,False
RKLB,Rocket Lab Corporation,449,RKLB,BT6C8Z3,0.027903,[],United States,Industrials,Aerospace & Defense,NasdaqGS,USD,68.4,43735715840.0,43735715840.0,598459739.0,,1161.6848,11.716342,60.703415,-275.862,0.0,-0.21511999,-0.07915,0.03828,2.938,0.15444815089141972,1.58010526079934,0.38928440130753894,,,0.41816168117879515,0.7647391444309735,,,,,,0.62,,-0.7668939748237062,0.8954556515143809,-0.5470198675496689,False,2020-11-01,sec,6,False
UCB.BR,UCB SA,450,UCB,5596991,0.080284,[],Belgium,Healthcare,Biotechnology,Brussels,EUR,203.4,38780768256.0,43437243694.395996,190662572.0,17.968199,14.728906,3.3276618,4.5563073,12.329,0.0072,0.25739,0.20565,0.30788,0.177,-0.07650540860013522,0.44801023370601145,0.15897742259383185,0.14289080540856736,0.09647568370511084,0.11951872295901533,,,,0.5504712722046099,,,0.225,1.348,-0.5950891660976814,0.28792517859951156,-0.2974093264248705,False,2000-01-01,yahoo,4,False
INFY,Infosys Limited,451,INFY,2398822,0.064584,[],India,Technology,Information Technology Services,NYSE,USD,10.7,43338678272.0,43338678272.0,4050343559.0,13.209876,12.621943,9.010526,2.2647128,20.031,0.0489,0.16370001,0.32,0.09541000000000001,0.108,-0.35251050616412527,-0.11449186109343312,-0.11694062946021666,0.06073248617665783,0.047327346875813525,0.05727091841700993,0.08567970306898709,,,0.021329766792984373,0.06224200674190583,,0.029,0.053,-0.8746816549142051,0.2760363939789722,-0.6433333333333333,False,1999-03-01,sec,10,False
CSU.TO,Constellation Software Inc.,452,CSU,B15C4L6,0.012736,[],Canada,Technology,Software - Application,Toronto,CAD,2912.0,61709733888.0,43215005297.71509,21191530.0,46.480446,15.475231,10.558555,4.8744874,28.562,0.002,0.07602,0.23281,1.1952800000000001,0.724,-0.21078653430646765,0.01666346171178623,0.06179410804023733,0.17228779499678182,,0.20626581545785583,,,,0.0,,,0.173,3.893,-0.5102929878594447,0.2616855790881826,-0.28657351943180676,False,2007-10-01,yahoo,4,False
EXC,Exelon Corporation,453,EXC,2670519,0.036514,[],United States,Utilities,Utilities - Regulated Electric,NasdaqGS,USD,41.73,42992496640.0,42992496640.0,1030253967.0,15.341911,13.734653,1.4504693,1.6593248,11.12,0.0403,0.10989001,0.09711,1.77362,0.402,-0.06313197702792928,0.062257824899950576,0.05589335831527076,0.09325692485781212,0.035705727759291817,0.08336312473906027,0.07800396810291854,-0.019197885338779863,,0.08451471905993158,0.07114720088639737,0.02007747796000081,0.099,-0.002,-0.6114978357657015,0.18515460097886616,-0.17611056268509384,False,1973-05-01,sec,18,False
WDS.AX,Woodside Energy Group Ltd,454,WDS,BMGT167,0.03656,[],Australia,Energy,Oil & Gas E&P,ASX,AUD,32.32,61443555328.0,42859625996.27539,1901100143.0,13.300411,12.331699,1.1940145,4.2884645,9.291,0.0504,0.22211,0.07678,0.32758000000000004,-0.156,0.3380311651257055,0.03513695968768116,0.14637302013932785,0.0728422170862244,0.04258231036113003,-0.08261142427165735,0.29247217219242905,,,-0.25333405003388243,,,0.13,0.269,-0.5450604273332496,0.25647670375476456,-0.09771077610273593,False,1988-02-01,sec,6,False
RKT.L,Reckitt Benckiser Group plc,455,RKT,BSZBP53,0.03193,[],United Kingdom,Consumer Defensive,Household & Personal Products,LSE,GBp,5116.0,32423823360.0,42854079568.76587,633772935.0,11.522522,14.219604,5.730286,2.296209,11.334,0.042699999999999995,0.21093,0.48021,1.79737,0.278,-0.1539808977541618,-0.036228924123065664,-0.036178424534159426,-0.038579771156000864,0.0406824414168625,-0.005752719428296471,,,,0.10946792561985164,,,-0.082,-0.309,-0.5546115033996238,0.20677410298708515,-0.215688258465366,False,1988-07-01,yahoo,4,False
105560.KS,KB Financial Group Inc.,456,A105560,B3DF0Y6,0.051148,[],South Korea,Financial Services,Banks - Regional,KSE,KRW,162800.0,57160075575296.0,42626236532.92969,351106111.0,,,,3.4176388,,0.028399999999999998,0.36529,0.102239996,,0.654,0.49035301598463055,0.5420929759325779,0.3056205290189682,0.20009588420187407,0.07189403026775931,,,,,-0.027396393773021277,0.03481885717149935,,0.185,0.207,-0.6711410013862771,0.27857750557027117,-0.16298200514138816,False,2001-12-01,sec,8,False
DANSKE.CO,Danske Bank A/S,457,DANSKE,4588825,0.056996,[],Denmark,Financial Services,Banks - Regional,Copenhagen,DKK,352.3,283614085120.0,42490466322.47803,805035688.0,12.148275,10.727575,1.70343,5.0446887,,0.04769999999999999,0.41053,0.13951999,,0.592,0.35499883591907033,0.4095642589080788,0.35206247038934757,0.10695030748246159,0.05659941325504292,0.08868517189960268,,,,,,,0.08,0.152,-0.8493300061220342,0.2217900423379123,-0.08183476674485268,False,2000-11-01,yahoo,4,False
BN.PA,Danone S.A.,458,BN,B1Y9TB3,0.040667,[],France,Consumer Defensive,Packaged Foods,Paris,EUR,58.88,37924343808.0,42477986848.114746,644095494.0,19.496689,13.925548,2.1510248,1.3584083,10.463,0.038,0.07132,0.121929996,0.98519,0.195,-0.20398305992886467,0.05053553266358879,0.043596210745696196,0.025414956015620715,0.03383753425896652,-0.004576058217421131,,,,0.23921906762274636,,,0.014,0.124,-0.3975270017217939,0.1926831822660837,-0.2652857499376091,False,1989-01-01,yahoo,4,False
SLF.TO,Sun Life Financial Inc.,459,SLF,2566124,0.097729,[],Canada,Financial Services,Insurance - Diversified,Toronto,CAD,109.07,60645711872.0,42469876220.64307,556025626.0,18.455162,12.616745,2.4830396,1.7285811,-6.992,0.0345,0.09522,0.13087,0.58012,0.802,0.3370704026692508,0.25188230535062317,0.13967625788078153,0.1377533081582505,0.08709714601172203,0.936590637896243,-0.006721498327452724,,,0.07083757690828607,0.06257898413958429,,0.075,0.432,-0.6215784977189289,0.1707130712691876,-0.08336835028153633,False,2000-03-01,sec,10,False
7267.T,"Honda Motor Co., Ltd.",460,7267,6435145,0.022634,[],Japan,Consumer Cyclical,Auto Manufacturers,Tokyo,JPY,1726.5,6721292992512.0,42456260119.58789,3893016583.0,,7.5677214,0.5437292,0.29171205,12.22,0.0409,-0.00754,-0.0076200003,1.13838,0.328,0.13124975943289918,0.08516198544474407,0.13109576217300356,0.08922128071676805,0.04071775315544368,0.14225693112432847,0.07752943133478096,,,0.058839266073688945,0.12108454923989531,,0.135,1.475,-0.5796065446686244,0.2568719996453734,-0.022643645626945985,False,2000-01-01,sec,10,False
HOLN.SW,Holcim AG,461,HOLN,7110753,0.03924,[],Switzerland,Basic Materials,Building Materials,Swiss,CHF,63.68,35223007232.0,42354179278.58838,553125111.0,90.97143,14.782454,2.2320364,2.2828946,14.741,0.0271,0.024149999,0.02781,0.6563599999999999,0.716,-0.07562419713981738,0.07932345800696683,0.11030224152543089,0.05961190338258704,0.009786392983138326,-0.18633068257661967,,,,0.5852788019852795,,,0.007,-0.929,-0.7026120138966716,0.2912470765602601,-0.22849527501817302,False,2001-05-01,yahoo,4,False
TWLO,Twilio Inc.,462,TWLO,BD6P5Q0,0.022588,[],United States,Technology,Software - Infrastructure,NYSE,USD,275.77,42351435776.0,42351435776.0,153575220.0,38.14246,40.560493,4.7172422,8.2931795,89.277,0.0,0.20615,0.13497,0.11868000000000001,1.357,1.055877437395067,0.754937257851318,-0.009944510366673431,0.2330611369153084,,0.09815283296664501,0.23527546095366625,0.4067806906406526,,,,,0.22,46.715,-0.8757864861234291,0.5614226997386089,-0.10580415045395586,False,2016-06-01,sec,12,False
3017.TW,"Asia Vital Components Co., Ltd.",463,3017,6544892,0.01191,[],Taiwan,Technology,Electronic Components,Taiwan,TWD,3440.0,1350347915264.0,42298830198.62598,392543007.0,46.55569,21.270607,24.464136,7.527229,29.964,0.0052,0.15935001,0.66782,0.46866,0.748,1.504049954125818,1.3410902877977842,1.1573936926100994,0.6921540179626304,0.3602767104075548,0.3559088304096538,,,,0.6642635888723896,,,0.66,1.387,-0.6616505882479831,0.4817587421917854,-0.07027027027027022,False,2002-09-01,yahoo,4,False
MBG.DE,Mercedes-Benz Group AG,464,MBG,5529027,0.051766,[],Germany,Consumer Cyclical,Auto Manufacturers,XETRA,EUR,39.75,37731983360.0,42262529340.88379,949232324.0,7.6885877,5.969266,0.40059662,0.295838,10.285,0.08789999999999999,0.03885,0.055960003,1.10208,0.747,-0.24484797765292532,-0.035551819050768874,-0.04041663504945403,0.03291402031324209,0.057071730400233056,-0.04123466631506645,,,,-0.29224455844839803,,,-0.033,0.2,-0.7515107934952358,0.24786580508010328,-0.3623676612127046,False,1996-10-01,yahoo,4,False
8015.T,Toyota Tsusho Corporation,465,8015,6900580,0.142672,[],Japan,Industrials,Conglomerates,Tokyo,JPY,7121.0,6677222916096.0,42177883528.96875,937680488.0,18.337025,20.238737,2.5805802,0.5424207,10.643,0.0172,0.0325,0.16057,0.93242,0.851,0.6003133376328278,0.45238695296739606,0.3950454524968665,0.28278066633119225,0.12515928855878933,0.054919360426646247,,,,0.09248937395890788,,,0.376,0.401,-0.7592334878350584,0.28629288423910504,-0.08681713259810209,False,2000-01-01,yahoo,4,False
WAT,Waters Corporation,466,WAT,2937689,0.029863,[],United States,Healthcare,Diagnostics & Research,NYSE,USD,429.13,42134495232.0,42134495232.0,98185855.0,108.6405,25.945812,2.7740214,9.093367,32.171,0.0,0.03588,0.019199999,0.36045,1.149,0.25167966991964974,0.22404748607285874,0.0354720237839421,0.12140219593085311,0.11477809956246499,0.021229912681812513,0.059992904419617465,0.17025292478008258,,-0.03166463919712337,0.04262798316724492,0.031986082105770475,1.134,,-0.7622471927257066,0.33558489170081574,-0.05590267083205003,False,1995-11-01,sec,19,False
6146.T,Disco Corporation,467,6146,6270948,0.019075,[],Japan,Technology,Semiconductor Equipment & Materials,Tokyo,JPY,61460.0,6666426777600.0,42109687771.875,108467725.0,45.800728,45.159966,11.451016,15.401903,30.971,0.0089,0.31645,0.27376,,1.005,0.19998534592744055,0.34108412015310186,0.45237257473039616,0.3292687475242517,0.19672510583270864,0.15420280510963158,,,,0.17805727671871407,,,0.271,0.435,-0.8146763027046144,0.4946920463467283,-0.32962478184991273,False,2001-01-01,yahoo,4,False
FERG,Ferguson Enterprises Inc.,468,FERG,BS6VHW3,0.11169,[],United States,Industrials,Industrial Distribution,NYSE,USD,216.73,41927008256.0,41927008256.0,193452717.0,21.331694,17.057564,6.761402,1.3695277,16.126,0.016399999999999998,0.063200004,,1.11063,1.112,-0.0964719090425118,0.15614279956310528,0.09916906854400631,0.17600951895904648,,0.024994917658773153,,,,-0.043663208183284286,,,0.046,0.069,-0.4229277094088363,0.3047703310758549,-0.20214254159917533,False,2010-01-01,sec,4,False
TSCO.L,Tesco PLC,469,TSCO,BLGZ986,0.03458,[],United Kingdom,Consumer Defensive,Grocery Stores,LSE,GBp,505.144,31464030208.0,41585535398.36719,6228724955.0,18.709038,14.793652,2.797032,0.39639336,9.251,0.028999999999999998,0.02424,0.15459,1.31623,0.555,0.031147939167935235,0.20678537299933253,0.11945695062166162,0.05956926576449373,-0.0021527934190630482,0.04110110445872284,,,,0.3434423094453136,,,0.072,0.537,-0.6928666293094072,0.194569874904101,-0.02141805501743521,False,1988-07-01,yahoo,4,False
BBCA.JK,PT Bank Central Asia Tbk,470,BBCA,B01C1P6,0.045682,[],Indonesia,Financial Services,Banks - Regional,Jakarta,IDR,6050.0,743192618074112.0,41567908598.97095,122841751300.0,12.817797,12.539379,2.7481112,6.942308,,0.0635,0.53118,0.21818,,-0.017,-0.25161716371197973,-0.08081777075166408,-0.010571900735698025,0.09405735205562626,0.1605736582769539,0.08491220663730958,,,,0.12199603111163015,,,0.025,0.004,-0.4149486493740049,0.1756156346453205,-0.3085714285714286,False,2004-06-01,yahoo,4,False
6723.T,Renesas Electronics Corporation,471,6723,6635677,0.019533,[],Japan,Technology,Semiconductors,Tokyo,JPY,3600.0,6578961383424.0,41557196825.45508,1827489239.0,19.444744,12.748206,2.3086941,4.9142485,17.543,0.0075,0.22947,0.13953,0.40604999999999997,1.301,1.0813549604058408,0.2772843253340833,0.23794614180563745,0.19916453688099045,0.004306066225654659,-0.04160446010751373,,,,,,,0.285,,-0.970865629798259,0.4943838817272105,-0.3186979560938683,False,2003-07-01,yahoo,4,False
ORA.PA,Orange S.A.,472,ORA,5176177,0.047421,[],France,Communication Services,Telecom Services,Paris,EUR,13.94,37049372672.0,41497956380.20068,2657774336.0,13.028036,12.141799,1.1641891,0.8974336,7.086,0.0527,0.09983,0.14163,1.61477,0.268,0.08387061329654388,0.1544249987340911,0.15752912093218807,0.05898876793247432,0.050923413895539005,0.010695863298145536,,,,-0.36945291929011237,,,0.055,,-0.9585312363316207,0.18835963403934722,-0.25870779048125503,False,2000-01-01,yahoo,4,False
2891.TW,"CTBC Financial Holding Co., Ltd.",473,2891,6527666,0.034353,[],Taiwan,Financial Services,Banks - Regional,Taiwan,TWD,67.3,1324190269440.0,41479457793.48633,19675932806.0,16.576355,14.939985,1.959015,2.3760378,6.178,0.037200000000000004,0.19705999,0.18576,0.8363700000000001,0.615,0.7030930530561825,0.47849493613652117,0.3010015209700343,0.20487185376466144,0.12471170187828728,0.1997052601833651,,,,0.3710774106785184,,,-0.202,,-0.676208024239301,0.20972549349896538,-0.08559782608695654,False,2002-05-01,yahoo,4,False
DSV.CO,DSV A/S,474,DSV,B1WT5G2,0.037016,[],Denmark,Industrials,Integrated Freight & Logistics,Copenhagen,DKK,1158.0,276499038208.0,41424504943.76416,238772923.0,38.433456,14.249141,2.2006423,0.95748305,14.524,0.0060999999999999995,0.02362,0.06302,0.7582800000000001,0.989,-0.1607609834038416,0.035240851043451205,-0.04659072251357943,0.13870481120723355,0.13119237143100193,0.016235796238993183,,,,-0.2276191277121299,,,0.237,-0.04,-0.6971538741771856,0.31619507883036024,-0.3948262346485498,False,2000-01-01,yahoo,4,False
CMG,"Chipotle Mexican Grill, Inc.",475,CMG,B0X7DZ3,0.048817,[],United States,Consumer Cyclical,Restaurants,NYSE,USD,32.68,41353859072.0,41353859072.0,1265418000.0,29.981651,23.876846,18.835735,3.1585138,20.083,0.0,0.114250004,0.49560001,2.4635,0.958,-0.036313436173025626,-0.07702564205729423,-0.030094689508893158,0.1552358205026323,0.17576522790853644,0.11364082990765789,0.14785897917720714,,,0.19548420176606296,0.33981660206971,0.12438425212177329,0.093,-0.013,-0.6752566805267288,0.3339167009794529,-0.23680523120037367,False,2006-01-01,sec,10,False
PRY.MI,Prysmian S.p.A.,476,PRY,B1W4V69,0.071778,[],Italy,Industrials,Electrical Equipment & Parts,Milan,EUR,123.35,36915458048.0,41347962390.43408,299274068.0,26.244682,20.12458,5.082406,1.8125287,18.463,0.0074,0.066300005,0.22361,0.74976,0.936,0.39563354474249546,0.5418722352967329,0.32572112095866856,0.20927852439011074,,0.06940592757821373,,,,0.3607898507753713,,,0.226,0.129,-0.6645564683016776,0.30250263911645076,-0.21558028616852154,False,2007-05-01,yahoo,4,False
4062.T,"Ibiden Co.,Ltd.",477,4062,6456102,0.01384,[],Japan,Technology,Electronic Components,Tokyo,JPY,11515.0,6532031840256.0,41260757897.07422,562311670.0,98.92612,37.2702,11.293446,15.611428,48.596,0.0017000000000000001,0.1559,0.12655,0.31919000000000003,1.671,2.3716300122842315,0.9901159402389268,0.4951252215172728,0.4314754311202258,0.12531774801657503,-0.001077281324044943,,,,0.06878063004997093,,,0.264,0.417,-0.8892002322335241,0.642609826541844,-0.16193595342066958,False,2001-01-01,yahoo,4,False
MCHP,Microchip Technology Incorporated,478,MCHP,2592174,0.014877,[],United States,Technology,Semiconductors,NasdaqGS,USD,75.52,41008017408.0,41008017408.0,543008691.0,111.058815,16.47631,6.356902,8.414976,32.701,0.0241,0.0934,0.0719,0.8368800000000001,1.759,0.3080519507254862,0.06367762840538527,0.03670655859564631,0.12244593342872911,0.11388536153435713,-0.1764745300112236,-0.028221913703690094,0.08048488890764016,,-0.6241583902094485,-0.19406742849246172,-0.09548923292630107,0.38,,-0.5944634236178148,0.41880251675137264,-0.2869417429893306,False,1993-03-01,sec,19,False
2327.TW,Yageo Corporation,479,2327,6984380,0.02426,[],Taiwan,Technology,Electronic Components,Taiwan,TWD,635.0,1307122597888.0,40944823324.322266,2058460834.0,42.76094,20.28334,7.3824334,8.482095,27.938,0.009399999999999999,0.20126,0.18719,1.3825800000000001,2.159,1.6187627361267998,0.8505977932238094,0.4547194495954947,0.47611509365705973,0.28396364337151025,0.03159351230842722,,,,0.013081472653207582,,,0.357,0.887,-0.8718058838052134,0.6818300336100054,-0.4795081967213115,False,2000-01-01,yahoo,4,False
6301.T,Komatsu Ltd.,480,6301,6496584,0.026807,[],Japan,Industrials,Farm & Heavy Construction Machinery,Tokyo,JPY,7298.0,6477187121152.0,40914321331.51172,887529061.0,17.632278,13.137631,1.8507656,1.6178423,11.092,0.025699999999999997,0.08939,0.11619,0.46667000000000003,0.98,0.5584109152994108,0.36200158059711973,0.2624445523027523,0.1674089509263581,0.09770436188277443,0.052615971935382255,,,,0.04865004653908689,,,0.147,0.082,-0.7498432534640088,0.2749068726388899,-0.08546365914786969,False,2000-01-01,yahoo,4,False
8750.T,"Daiichi Life Group, Inc.",481,8750,B601QS4,0.033489,[],Japan,Financial Services,Insurance - Life,Tokyo,JPY,1785.0,6429912072192.0,40615699953.44531,3602191615.0,11.704151,4.8258896,1.4057521,0.57003206,4.119,0.0401,0.04823,0.13575,0.30146999999999996,0.309,0.7633354717888321,0.3772712159905618,0.2990447147385076,0.21097796991079476,,0.07733355642634421,,,,0.3595582185531412,,,0.28,2.783,-0.541782457611836,0.2623278412242779,-0.0888208269525268,False,2010-04-01,yahoo,4,False
AXISBANK.NS,Axis Bank Limited,482,AXSB,BPFJHC7,0.02412,[],India,Financial Services,Banks - Regional,NSE,INR,1259.1,3920551477248.0,40535064723.05493,3113773044.0,14.158326,10.430713,1.7547282,5.0412774,,0.0008,0.36031,0.13352999,,0.42,0.008651500285198344,0.08248740706405777,0.10972037918196942,0.09997872819498932,0.14923231169869977,0.12160508731062092,,,,0.34605620932767667,,,0.14,0.218,-0.6874404937427356,0.24158038646734806,-0.11224705633504906,False,1998-11-01,yahoo,4,False
HLN.L,Haleon plc,483,HLN,BMX86B7,0.035759,[],United Kingdom,Healthcare,Drug Manufacturers - Specialty & Generic,LSE,GBp,348.6,30660341760.0,40523312466.89209,8795278246.0,19.366667,15.279423,1.8904556,2.6215482,12.871,0.0212,0.14553,0.100930005,0.50195,0.283,-0.028348296003986917,0.014645379504783618,,,,0.005252646289397811,0.022017379196175524,,,0.14505513424785854,0.07303003110584849,,0.022,-0.045,-0.19685822233992878,0.1983244264515572,-0.16222062004325888,False,2022-07-01,sec,6,False
RVMD,"Revolution Medicines, Inc.",484,RVMD,BL71K91,0.009619,[],United States,Healthcare,Biotechnology,NasdaqGS,USD,188.12,40320966656.0,40320966656.0,214336418.0,,-32.945652,15.464036,,-24.776,0.0,0.0,-0.79089,0.45677999999999996,1.401,2.3430901707765317,1.1487694310776524,0.4620321648847814,,,,,,,,,,,,-0.62990411623951,0.5054665562249351,-0.16133921804645357,False,2020-02-01,sec,8,False
0016.HK,Sun Hung Kai Properties Limited,485,16,6859927,0.124359,[],Hong Kong,Real Estate,Real Estate - Development,HKSE,HKD,108.9,315568259072.0,40211050318.145996,2897780274.0,14.736131,12.379967,0.49779215,3.3378894,14.307,0.0354,0.22747,0.03489,0.15291,0.836,0.1713670914725256,0.15144202342907076,0.05599752325858143,0.036854130999184775,0.0493886757579578,,,,,,,,0.043,-0.049,-0.6159863292330643,0.2731030917345647,-0.2681451612903226,False,2000-01-01,yahoo,3,False
ILMN,"Illumina, Inc.",486,ILMN,2613990,0.015228,[],United States,Healthcare,Diagnostics & Research,NasdaqGS,USD,264.57,39950069760.0,39950069760.0,151000000.0,49.360073,43.24205,14.076616,9.868089,39.572,0.0,0.18336001,0.32339,0.89042,1.416,1.1729200464815825,0.36084445747795413,-0.07849919408831008,0.07316624082174994,0.134826069801826,-0.01784113685972244,0.060414789756396914,0.29437284487937077,,,0.053181004095847584,0.06286399411012167,0.094,-0.094,-0.9561432436792194,0.4647302365562198,-0.1447551317278165,False,2000-07-01,sec,18,False
CRDO,Credo Technology Group Holding Ltd,487,CRDO,BLD13F2,0.029135,[],Cayman Islands,Technology,Semiconductors,NasdaqGS,USD,211.86,39819493376.0,39819493376.0,187951918.0,75.12766,21.862356,14.579864,25.026667,74.286,0.0,0.33833,0.30674,0.0096,3.249,0.15308124791106148,1.4772840562924965,,,,0.935297967143879,0.8680161176253585,,,,,,1.147,0.971,-0.5320254072486512,0.788443238051805,-0.31363592185829525,False,2022-01-01,sec,7,False
ADM,Archer-Daniels-Midland Company,488,ADM,2047317,0.087514,[],United States,Consumer Defensive,Farm Products,NYSE,USD,82.45,39737565184.0,39737565184.0,481959583.0,22.589039,14.448461,1.6858526,0.4668196,15.651,0.0252,0.021559998,0.07642,0.39134,0.613,0.4058314659206024,0.08484748080114546,0.0818855851848781,0.0980393385283107,0.06545459736185033,-0.033080101533084494,-0.17259424658437517,-0.09498172736857169,,-0.3735710435160041,-0.0964786808800766,-0.052810658204613836,0.072,3.156,-0.5565336569798086,0.2767708874484182,-0.07098591549295774,False,1985-01-01,sec,18,False
SSE.L,SSE plc,489,SSE,0790873,0.030968,[],United Kingdom,Utilities,Utilities - Diversified,LSE,GBp,2460.0,29883224064.0,39496207698.61963,1214765183.0,23.428574,11.643593,2.3428571,2.9614563,14.288,0.0282,0.11866,0.097040005,0.6201,0.56,0.2683105834359343,0.1418441590442312,0.08170924629308374,0.0437727765530056,0.031745073110509336,-0.0657149404628754,,,,,,,-0.021,0.278,-0.4091366451092685,0.2033062841537398,-0.11111111111111116,False,1991-06-01,yahoo,4,False
8591.T,ORIX Corporation,490,8591,6661144,0.089982,[],Japan,Financial Services,Financial Conglomerates,Tokyo,JPY,5770.0,6211445456896.0,39235716153.1875,1076507050.0,10.368374,15.525777,1.3416401,1.7265556,10.364,0.029500000000000002,0.17940001,0.14035,1.3027799999999998,0.715,0.6124109659493056,0.3405861145674851,0.2559016791815989,0.1798767863403954,0.05854678927685564,0.04889025841836947,0.0669915895644333,0.0742018554590802,,,,,0.174,1.706,-0.9430599305003133,0.22651849006289135,-0.13622754491017963,False,2001-01-01,sec,17,False
6762.T,TDK Corporation,491,6762,6869302,0.036,[],Japan,Technology,Electronic Components,Tokyo,JPY,3268.0,6203167473664.0,39183426778.24805,1898154125.0,17.938303,30.576347,2.6982687,2.4143038,11.599,0.011899999999999999,0.08663,0.1163,0.3299,0.722,0.34260375491658035,0.4937650946246881,0.36204809744253685,0.24115873411226163,0.11111970841049912,0.0472549765083472,,,,0.19664137529214676,,,0.383,0.943,-0.7985471206753099,0.4095113306121563,-0.24264194669756667,False,2000-01-01,yahoo,4,False
PRU,"Prudential Financial, Inc.",492,PRU,2819118,0.108419,[],United States,Financial Services,Insurance - Life,NYSE,USD,113.53,39167848448.0,39167848448.0,345000000.0,10.283514,7.6383486,1.2411584,0.6007773,11.476,0.0493,0.06007,0.12011,1.6389099999999999,0.819,0.1398434895509184,0.12535588213799786,0.05471245253664159,0.07686677380256057,0.0566104146055022,0.022312174771925486,0.012787473000633875,0.006221800998706728,,,,-0.04474113949714398,0.141,0.892,-0.8314357114425139,0.2366366526937594,-0.11110241152521139,False,2001-12-01,sec,19,False
YUM,"Yum! Brands, Inc.",493,YUM,2098876,0.08946,[],United States,Consumer Cyclical,Restaurants,NYSE,USD,143.0,39024857088.0,39024857088.0,272901085.0,18.010075,20.522976,-5.407654,4.276869,16.308,0.021,0.25406998,,,0.551,0.03596645621889194,0.07189308067439937,0.043327001386780806,0.10464536564682159,0.12000035302829026,0.06281386051452831,0.07763207419433016,0.024980253251870366,,0.05570702697264185,0.1151557728356889,0.019675409268593125,0.122,1.316,-0.6548042683403368,0.2098240713351312,-0.1595156929587398,False,1997-09-01,sec,19,False
6669.TW,Wiwynn Corporation,494,6669.TW,,,[],Taiwan,Technology,Computer Hardware,Taiwan,TWD,2240.0,1244997222400.0,38998783582.20215,555802307.0,22.8385,12.413793,9.095524,1.1176672,17.455,0.0216,0.05232,0.51082003,1.20746,0.979,0.5755110112882704,0.678873584976474,0.5423612232010968,,,0.48063369938193534,,,,0.5335114708016857,,,0.26,0.154,-0.48410112215489876,0.5019865353369936,-0.22086956521739132,False,2017-11-01,yahoo,4,False
028260.KS,Samsung C&T Corporation,495,A028260,BSXN8K7,0.010232,[],South Korea,Industrials,Engineering & Construction,KSE,KRW,317500.0,51954164170752.0,38744009144.91211,162167581.0,21.300423044779887,,,1.2655622,12.76,0.0088,0.0643,0.05742,0.03488,1.29,0.5046593626542393,0.49228599570374976,0.26892840119260253,0.094545992929155,,-0.019045312707384188,,,,0.06066457941620862,,,0.197,0.673,-0.5297173978749622,0.388075174941768,-0.43805309734513276,True,2014-12-01,yahoo,4,False
OKTA,"Okta, Inc.",496,OKTA,BDFZSP1,0.01549,[],United States,Technology,Software - Infrastructure,NasdaqGS,USD,220.21,38497316864.0,38497316864.0,167139757.0,132.65663,50.293713,5.5208464,12.418372,111.887,0.0,0.09632,0.043130003,0.0076,0.733,1.3778433329038369,0.4775752337058927,-0.025249068925855322,,,0.16250847699726267,0.28442728861045263,0.42272366088277735,,,,,0.106,0.757,-0.8022988606545042,0.5684970947072042,-0.027512806924571587,False,2017-04-01,sec,11,False
SYY,Sysco Corporation,497,SYY,2868165,0.098709,[],United States,Consumer Defensive,Food Distribution,NYSE,USD,78.2,38467670016.0,38467670016.0,491913960.0,21.36612,14.575302,14.036977,0.44109643,11.245,0.0281,0.02078,0.77692,5.64591,0.627,0.07356977035377743,0.08173409587977365,0.02867419745131805,0.07628348325263334,0.07132090592276885,0.07199399335400014,0.08132118738428096,0.051471319590076225,,0.0893917990761981,0.41871712821954366,0.08914860807281699,0.047,0.053,-0.46374436247343487,0.2506575938831235,-0.1486118671747414,False,1985-01-01,sec,16,False
300394.SZ,"Suzhou TFC Optical Communication Co., Ltd.",498,300394,BL5P4J3,0.012326,[],China,Technology,Communication Equipment,Shenzhen,CNY,235.04,256387514368.0,38369875787.58789,1090825093.0,110.34741,33.43414,41.033516,51.38749,98.453,0.0051,0.41953,0.42426997,0.00058,1.302,1.3216299015501667,1.1760380139650013,0.964438375983159,0.4405747397623574,,0.6281272040854258,,,,0.7106984361746636,,,-0.009,0.261,-0.623917608888015,0.7720282085803802,-0.3732266666666667,False,2015-02-01,yahoo,4,False
BBD-B.TO,Bombardier Inc.,499,BBD.B,BN33PL2,0.027781,[],Canada,Industrials,Aerospace & Defense,Toronto,CAD,294.23,54736130048.0,38331426842.54419,87080936.0,22.477465,19.57308,-20.570372,5.825752,25.886,0.0,0.095790006,,,2.092,0.536452037897166,0.8910791487444363,0.43343821244824765,0.21069140524548735,0.06696172111138732,0.1137663591328999,,,,,,,0.06,-0.023,-0.9862121406568913,0.5540209505679641,-0.22113984699684985,False,1995-01-01,yahoo,4,False
GIVN.SW,Givaudan SA,500,GIVN,5980613,0.08006,[],Switzerland,Basic Materials,Specialty Chemicals,Swiss,CHF,3453.0,31875737600.0,38329228849.06616,9231317.0,33.6222,25.972284,7.2411947,4.180078,22.416,0.021099999999999997,0.1288,0.22337,1.10755,0.658,0.05945276553851242,0.06200862014514641,-0.026516113493624816,0.08299955496814371,0.08805831160066635,0.01635781865509034,,,,0.07755282225501281,,,-0.017,-0.2,-0.5025993923439303,0.22086319005696445,-0.03869710467706011,False,1999-11-01,yahoo,4,False
VOW3.DE,Volkswagen AG,501,VOW3,5497168,0.012191,[],Germany,Consumer Cyclical,Auto Manufacturers,XETRA,EUR,67.8,33987819520.0,38068797126.085205,206205445.0,6.800401,3.0768185,0.19383614,0.10959419,13.657,0.0754,0.018,0.027609998,1.38745,1.01,-0.16914891302374435,-0.047046905818139306,-0.10113696000722316,0.0033869416922216455,0.058070451787829214,0.04878265476236421,,,,-0.22043091339732257,,,0.02,-0.41,-0.7512466518873822,0.2707881143847993,-0.37883646358222633,False,1998-07-01,yahoo,4,False
CCO.TO,Cameco Corporation,502,CCO,2166160,0.081811,[],Canada,Energy,Uranium,Toronto,CAD,123.93,53975605248.0,37798835285.42139,435532978.0,153.0,47.871048,7.566396,15.272263,66.597,0.0019,0.102139995,0.051149998,0.17131,1.012,-0.10395521771448535,0.3147495699806335,0.33978635937465995,0.2952659454541906,0.07238937506446375,0.23068700139731124,0.14105363403645232,,,0.876201456573749,,,-0.072,-0.921,-0.7918819281834817,0.41574225474914706,-0.3217491243432574,False,1995-01-01,sec,10,False
ODFL,"Old Dominion Freight Line, Inc.",503,ODFL,2656423,0.031958,[],United States,Industrials,Trucking,NasdaqGS,USD,181.65,37777436672.0,37777436672.0,207968283.0,34.932693,27.067823,8.287708,6.556569,20.722,0.0064,0.19443001,0.24818,0.0044,1.203,0.2803063677490254,-0.01167641935006869,0.014373321060208832,0.22318919992016206,0.21036836511157042,-0.042440148127076416,0.06481850942440892,0.06339939100005543,,-0.09413538167466173,0.08760910297918834,0.1288378879743437,0.104,0.323,-0.6321840482116114,0.3174781530969712,-0.2792524699440543,False,1991-10-01,sec,18,False
6367.T,"Daikin Industries,Ltd.",504,6367,6250724,0.012561,[],Japan,Industrials,Building Products & Equipment,Tokyo,JPY,21170.0,5892375838720.0,37220255330.302734,278336120.0,22.491367,21.378439,1.9689775,1.1217511,8.645,0.0172,0.05238,0.09603,0.39478,0.529,0.19324420167494072,0.008479110068896789,-0.01876135654204758,0.09002409805849765,0.11059294130600295,0.07995653206793296,,,,0.022106757352103212,,,,,-0.6590093199008633,0.2597011991146944,-0.19931921331316182,False,2000-01-01,yahoo,4,False
9618.HK,"JD.com, Inc.",505,9618,BKPQZT6,0.027885,[],China,Consumer Cyclical,Internet Retail,HKSE,HKD,105.6,288461324288.0,36756969347.59619,2409875383.0,18.857143,6.5966234,1.1067277,0.21546356,18.83,0.037200000000000004,0.01126,0.06787,0.37294,0.318,-0.1743180632866489,0.020564677654405505,-0.1924834608161643,,,0.07757141521924282,,,,0.2366544269567723,,,-0.029,0.213,-0.7577290385969966,0.5099901119604744,-0.21661721068249273,False,2020-06-01,yahoo,4,False
8630.T,"Sompo Holdings, Inc.",506,8630,B62G7K6,0.108072,[],Japan,Financial Services,Insurance - Property & Casualty,Tokyo,JPY,6567.0,5813899886592.0,36724547816.82422,885320538.0,20.105318,24.057589,1.1016532,0.94039905,5.547,0.030600000000000002,0.11423001,0.1443,0.1764,0.153,0.4318902400143134,0.4909933255319556,0.36644276586278535,0.2338107352715877,,0.06583642828069736,,,,1.095759597810095,,,0.326,0.594,-0.44054032747488825,0.19910492292730986,-0.11412383650343993,False,2010-04-01,yahoo,4,False
VOD.L,Vodafone Group Public Limited Company,507,VOD,BH4HKS3,0.031564,[],United Kingdom,Communication Services,Telecom Services,LSE,GBp,119.45,27673286656.0,36575366671.54761,23167256725.0,,11.919967,0.63458115,0.7306151,8.144,0.032,-0.00981,0.0010899999,1.00153,0.298,0.38356840410668847,0.19020866869419883,0.034236992195740834,-0.05460907999682163,-0.004221940508910338,0.024092797176310077,,,,,,,,,-0.8384282373120002,0.23473248438395636,-0.09556908353019566,False,1988-10-01,yahoo,4,False
PKO.WA,Powszechna Kasa Oszczednosci Bank Polski Spólka Akcyjna,508,PKO,B03NGS5,0.021827,[],Poland,Financial Services,Banks - Regional,Warsaw,PLN,114.38,142974992384.0,36492109471.552246,1250000000.0,13.177419,13.192617,2.5570633,5.256023,,0.0519,0.37208998,0.20109,,0.625,0.6714353720544186,0.49833808210555297,0.2637844646621166,0.19608058363114256,0.09669572562574169,0.2146825348172059,,,,0.47747706666934087,,,-0.003,0.04,-0.667541395997455,0.28097184984350937,-0.08918617614269786,False,2004-11-01,yahoo,4,False
SDZ.SW,Sandoz Group AG,509,SDZ,BLPLD38,0.027579,[],Switzerland,Healthcare,Drug Manufacturers - Specialty & Generic,Swiss,CHF,69.68,30150021120.0,36254127631.94092,432692617.0,59.555557,18.256588,4.1565905,2.6348443,21.938,0.0115,0.05533,0.07249,0.68915,0.458,0.33971741044961323,0.46289628720766407,,,,0.062334930335742555,,,,0.025298010093033785,,,0.099,-0.713,-0.16495487840955303,0.26746577282877276,-0.0819499341238471,False,2023-10-01,yahoo,4,False
2345.TW,Accton Technology Corporation,510,2345,6005214,0.011179,[],Taiwan,Technology,Communication Equipment,Taiwan,TWD,2070.0,1156939644928.0,36240433326.62207,558908000.0,32.696255,18.168564,16.758013,3.6256185,25.145,0.0072,0.11453,0.65580004,0.13631000000000001,0.525,0.8813227771845573,0.6145216214779678,0.5519065801616581,0.4819483078162594,0.32749468131793047,0.4761194389340184,,,,0.4775704829459999,,,0.576,1.201,-0.923622071453461,0.3959224234346768,-0.26725663716814163,False,2000-01-01,yahoo,4,False
032830.KS,"Samsung Life Insurance Co., Ltd.",511,A032830,B12C0T9,0.014357,[],South Korea,Financial Services,Insurance - Life,KSE,KRW,269000.0,48305618812928.0,36023163242.27051,179574779.0,20.97656882051487,,,1.6072037,-53.927,0.0197,0.08925,0.03265,0.21297999999999997,1.067,0.8833427998974628,0.6421949133563667,0.39028752558691027,0.13619562645609196,,0.12214786268427802,,,,0.01997849455211953,,,0.633,-0.091,-0.6537348144883243,0.37177463694882973,-0.4791868344627299,True,2010-05-01,yahoo,4,False
BMW.DE,Bayerische Motoren Werke Aktiengesellschaft,512,BMW,5756029,0.012271,[],Germany,Consumer Cyclical,Auto Manufacturers,XETRA,EUR,53.52,32035760128.0,35882350510.161865,598575510.0,5.29901,6.191628,0.33614925,0.25039992,9.857,0.08199999999999999,0.04923,0.06592,1.19855,0.813,-0.2986403531646067,-0.10201766063820661,-0.032204939545993905,0.014411367555860366,0.04941031888351666,-0.021878540825735926,,,,-0.25919079355208297,,,-0.079,-0.279,-0.615268182401186,0.27568617532058654,-0.45343137254901955,False,1996-11-01,yahoo,4,False
CHT,"Chunghwa Telecom Co., Ltd.",513,CHT,B4TDF13,0.067925,[],Taiwan,Communication Services,Telecom Services,NYSE,USD,46.2,35839401984.0,35839401984.0,775744655.0,28.170732,29.464287,12.464911,0.14426786,1.36,0.0349,0.16126,0.1092,0.09998,0.112,0.12499594615175913,0.1315176748707858,0.0713237381233236,0.07204670890333831,0.0907421553018104,0.029166506764173983,0.019414547460730125,,,-0.042172696081194117,0.006957192819913249,,0.082,0.046,-0.2549855412414016,0.11567459065215453,-0.0060240963855420215,False,2003-07-01,sec,8,False
PEG,Public Service Enterprise Group Incorporated,514,PEG,2707677,0.087791,[],United States,Utilities,Utilities - Regulated Electric,NYSE,USD,71.84,35806494720.0,35806494720.0,498420030.0,17.870646,15.375329,2.0645456,2.6977386,13.068,0.0373,0.16041,0.11835,1.4240899999999999,0.519,-0.08171224046768533,0.08577588225635457,0.05806973541215066,0.09128995492393988,0.08281172287478333,0.025802829455887855,0.05906663952199209,0.015301629233024139,,0.2698230007597,0.02074826558385845,0.023160472290942646,-0.089,-0.427,-0.4256985960272883,0.18131919247099848,-0.18018943284263367,False,1985-01-01,sec,19,False
6954.T,Fanuc Corporation,515,6954,6356934,0.031604,[],Japan,Industrials,Specialty Industrial Machinery,Tokyo,JPY,6103.0,5644747276288.0,35656064828.36133,924913533.0,34.196224,35.25504,3.0092797,6.440355,20.268,0.0178,0.20131999,0.10049,,0.938,0.26820253786745085,0.21213406934633183,0.08829331972021848,0.06915815393306257,0.07787362538368292,0.002293368451190103,,,,-0.007965405408966175,,,0.177,0.347,-0.6211376429220982,0.30644297948325117,-0.3127252252252253,False,2000-01-01,yahoo,4,False
ZS,"Zscaler, Inc.",516,ZS,BZ00V34,0.01369,[],United States,Technology,Software - Infrastructure,NasdaqGS,USD,216.81,35351891968.0,35351891968.0,163054698.0,,38.702248,13.605899,10.417677,752.616,0.0,-0.01885,-0.02873,0.71894,0.936,-0.35922769728375614,0.10176703579906632,-0.07818303715998931,,,0.27514100805675046,0.37866399921874017,0.4522858407780963,,,,,0.249,,-0.7403233762079343,0.4769356718073794,-0.3566277931095878,False,2018-03-01,sec,11,False
DTG.DE,Daimler Truck Holding AG,517,DTG,BP6VLQ4,0.027113,[],Germany,Industrials,Farm & Heavy Construction Machinery,XETRA,EUR,41.33,31419609088.0,35192217124.96533,760213105.0,28.70139,8.653251,1.3920512,0.69681805,13.419,0.0467,0.057239998,0.05047,1.2701500000000001,0.951,0.23547114555940252,0.16813632107303533,,,,-0.03676550295115599,,,,-0.09581699955460499,,,0.053,4.308,-0.2768659426108594,0.3074309588593298,-0.1747204472843451,False,2021-12-01,yahoo,4,False
CCL,Carnival Corporation Ltd.,518,CCL,BVV7RC7,0.018281,[],United States,Consumer Cyclical,Travel Services,NYSE,USD,26.13,35134664704.0,35134664704.0,1344610129.0,11.511013,10.203125,2.489994,1.2455417,7.999,0.0172,0.113690004,0.23998,1.7711000000000001,2.381,-0.07208656834810423,0.3264836862439089,0.03839635938441188,-0.048024606292277894,-0.010916865838969891,0.2981966756672283,0.36611769802331207,0.0541329605443015,,,,0.046197630462248895,0.035,0.05,-0.8933455974018032,0.5767491698845991,-0.23214810461357627,False,1987-07-01,sec,15,False
3443.TW,Global Unichip Corp.,519,3443,B056381,0.010555,[],Taiwan,Technology,Semiconductors,Taiwan,TWD,8360.0,1120332021760.0,35093721713.37402,134011000.0,214.74442,69.01475,83.20147,24.456501,184.198,0.0024,0.11278,0.43085,0.02017,1.801,4.561129674896701,0.8237635264693124,0.7161524084826694,0.6135297790085485,0.30659126961781635,0.1240418455158534,,,,0.005283531709970202,,,1.276,0.995,-0.804359168453277,0.6674346709373286,-0.044571428571428595,False,2006-11-01,yahoo,4,False
REP.DE,"Repsol, S.A.",520,REP,5669354,0.029082,[],Spain,Energy,Oil & Gas Integrated,XETRA,EUR,29.47,31291455488.0,35048675895.54028,1061807134.0,7.8796787,21.355072,1.3829837,0.56959707,5.1,0.0384,0.064330004,0.13338,0.44305999999999995,-0.12,0.9350361729551102,0.3663613943230841,0.28491887321803566,0.15549590219743092,0.06983267017848305,-0.09959244025566194,,,,-0.2355578594280241,,,0.355,4.904,-0.637685728173857,0.2833292496803647,-0.06828959848245342,False,1999-01-01,yahoo,4,False
055550.KS,"Shinhan Financial Group Co., Ltd.",521,A055550,6397502,0.03225,[],South Korea,Financial Services,Banks - Regional,KSE,KRW,99500.0,46851004825600.0,34938407505.615234,470864361.0,,,,2.39998,,0.0297,0.26150998,0.08941,,0.668,0.4543486909270502,0.4898575879426439,0.2807109835906594,0.13901322872785316,0.07897400724783843,,,,,0.03488088070438278,0.04587783154290426,,0.057,0.225,-0.6021758928641889,0.2630602423853706,-0.14592274678111583,False,2000-01-01,sec,3,False
LUMI.TA,Bank Leumi le-Israel B.M.,522,LUMI,6076425,0.18304,[],Israel,Financial Services,Banks - Regional,Tel Aviv,ILA,7154.0,105069903872.0,34337128353.750977,1468687542.0,10.190884,13.2236595,1.4917841,4.859661,,0.0426,0.45867002,0.15321,,0.361,0.08301816812068585,0.39061923798270004,0.19261727241106819,0.1739160136096667,,0.09085774134842173,,,,0.10004720407701417,,,0.093,0.103,-0.605305623598299,0.21076345238034663,-0.11657199308471222,False,2007-12-01,yahoo,4,False
012450.KS,"Hanwha Aerospace Co., Ltd.",523,A012450,6772671,0.023478,[],South Korea,Industrials,Aerospace & Defense,KSE,KRW,891000.0,45840869621760.0,34185114902.416992,51448788.0,32.62782889183326,,,1.7572381,15.134,0.0079,0.06886,0.20808001,0.78703,0.835,0.0009036970149696177,1.0765034929057893,0.8329071118674332,0.31015434645002005,0.18107639289527722,0.5580325276142695,,,,0.9302538476139874,,,0.473,2.188,-0.8101563951003808,0.4848852486307704,-0.461631419939577,True,2000-01-01,yahoo,4,False
EL,The Estée Lauder Companies Inc.,524,EL,2320524,0.05343,[],United States,Consumer Defensive,Household & Personal Products,NYSE,USD,94.32,34174285824.0,34174285824.0,247815431.0,188.64,24.016071,8.965779,2.262441,15.895,0.0148,0.01209,0.04745,2.4293199999999997,1.265,-0.023080218224999838,-0.08595079271193751,-0.20876774438091228,0.019685453467548797,0.09362366317604676,-0.018374524462719366,-0.014814212841128271,0.029411965259981576,,-0.4344237868227795,-0.42397955512146546,-0.16578181629599664,0.063,,-0.8293544827078679,0.4383222224848376,-0.2245971719829004,False,1995-11-01,sec,18,False
KVUE,Kenvue Inc.,525,KVUE,BQ84ZQ6,0.021239,[],United States,Consumer Defensive,Household & Personal Products,NYSE,USD,17.73,34055313408.0,34055313408.0,1920773467.0,20.616278,14.300578,3.2259827,2.167851,11.751,0.047400000000000005,0.107609995,0.15581,0.8161700000000001,0.447,0.29926147133040093,0.027444721988225673,,,,0.0038646439492577844,,,,-0.10696349118471904,,,0.03,0.085,-0.40716819377998015,0.3160185855683032,-0.11922503725782407,False,2023-05-01,sec,5,False
AXON,"Axon Enterprise, Inc.",526,AXON,BDT5S35,0.043189,[],United States,Industrials,Aerospace & Defense,NasdaqGS,USD,417.31,33901185024.0,33901185024.0,81237415.0,173.15767,39.578445,9.225786,10.400038,210.395,0.0,0.06191,0.06221,0.50363,1.439,-0.434824648496575,0.2649871876077796,0.18133963629497596,0.3388483142417209,0.20893383353151607,0.32787263939187605,0.3248437327961291,0.7145375436660799,,-0.05332501203818374,,0.20119648320115657,0.353,-0.182,-0.8853080518738571,0.47614593456359566,-0.4537970210203921,False,2001-06-01,sec,17,False
8308.T,"Resona Holdings, Inc.",527,8308,6421553,0.061025,[],Japan,Financial Services,Banks - Regional,Tokyo,JPY,2396.5,5344035602432.0,33756565273.66992,2229933517.0,21.057026,27.2144,1.7865131,4.732789,,0.0152,0.23052,0.0923,,0.308,0.7087582589233998,0.49057000680067553,0.46138873297272687,0.22439735216854206,0.0107589503240626,0.11118025738284865,,,,0.17275385057557768,,,0.158,0.163,-0.9463632075556137,0.2683127954324488,-0.08478136337597864,False,2000-01-01,yahoo,4,False
NTR.TO,Nutrien Ltd.,528,NTR,BDRJLN0,0.034718,[],Canada,Basic Materials,Agricultural Inputs,Toronto,CAD,99.52,47491944448.0,33258361389.858643,477210074.0,14.57101,13.769706,1.288789,1.7286798,10.538,0.0315,0.08722,0.094399996,0.49071,1.126,0.3935456881896575,0.15791882762148424,0.07122092714520067,,,-0.1080276247812555,0.05157320137611743,,,-0.33144875067847746,0.3799700534370354,,0.04,0.012,-0.4568000600474291,0.30026369128159264,-0.14903805044890983,False,2018-01-01,sec,9,False
GFI.JO,Gold Fields Limited,529,GFI,6280215,0.052271,[],South Africa,Basic Materials,Gold,Johannesburg,ZAc,61700.0,549683167232.0,33239394313.681885,890896534.0,7.656037,7.2429676,3.7405243,46.183548,74.073,0.0546,0.38654998,0.58677,0.28562,0.637,-0.139035572673063,0.3296008425130563,0.32472350802603644,0.2672279286679742,0.0886599635164087,0.07430622949313914,0.11882188707925834,,,0.15872543315145804,0.49173960698960495,,0.789,0.814,-0.7685668888672622,0.5255404905591404,-0.37769798684794453,False,2000-01-01,sec,10,False
3653.TW,"Jentech Precision Industrial Co., Ltd",530,3653,B3FJBY3,0.033204,[],Taiwan,Technology,Electronic Components,Taiwan,TWD,7165.0,1054715740160.0,33038331452.61963,147203878.0,162.39801,45.91156,44.589794,46.27093,120.009,0.003,0.28365,0.33266997,0.00317,0.191,2.2172445668682585,1.2965584322712864,0.8494884605082329,0.6826593640796101,,0.18999848457203838,,,,0.26381295322316944,,,0.404,1.038,-0.7548629382154346,0.5486339687483298,-0.03696236559139787,False,2009-11-01,yahoo,4,False
FMG.AX,Fortescue Ltd,531,FMG,6086253,0.037057,[],Australia,Basic Materials,Other Industrial Metals & Mining,ASX,AUD,15.34,47231324160.0,32945959555.891113,3078964918.0,11.447761,15.12532,1.6191318,2.9381378,6.198,0.0684,0.16916001,0.14229,0.29296,0.687,-0.2047362775918059,-0.04043817791509097,0.11662383615989147,0.22837175895390072,0.2199873123140581,0.0010913789790680806,,,,-0.15742762175434444,,,0.079,-0.475,-0.985718579667726,0.3163945646974442,-0.34388366124893066,False,1988-02-01,yahoo,4,False
HSY,The Hershey Company,532,HSY,2422806,0.089493,[],United States,Consumer Defensive,Confectioners,NYSE,USD,162.54,32658456576.0,32658456576.0,146312143.0,22.204916,16.48701,7.1575146,2.631346,13.646,0.035699999999999996,0.12242,0.32808998,1.29821,0.097,-0.01616163002154647,-0.01851323514306591,0.009409175146968263,0.07254149600858306,0.08418215003120055,0.03917965670073964,0.0748639898139154,0.04699934288470664,,-0.18718789691390514,-0.07132589092636943,0.0558475561732974,0.066,6.31,-0.45348891826624227,0.23370701383806614,-0.3212794387840321,False,1985-01-01,sec,19,False
KNIN.SW,Kuehne + Nagel International AG,533,KNIN,B142S60,0.0473,[],Switzerland,Industrials,Integrated Freight & Logistics,Swiss,CHF,228.6,27148552192.0,32644987951.21167,118760074.0,31.487602,24.035606,13.236827,1.0867704,21.198,0.0268,0.03568,0.44268,1.96252,0.621,0.49456685609749096,0.00868949752934367,-0.00983043833573194,0.09101232930290282,0.08760205841463842,-0.1467255211600531,,,,-0.30646394336962757,,,0.076,0.114,-0.5201156706785534,0.23479331350476756,-0.01804123711340211,False,2000-05-01,yahoo,4,False
0001.HK,CK Hutchison Holdings Limited,534,1,BW9P816,0.07462,[],Hong Kong,Industrials,Conglomerates,HKSE,HKD,66.65,255272468480.0,32527904121.51245,3830044500.0,6.7527866,10.026326,0.4412826,0.9285466,11.065,0.0355,0.13623,0.07294,0.44685,0.765,0.36413804604814626,0.2554339174105782,0.10790367318270588,0.010429723172212135,0.05124068060683129,0.021793589653788192,,,,-0.314006999055526,,,-0.019,30.457,-0.5968130640954821,0.227345096990157,-0.10416666666666663,False,2000-01-01,yahoo,4,False
NPN.JO,Naspers Limited,535,NPN,BV2FFX7,0.03281,[],South Africa,Consumer Cyclical,Internet Retail,Johannesburg,ZAc,71900.0,537899859968.0,32526856583.193115,747161004.0,6.761332,6.987532,1.4382586,48.64794,894.709,0.0072,0.45833,0.22059,0.33701000000000003,0.668,-0.42323648362564215,0.06554329622048072,0.06328285408797396,0.09506641171175079,0.2055946588940858,0.22095916423005857,,,,0.04708268686194761,,,,,-0.8665266250274934,0.3489697370701593,-0.44509616275121167,False,2000-01-01,yahoo,4,False
RBLX,Roblox Corporation,536,RBLX,BMWBC20,0.013647,[],United States,Communication Services,Electronic Gaming & Multimedia,NYSE,USD,45.52,32518393856.0,32518393856.0,669992988.0,,-36.434948,213.70892,5.738326,-37.161,0.0,-0.17607,-4.32275,14.232560000000001,1.468,-0.6012886681019589,0.12561527388626081,-0.11596411579820431,,,0.3001871686405706,0.3955582717327175,,,,,,0.359,,-0.7756542326895177,0.6565856926491934,-0.6793237055301162,False,2021-03-01,sec,7,False
KMB,Kimberly-Clark Corporation,537,KMB,2491839,0.065266,[],United States,Consumer Defensive,Household & Personal Products,NasdaqGS,USD,97.74,32506273792.0,32506273792.0,332579038.0,19.278105,13.091189,18.574686,1.8921424,10.653,0.0524,0.1179,1.04913,3.48933,0.273,-0.14990243728416042,-0.02892219808562324,-0.018930998327127413,0.019197381738405683,0.058218592350783416,-0.01003026834057652,-0.029872195796569856,-0.012226490682882951,,0.014740018911242103,-0.030805303602497336,0.06752603475370811,0.006,-0.323,-0.3342503050055029,0.2145406499113338,-0.20594686814525964,False,1985-01-01,sec,19,False
III.L,3i Group Ord,538,III,B1YW440,0.071364,[],United Kingdom,Financial Services,Asset Management,LSE,GBp,2416.0,24552368128.0,32450495602.46997,1016240360.0,4.4823747,3.9648287,0.79620355,4.690078,4.865,,0.94841003,0.19077998,0.040830000000000005,1.129,-0.4502759557909658,0.0775935138951449,0.1217498130310779,0.13719572929054613,0.06374511659108317,0.04828213788689428,,,,0.05001195838533956,,,-0.334,-0.35,-0.9067490385764039,0.340202777635688,-0.4627529464087169,False,1994-07-01,yahoo,4,False
EXPE,"Expedia Group, Inc.",539,EXPE,B748CK2,0.014231,[],United States,Consumer Cyclical,Travel Services,NasdaqGS,USD,270.13,32421564416.0,32421564416.0,114498625.0,16.87258,11.00759,26.811913,1.9615136,10.74,0.0070999999999999995,0.12968001,0.89489,2.30271,1.362,0.17613795106498276,0.39792632536732797,0.09632615407650857,0.07650217182354524,0.13306176861972485,0.08087962506974211,0.23161302817574048,0.08243406594387759,,0.5595323652368407,,0.0605448510419917,0.14,1.887,-0.7559705986078986,0.4382986300337294,-0.21014619883040941,False,2005-07-01,sec,18,False
002463.SZ,"Wus Printed Circuit (Kunshan) Co., Ltd.",540,002463,BD5C7Z5,0.010907,[],China,Technology,Electronic Components,Shenzhen,CNY,112.29,216086773760.0,32338636649.09668,1924363537.0,43.188465,24.168814,12.012196,9.241271,33.705,0.0043,0.20972,0.32881,0.46183,1.351,0.6419018630407558,0.832116423830666,0.6422631475204745,0.3923527559975961,,0.3147609495358521,,,,0.4106782562175908,,,0.677,0.814,-0.6538176700417445,0.5313871057200416,-0.2902022756005056,False,2010-08-01,yahoo,4,False
BIIB,Biogen Inc.,541,BIIB,2455965,0.069789,[],United States,Healthcare,Drug Manufacturers - General,NasdaqGS,USD,218.43,32273905664.0,32273905664.0,147753998.0,38.797512,13.221594,1.7116996,3.2830951,11.905,0.0,0.083229996,0.04575,0.44329,0.171,0.45564724063727047,-0.018632602244514906,-0.033848858541689286,-0.021912804311947198,0.08063978964890839,-0.00935320400320594,-0.059551646346515,-0.008424695777289437,,-0.24139998896912396,-0.2045789423683524,-0.09716506752817411,0.034,-0.848,-0.8866665554046631,0.2646427784594966,-0.052323311206559975,False,1991-09-01,sec,19,False
DXCM,"DexCom, Inc.",542,DXCM,B0796X4,0.014414,[],United States,Healthcare,Medical Devices,NasdaqGS,USD,84.41,31853023232.0,31853023232.0,377360765.0,33.496033,26.99479,12.152318,6.4495792,22.035,0.0,0.20118,0.38491002,0.5334599999999999,1.477,0.46328051056567077,-0.013924023522763451,-0.11379283278182051,0.15851197550014584,0.20058578611490874,0.1701360960301399,0.19330547815255028,0.2781307770694601,,0.34829324314463905,0.08754508990650733,,0.131,0.436,-0.920508743556065,0.49834001083490714,-0.0883464737012637,False,2005-04-01,sec,17,False
AD.AS,Koninklijke Ahold Delhaize N.V.,543,AD,BD0Q398,0.061355,[],Netherlands,Consumer Defensive,Grocery Stores,Amsterdam,EUR,32.44,28320507904.0,31721001380.23413,873011999.0,12.873015,11.117889,1.962255,0.30325153,8.111,0.038599999999999995,0.02448,0.15675999,1.3334000000000001,0.323,-0.07779958762904293,0.07990197639716934,0.06098288310588584,0.08098258631132071,,0.020161610574500166,,,,-0.03837441923767715,,,0.003,-0.002,-0.2752233075517053,0.1928143270061129,-0.23742360131640816,False,2008-10-01,yahoo,4,False
TECK-B.TO,Teck Resources Limited,544,TECK.B,2879327,0.026867,[],Canada,Basic Materials,Copper,Toronto,CAD,92.1,45184258048.0,31642300620.864502,483000468.0,18.094301,17.249,1.637479,3.3943307,7.965,0.0054,0.17854,0.08717,0.34253999999999996,1.651,0.5524959558718074,0.25011076138414334,0.23559441656832414,0.13773644215437253,0.058930142201307545,-0.14676681386141333,0.037492494578917235,,,-0.31243349563381606,,,0.782,3.244,-0.9090909167514512,0.3684639398640297,-0.07817035331798616,False,1995-01-01,sec,10,False
MTB,M&T Bank Corporation,545,MTB,2340168,0.109176,[],United States,Financial Services,Banks - Regional,NYSE,USD,217.56,31419199488.0,31419199488.0,144416262.0,11.498942,10.344109,1.2359257,3.33694,,0.0276,0.32092,0.10742,,0.563,0.21192085053359566,0.28208545369716087,0.1149502496331356,0.08911423996298207,0.060567595281893816,0.028057853111229436,-0.2257314222015595,-0.09838181109638333,,0.1259102820955269,0.16107957682579355,0.10575335755834292,0.062,0.255,-0.6752750776728547,0.2709154559571821,-0.14999023246727872,False,1985-01-01,sec,15,False
POLI.TA,Bank Hapoalim B.M.,546,POLI,6075808,0.104168,[],Israel,Financial Services,Banks - Regional,Tel Aviv,ILA,7310.0,95516237824.0,31214964487.124756,1306651672.0,10.166898,13.266788,1.4238964,4.313186,,0.041100000000000005,0.40263,0.14618,,0.336,0.11276079221613888,0.3533780144453902,0.19200145487760745,0.13048793605103337,0.06537346357252893,0.10296208769389859,,,,0.14486999658512723,,,0.026,-0.01,-0.67461902611776,0.19483433730515304,-0.13979759943516123,False,2002-08-01,yahoo,4,False
ERIC-B.ST,Telefonaktiebolaget LM Ericsson (publ),547,ERICB,5959378,0.032948,[],Sweden,Technology,Communication Equipment,Stockholm,SEK,95.32,310120087552.0,31030380596.810547,2991707089.0,12.915989,,3.029109,1.3295329,8.338,0.0318,0.10831001,0.26077,0.37682000000000004,0.511,0.022216524753949418,0.2834855837555528,0.04091011735713135,0.11068734641622147,0.01165642524391286,-0.044772840786438506,,,,0.149341861083776,,,-0.061,-0.109,-0.9775123888584937,0.29931607991875886,-0.2579213701829506,False,2000-01-01,yahoo,4,False
ON,ON Semiconductor Corporation,548,ON,2583576,0.012346,[],United States,Technology,Semiconductors,NasdaqGS,USD,79.41,30915792896.0,30915792896.0,389318613.0,51.23226,17.534447,4.282479,5.338699,16.492,0.0,0.10168,0.08312,0.6505500000000001,2.052,0.6933018779739162,0.10608070639521205,0.12016076119935559,0.21935151193955704,0.13952167349200884,-0.10369233936412636,0.026713065370281175,0.05542446875207463,,-0.6008129925266221,-0.12372646402955223,-0.053187662447648165,0.092,0.366,-0.943502824858757,0.5129965462188952,-0.4114289949599762,False,2000-05-01,sec,18,False
ALC.SW,Alcon Inc.,549,ALC,BJT1GR5,0.023148,[],Switzerland,Healthcare,Medical Instruments & Supplies,Swiss,CHF,53.06,25649205248.0,30842086545.07373,483400000.0,50.533337,14.554577,1.4256468,2.3731596,12.272,0.0054,0.0592,0.029409999,0.24536999999999998,0.726,-0.10611495116202396,-0.060095274259389986,-0.06472392672559857,,,0.060409412163723974,0.08817725733479653,,,0.4301900629777835,,,0.087,,-0.3769351676358339,0.22641376324080623,-0.22358794263974247,False,2019-04-01,sec,9,False
EXPN.L,Experian plc,550,EXPN,B19NLV4,0.073958,[],Ireland,Industrials,Consulting Services,LSE,GBp,2661.0,23326328832.0,30830057908.806885,876600041.0,21.811476,15.440812,5.714288,2.553734,10.68,0.020099999999999996,0.17785999,0.28258,1.00322,0.847,-0.27885371636146705,0.009034844095251904,-0.052211016535331556,0.049997632738723485,0.07749369486414226,0.08459872843324256,,,,0.2494716381703499,,,0.123,0.231,-0.4574606233997973,0.2627829108868906,-0.28216886970596167,False,2006-10-01,yahoo,4,False
4661.T,"Oriental Land Co., Ltd.",551,4661,6648891,0.01838,[],Japan,Consumer Cyclical,Leisure,Tokyo,JPY,2968.5,4867498704896.0,30746433963.978516,1639716594.0,35.87311,33.945114,4.3149123,6.454119,,0.0055000000000000005,0.18807,,0.28924,0.349,-0.06893987197977303,-0.15525633579821874,-0.03919744782067369,0.09296923428204606,0.12166894135804229,0.1340071036561703,,,,0.14716664993938133,,,0.104,0.502,-0.6046923591858437,0.25883798045318657,-0.18380533406653832,False,2001-01-01,yahoo,4,False
CBOE,"Cboe Global Markets, Inc.",552,CBOE,B5834C5,0.027026,[],United States,Financial Services,Financial Data & Stock Exchanges,Cboe US,USD,294.08,30711072768.0,30711072768.0,104431019.0,22.921278,19.354982,5.46546,5.725105,14.607,0.011699999999999999,0.26734,0.26297,0.2809,0.414,0.1540837941629889,0.20865633553917173,0.17757932467845627,0.17571303492679613,,0.059967260789602905,0.06585038230655771,0.21656992371787775,,0.6722881988740816,0.18577852726365385,0.18290312305591439,0.229,0.502,-0.37643379373200914,0.2508076376852392,-0.20771593297052648,False,2010-06-01,sec,17,False
068270.KS,"Celltrion, Inc.",553,A068270,B0C5YV1,0.010644,[],South Korea,Healthcare,Biotechnology,KSE,KRW,179600.0,40953452691456.0,30540399810.46875,228025902.0,39.77556417585201,,,8.543165,25.301,0.004,0.3218,0.09111,0.21425,0.278,0.10190220771013592,0.1246404825924663,0.02505816327846011,0.09596293394323663,0.225701677212506,0.22148444284320123,,,,0.24167580292101065,,,0.45,5.118,-0.7107127958273667,0.29075870728458897,-0.24868526195742924,True,2005-07-01,yahoo,4,False
NSIS-B.CO,Novozymes A/S,554,NSIS B,B798FW0,0.022287,[],Denmark,Basic Materials,Specialty Chemicals,Copenhagen,DKK,434.5,202634772480.0,30358315850.855713,412619503.0,42.765747,24.196583,2.4320526,47.05959,125.399,0.0154,0.14699,0.057690002,0.27507000000000004,0.618,0.11922679060510433,0.11958409910887124,-0.0035262927302873726,0.07112199403692232,0.09330417628234766,0.20846360567633537,,,,0.057587686030802665,,,0.096,0.267,-0.45342998388000333,0.24164238129423823,-0.06559139784946233,False,2000-11-01,yahoo,4,False
SHB-A.ST,Svenska Handelsbanken AB (publ),555,SHB A,BXDZ9Q1,0.025213,[],Sweden,Financial Services,Banks - Diversified,Stockholm,SEK,150.95,302619426816.0,30279870176.14453,1944777165.0,12.652975,13.229623,1.6209222,5.606429,,0.0533,0.42583,0.12749,,0.493,0.3879207846229815,0.3197975445939709,0.20633672192464814,0.10183706982540564,0.11318867455019221,0.04816829477757656,,,,0.03059467928893067,,,-0.038,-0.061,-0.5292694634699519,0.18549240857012855,-0.04401519949335031,False,2000-01-01,yahoo,4,False
IR,Ingersoll Rand Inc.,556,IR,BL5GZ82,0.072757,[],United States,Industrials,Specialty Industrial Machinery,NYSE,USD,78.0,30263955456.0,30263955456.0,387999429.0,32.098766,19.940842,2.9735808,3.67618,16.373,0.001,0.12076,0.0947,0.47903,1.147,0.026635696633343642,0.08963672048400517,0.079327766819133,,,0.08948380588960547,0.140025116890367,0.1365709339441643,,-0.01106897770055193,,,0.085,,-0.40861775676232714,0.2850454588313342,-0.22741679873217113,False,2017-05-01,sec,11,False
ZTS,Zoetis Inc.,557,ZTS,B95WG16,0.028972,[],United States,Healthcare,Drug Manufacturers - Specialty & Generic,NYSE,USD,73.08,30198382592.0,30198382592.0,413223602.0,12.019737,11.166492,,3.0554686,8.947,0.028999999999999998,0.27685,0.64911,2.9399599999999997,0.74,-0.4942693225975481,-0.2196050820824299,-0.18905025630951144,0.05067427670799196,,0.054225876815096274,0.0723886810840868,0.07106282835046285,,0.08185795246937899,0.10317174994518497,0.22936239984940698,-0.002,0.012,-0.6976687340774761,0.30052395310329333,-0.5072151045178692,False,2013-02-01,sec,15,False
4568.T,"Daiichi Sankyo Company, Limited",558,4568,B0J7D91,0.041856,[],Japan,Healthcare,Drug Manufacturers - General,Tokyo,JPY,2623.0,4772950704128.0,30149204454.884766,1819653230.0,19.862185,18.271107,2.804268,2.223014,15.411,0.0377,0.10931,0.14812,0.29393,,-0.24020315604958786,-0.09295656192957347,0.0042017301117560635,0.14123079523791926,0.06850280339664394,0.18419161101252257,,,,0.3351476838423717,,,0.211,-0.181,-0.6097164557005257,0.3135276249932506,-0.37098321342925655,False,2000-01-01,yahoo,4,False
RDDT,"Reddit, Inc.",559,RDDT,BMVNLY2,0.011226,[],United States,Communication Services,Internet Content & Information,NYSE,USD,156.47,30104283136.0,30104283136.0,146103200.0,36.38837,16.151758,9.158862,10.245259,32.304,0.0,0.31348,0.30712,0.00635,2.053,-0.29037960076122715,,,,,0.489345066754274,,,,,,,0.611,1.778,-0.47431721412366645,0.6793194696983467,-0.4061859582542695,False,2024-03-01,sec,4,False
ALNY,"Alnylam Pharmaceuticals, Inc.",560,ALNY,B00FWN1,0.015527,[],United States,Healthcare,Biotechnology,NasdaqGS,USD,224.53,30044162048.0,30044162048.0,133809118.0,37.863407,18.074926,22.175802,6.1245155,27.598,0.0,0.16126,0.96555,2.2062299999999997,0.269,-0.5060055593904643,0.14079576903413749,0.07153468111109107,0.20270589468060574,0.1295394077829024,0.5297727404163555,0.4976951575563511,0.2724589103935977,,,,,0.669,,-0.811098320809251,0.4617978783165461,-0.5469074765412169,False,2004-06-01,sec,13,False
6971.T,Kyocera Corporation,561,6971,6499260,0.205441,[],Japan,Industrials,Conglomerates,Tokyo,JPY,3746.0,4750824177664.0,30009438257.496094,1268239209.0,36.47517,41.854748,1.4633213,2.2491207,17.753,0.0149,0.07764,0.05059,0.10172,0.448,0.9029909214598564,0.3066740010430269,0.21153479476500436,0.14239837255670995,0.07592718226368622,0.0073310859137749596,,,,0.03272523379554704,,,0.099,0.752,-0.6881633813913066,0.21996753011890244,-0.06792734511072407,False,2000-01-01,yahoo,4,False
MDB,"MongoDB, Inc.",562,MDB,BF2FJ99,0.022572,[],United States,Technology,Software - Infrastructure,NasdaqGM,USD,371.35,29868396544.0,29868396544.0,80431927.0,515.76385,47.26383,10.048164,10.399083,1918.725,0.0,0.02116,0.01989,0.01846,1.748,0.010264146182350942,0.01797337067320859,-0.06957090952094791,,,0.2426308261987642,0.3307444300692912,0.4377668484115447,,,,,0.305,,-0.7115518853620544,0.6548762044232165,-0.21507080955400548,False,2017-10-01,sec,11,False
300476.SZ,"Victory Giant Technology (HuiZhou) Co.,Ltd",563,300476,BD76164,0.011057,[],China,Technology,Electronic Components,Shenzhen,CNY,202.69,199200653312.0,29811530967.990723,872557313.0,35.937946,13.455455,5.253486,9.441387,29.014,0.0097,0.22958,0.2057,0.27356,1.277,-0.28022288017672203,1.191612754382822,0.5274814542391217,0.32880650264941447,,0.34748735688381194,,,,0.760212943074213,,,0.295,0.115,-0.5711056834326218,0.6658273513530208,-0.4965474416294089,False,2015-06-01,yahoo,4,False
UMG.AS,Universal Music Group N.V.,564,UMG,BNZGVV1,0.020789,[],Netherlands,Communication Services,Entertainment,Amsterdam,EUR,14.74,26505623552.0,29688200653.99341,1798210619.0,81.888885,13.527279,7.37,1.9833618,13.918,0.0354,0.0252,0.076680005,1.5230299999999999,0.775,-0.36289466307164064,-0.12586286153523973,-0.08443124513689937,,,0.06547730538182472,,,,0.25154115110512887,,,0.053,-0.844,-0.48156870735733015,0.2889197724939771,-0.3853211009174312,False,2021-09-01,yahoo,4,False
FSR.JO,FirstRand Limited,565,FSR,6606996,0.037965,[],South Africa,Financial Services,Banks - Diversified,Johannesburg,ZAc,8747.0,486460817408.0,29416332701.990723,5561459404.0,12.713663,8.643119,2.0260346,3.7653883,,0.065,0.28193,0.17135,,0.557,0.05418574893937156,0.12198647383660854,0.08419545168001896,0.06068664259646295,0.09403532436039641,0.039273563171535075,,,,0.00016018795660599494,,,,,-0.4990729853713689,0.24059667155264838,-0.1497861586314152,False,2000-01-01,yahoo,4,False
ADS.DE,adidas AG,566,ADS,4031976,0.053096,[],Germany,Consumer Cyclical,Footwear & Accessories,XETRA,EUR,149.7,26206912512.0,29353622851.072266,175062879.0,19.216944,12.89989,4.400094,0.9559518,11.272,0.0191,0.052950002,0.24324,0.9412699999999999,1.173,-0.09044588510643037,-0.033762973799470686,-0.11446384249496189,0.008150639771729695,0.08159428137775504,0.032959181527404846,,,,0.2985274220431209,,,0.133,-0.024,-0.678803693505843,0.32143685860885446,-0.23778004073319758,False,1998-06-01,yahoo,4,False
PRU.L,Prudential plc,567,PRU,0709954,0.031042,[],Hong Kong,Financial Services,Insurance - Life,LSE,GBp,900.4,22140952576.0,29263363943.399414,2459012919.0,8.494341,8.713577,1.514122,1.5882188,4.041,0.0233,0.25494,0.18744,0.28701,0.909,-0.15441607889229125,0.01333498664487709,-0.09791008611058927,-0.02099624210269413,0.026475003798422048,0.08545855966888061,-0.1256345537424518,,,,0.13518872810752147,,-0.018,-0.23,-0.7435845000100583,0.2703591979543802,-0.27269789983844916,False,1988-07-01,sec,9,False
HPQ,HP Inc.,568,HPQ,BYX4D52,0.065728,[],United States,Technology,Computer Hardware,NYSE,USD,32.44,29254098944.0,29254098944.0,901790969.0,12.38168,10.3378935,-318.0392,0.4900541,7.585,0.037000000000000005,0.04143,,,1.205,0.21995933936677226,0.11334137982573167,0.050372409519608974,0.12024785371614999,0.057271440901061066,-0.04209584055759441,-0.004788030560913592,0.007207790539424108,,-0.06880130505286541,-0.021199717486120373,-0.05712183116814584,0.125,-0.113,-0.8068731366132479,0.33077658317137865,-0.10460943969086389,False,1985-01-01,sec,19,False
GEHC,GE HealthCare Technologies Inc.,569,GEHC,BL6JPG8,0.014505,[],United States,Healthcare,Medical Devices,NasdaqGS,USD,64.22,29007290368.0,29007290368.0,451686252.0,14.763219,11.870808,2.6430159,1.3914565,10.565,0.0025,0.093339995,0.19376,0.93965,0.848,-0.12897507183652124,-0.005362722936081421,,,,0.039896976391051275,,,,0.02841263401056704,,,0.058,0.168,-0.3497480268076273,0.28657856549335686,-0.284616241506071,False,2022-12-01,sec,5,False
6902.T,DENSO Corporation,570,6902,6640381,0.048725,[],Japan,Consumer Cyclical,Auto Parts,Tokyo,JPY,1826.0,4578038775808.0,28918008085.617188,2507140573.0,11.664005,9.469972,0.8953557,0.599783,5.11,0.0405,0.056149997,0.09198,0.25468,0.614,-0.11600726847393306,-0.027991769510734676,0.005760383611861819,0.07760108754661355,0.04881047327827237,0.05608803584692246,,,,0.12144934791204931,,,0.091,-0.105,-0.6874789751836508,0.2315951588889384,-0.23050990307627472,False,2000-01-01,yahoo,4,False
TCL.AX,Transurban Group,571,TCL,6200882,0.041817,[],Australia,Industrials,Infrastructure Operations,ASX,AUD,13.25,41347317760.0,28841602112.421875,3120552079.0,110.41667,76.49674,5.3535357,10.455252,25.901,0.0541,0.09397,0.04974,2.7073899999999997,0.527,-0.06205343939613417,0.08087851999364637,0.03577707253753282,0.06769543361945596,0.08329791314100854,-0.021466242638651045,,,,0.7882725237601671,,,-0.098,-0.624,-0.43335716944269853,0.16397217982107248,-0.15172855313700384,False,1996-04-01,yahoo,4,False
9888.HK,"Baidu, Inc.",572,9888,B0J2D41,0.024637,[],China,Communication Services,Internet Content & Information,HKSE,HKD,83.0,226041266176.0,28803139944.777344,2199368328.0,,11.0381155,0.7090701,1.8428448,8.461,0.0,-0.02895,-0.0139,0.38258000000000003,0.585,-0.27949840394177006,-0.062014548627960187,-0.12154962255582535,,,0.014357919775069172,,,,-0.09574707672764293,,,-0.042,-0.738,-0.6474178475393375,0.4771256343750278,-0.48511166253101734,False,2021-03-01,yahoo,4,False
KER.PA,Kering SA,573,KER,5505072,0.032436,[],France,Consumer Cyclical,Luxury Goods,Paris,EUR,209.6,25700755456.0,28786690622.087646,122618101.0,356.9549368888889,21.530207,1.774677,1.7714992,14.34,0.014499999999999999,-0.014730001,-0.01601,1.16567,1.003,-0.30126814804369817,-0.15582994067065814,-0.17924425261009813,0.0339608383516381,0.06437106316961261,-0.10326500468615607,,,,-0.7289091977883457,,,-0.029,-0.601,-0.7893876506938314,0.36726038632885666,-0.40824392998306036,True,2000-01-01,yahoo,4,False
SBK.JO,Standard Bank Group Limited,574,SBK,B030GJ7,0.030204,[],South Africa,Financial Services,Banks - Regional,Johannesburg,ZAc,29264.0,473874300928.0,28655224832.48633,1619308095.0,9.31085,7.9521785,1.6012607,2.5704987,,0.0621,0.28868,0.1901,,0.368,0.14958251047010807,0.17008591376327065,0.16724927031330705,0.07475952555445109,0.06332789762732083,0.08920678648579816,,,,0.13269298297104815,,,0.061,0.108,-0.53462044220648,0.23332726428657238,-0.13675516224188788,False,2000-01-01,yahoo,4,False
HEI.DE,Heidelberg Materials AG,575,HEI,5120679,0.021733,[],Germany,Basic Materials,Building Materials,XETRA,EUR,144.7,25438535680.0,28492985653.779297,175801909.0,12.805309,10.058627,1.3651716,1.1744878,8.47,0.0254,0.091680005,0.11698,0.50409,0.914,-0.2769739509127044,0.310338370541301,0.2083843181545646,0.08102300044170607,0.038143044395592574,0.005736145974806872,,,,0.067256999342721,,,0.017,0.088,-0.822113912158589,0.28027393660651084,-0.4015715467328371,False,1998-07-01,yahoo,4,False
2269.HK,WuXi Biologics (Cayman) Inc.,576,2269,BL6B9P1,0.012553,[],China,Healthcare,Biotechnology,HKSE,HKD,53.85,221664395264.0,28245420429.525635,4116330477.0,40.48872,24.824953,3.9297519,9.879595,25.926,0.0,0.21203,0.11378,0.04999,0.59,0.5667797893054851,0.05271427672170681,-0.13694690292671874,,,0.1258630207700473,,,,0.03552720117093622,,,0.184,0.043,-0.9217146865466272,0.5909243014625264,-0.07155172413793098,False,2017-06-01,yahoo,4,False
SMCI,"Super Micro Computer, Inc.",577,SMCI,BRC3N73,0.015411,[],United States,Technology,Computer Hardware,NasdaqGS,USD,42.77,28098408448.0,28098408448.0,656965384.0,13.119632,8.030538,2.7400858,0.7152137,12.151,0.0,0.0571,0.21465999,0.63951,2.009,-0.1513655620647395,0.2256759195948046,0.6563099101475449,0.3396347619065003,,0.7634291720222148,0.6148277410083174,0.3318128732990553,,0.5082528579744479,0.813747026611644,0.40738913524937725,0.932,4.347,-0.7745611434385566,0.8588941517079796,-0.2690138437873867,False,2007-03-01,sec,17,False
TDY,Teledyne Technologies Incorporated,578,TDY,2503477,0.026966,[],United States,Technology,Scientific & Technical Instruments,NYSE,USD,604.82,28036837376.0,28036837376.0,46355673.0,29.260765,22.579317,2.5678017,4.5035434,19.097,0.0,0.15292,0.09154,0.18565,0.895,0.16666951886423442,0.1793780022581799,0.06469390416135168,0.19029135776317507,0.14396042069171,0.03859891847624208,0.1465689073362828,0.1028224404066771,,0.04323033280561872,0.17384002451931635,0.16439834971596134,0.098,0.212,-0.6357710764444693,0.24564947389684422,-0.13308584287700476,False,1999-11-01,sec,18,False
ZM,"Zoom Communications, Inc.",579,ZM,BGSP7M9,0.017982,[],United States,Technology,Software - Application,NasdaqGS,USD,94.67,27623163904.0,27623163904.0,263233141.0,8.782003,14.927562,2.7864606,5.470963,15.091,0.0,0.65192,0.32143003,0.0053300000000000005,1.033,0.07996048680618006,0.16234014425582832,-0.192687766267285,,,0.034873597428167535,0.12924930485452069,,,1.6362557238307365,0.23095675640785984,,0.049,3.423,-0.8762647369361208,0.36197588240185957,-0.1749172041136482,False,2019-04-01,sec,9,False
VWS.CO,Vestas Wind Systems A/S,580,VWS,BN4MYF5,0.02833,[],Denmark,Industrials,Specialty Industrial Machinery,Copenhagen,DKK,189.1,184158404608.0,27590225237.53247,973867759.0,23.004866,15.322505,6.278066,9.307099,91.778,0.004,0.05434,0.30938998,0.8915500000000001,1.017,0.44366460350434944,0.079657521272394,-0.07160207292152543,0.0660507509006123,0.09761437707361442,0.0912035312534123,,,,,,,0.261,8.333,-0.9602167622555411,0.41281704074350173,-0.1412352406902816,False,2000-05-01,yahoo,4,False
K.TO,Kinross Gold Corporation,581,K,B03Z841,0.061159,[],Canada,Basic Materials,Gold,Toronto,CAD,33.2,39383195648.0,27579846830.294434,1186240789.0,9.120879,8.368825,2.8679774,4.792072,7.207,0.0067,0.37523997,0.36991,0.07727,1.477,0.008685817558210962,0.6712774282304228,0.36844051496796526,0.21482138770822634,0.04876460287811746,0.2684268233983613,0.10847227896541956,,,,0.12697602109944017,,0.295,0.648,-0.9005467032132634,0.4323095823459857,-0.38025014000373336,False,2002-07-01,sec,10,False
8604.T,"Nomura Holdings, Inc.",582,8604,6643108,0.063304,[],Japan,Financial Services,Capital Markets,Tokyo,JPY,1486.5,4344432558080.0,27442392254.487305,2922591697.0,11.148193,16.344145,1.1330522,1.8893753,,0.0342,0.17292999,0.11158,9.45609,0.607,0.4060672236069389,0.43602511027207025,0.2743679209700127,0.1547658734029005,0.014235494309427388,-0.2815802829221241,0.02928778026945733,-0.13789307167503762,,,,,0.312,0.42,-0.9170758252240637,0.24985576321590156,-0.11937203791469198,False,2000-01-01,sec,10,False
DSFIR.AS,DSM-Firmenich AG,583,DSFIR,BPCPSD6,0.054879,[],Switzerland,Basic Materials,Specialty Chemicals,Amsterdam,EUR,99.84,24397025280.0,27326419257.868652,244361250.0,,24.124216,1.4013221,2.5538445,21.87,0.0255,-0.15229,0.01874,0.37638,0.568,0.46923670489704405,0.08462575572831854,,,,0.024957934515442703,,,,,,,0.005,-0.562,-0.49790395528437936,0.2606969980597904,-0.00903225806451613,False,2023-04-01,yahoo,4,False
FTI,TechnipFMC plc,584,FTI,BDSFG98,0.052188,[],United Kingdom,Energy,Oil & Gas Equipment & Services,NYSE,USD,69.63,27306405888.0,27306405888.0,392164388.0,24.261324,19.148636,8.359946,2.6675954,13.735,0.0029,0.11282,0.35814,0.37898000000000004,0.829,0.7029019538693089,0.4916041691548385,0.5759991262238275,0.12306108213013789,0.10357308601873205,0.14021672064677793,0.08748173755481536,-0.013016800055156152,,,,0.5273351080156223,0.09,0.406,-0.9043449604345293,0.3533546041141909,-0.13717472118959118,False,2001-06-01,sec,11,False
3008.TW,"Largan Precision Co., Ltd.",585,3008,6451668,0.012329,[],Taiwan,Technology,Electronic Components,Taiwan,TWD,6660.0,871115980800.0,27287180243.444824,130798197.0,36.238983,33.198658,4.547891,13.966392,23.968,0.013999999999999999,0.38364,0.13332,0.00086,1.156,2.1889577113965677,0.5378978639874132,0.3168826146133443,0.09248952463463511,0.15792249068286557,0.08649957536570696,,,,-0.020293214157483752,,,0.171,3.625,-0.6772608250213183,0.48996319104272273,-0.16697936210131337,False,2002-03-01,yahoo,4,False
PUB.VI,Publicis Groupe S.A.,586,PUB,4380429,0.064439,[],France,Communication Services,Advertising Agencies,Vienna,EUR,97.32,24302854144.0,27220940827.00293,249721079.0,15.158878,,2.3103766,1.3409951,9.374,0.0393,0.0919,0.16179001,0.51925,0.6,0.18034909847110958,0.14890677319567702,0.15498579875403107,,,0.07016998410598685,,,,0.10594589904347229,,,0.03,-0.031,-0.5703678257251077,0.2356711519757612,-0.06197590361445793,False,2017-10-01,yahoo,4,False
HAL,Halliburton Company,587,HAL,2405302,0.025834,[],United States,Energy,Oil & Gas Equipment & Services,NYSE,USD,32.57,27135055872.0,27135055872.0,833130367.0,17.142105,11.230414,2.4672372,1.2239904,8.094,0.0209,0.0716,0.14917,0.7418600000000001,0.839,0.24470682565915847,-0.0376902352724483,0.07632542446504353,-0.01456274839674454,0.0167023634911303,0.030076157483628574,0.08959339537251054,0.02708801016195972,,-0.0678182230099943,,,0.037,0.161,-0.8914107029610243,0.411193157858085,-0.25281027758660246,False,1985-01-01,sec,19,False
CTSH,Cognizant Technology Solutions Corporation,588,CTSH,2257019,0.076632,[],United States,Technology,Information Technology Services,NasdaqGS,USD,60.01,27031156736.0,27031156736.0,450444209.0,12.9053755,9.466852,1.8755469,1.2671216,7.053,0.022000000000000002,0.10258,0.14924,0.14479,0.83,-0.19025910412623703,-0.018631143091104585,-0.0424013088707581,0.02586216485104753,0.06497592635074878,0.028031282502597676,0.04856688163062173,0.05449988851147869,,-0.008811030703585798,0.09883662303521823,0.0322190831191973,0.045,0.038,-0.6416001448803764,0.35291777450484174,-0.3104676548316673,False,1998-06-01,sec,19,False
CFG,"Citizens Financial Group, Inc.",589,CFG,BQRX1X3,0.024185,[],United States,Financial Services,Banks - Regional,NYSE,USD,64.09,26993219584.0,26993219584.0,421176788.0,13.962962,9.834551,1.1253533,3.3189414,,0.0287,0.26051,0.08270001,,1.062,0.2680932131715925,0.4401164158599298,0.10184035905907018,0.1326360847097079,,0.07969942140615749,0.0864726552341748,-0.10254838012783485,,-0.04858033503007564,0.12183702003344732,0.07318042901303023,0.147,0.413,-0.5615760176422916,0.34960295463288305,-0.14921014204168315,False,2014-09-01,sec,14,False
ACS.MC,"ACS, Actividades de Construcción y Servicios, S.A.",590,ACS,B01FLQ6,0.111399,[],Spain,Industrials,Engineering & Construction,MCE,EUR,91.85,23957479424.0,26834096353.487305,260832656.0,20.054585,18.505907,4.0428715,0.45975482,10.761,0.0253,0.01946,0.2408,2.56777,0.601,0.3516331550659475,0.45932433623816293,0.4052334289991584,0.19401332367481383,0.10455474252706809,0.14034502816170602,,,,0.12456612324894345,,,0.122,0.05,-0.6380023736984594,0.21869994278010044,-0.3495042492917847,False,2002-01-01,yahoo,4,False
FOXA,Fox Corporation,591,FOXA,BJJMGL2,0.057375,[],United States,Communication Services,Entertainment,NasdaqGS,USD,63.57,26805792768.0,26805792768.0,201424858.0,16.554688,10.877935,2.2938693,1.5088263,7.539,0.0091,0.09839,0.14291,0.6406000000000001,0.559,-0.028300046947342783,0.2844626817085578,0.1076227524328115,,,0.047201624551486354,0.05816323382679833,,,0.10792288447360199,-0.04757170501155161,,0.281,0.031,-0.38144025102731993,0.28022314264436343,-0.1678230134834402,False,2019-03-01,sec,10,False
WN.TO,George Weston Limited,592,WN,2956662,0.01284,[],Canada,Consumer Defensive,Grocery Stores,Toronto,CAD,101.61,38022815744.0,26627179867.49463,374203498.0,41.47347,18.474546,10.254313,0.5730541,9.36,0.0127,0.015829999,0.18604,1.64453,0.465,0.1934767909316435,0.27875453079032564,0.19471259002714225,0.12610040380460297,0.09695614703181032,0.041832217879715694,,,,-0.14325794325312668,,,0.041,-0.473,-0.6071889385081479,0.15725420202034143,-0.0586436909394108,False,1995-01-01,yahoo,4,False
Q,"Qnity Electronics, Inc.",593,Q,BW1P234,0.043913,[],United States,Technology,Semiconductor Equipment & Materials,NYSE,USD,126.68,26502539264.0,26502539264.0,209208543.0,45.24286,23.554611,3.6532474,5.3634634,20.55,0.0025,0.11248,0.06722,0.59992,,0.3834331675745015,,,,,,,,,,,,0.221,-0.343,-0.2682046033290063,0.5133418956455571,-0.2854241877256317,False,2025-10-01,sec,3,False
IMB.L,Imperial Brands PLC,594,IMB,0454492,0.019339,[],United Kingdom,Consumer Defensive,Tobacco,LSE,GBp,2644.0,19846707200.0,26231094343.304443,750631896.0,12.413145,7.1778197,5.199607,0.95407903,7.655,0.0638,0.08956,0.37151,2.43803,0.147,-0.17750455722371428,0.12479604092517138,0.10110278973958375,-0.04464638992626935,0.022579044135233595,-0.0039065709267392945,,,,0.09671423917042188,,,0.049,-0.382,-0.6971271610428478,0.19780097765541774,-0.2720344489598132,False,1996-10-01,yahoo,4,False
TSEM.TA,Tower Semiconductor Ltd.,595,TSEM,6320605,0.015891,[],Israel,Technology,Semiconductors,Tel Aviv,ILA,70990.0,80240877568.0,26222935500.41284,113031240.0,88.07692,316.91965,26.000805,51.478123,139.178,0.0,0.16939,0.09979,0.046130000000000004,0.889,1.8338057551744762,1.0180890673773173,0.4954202236196892,0.2908433011598359,0.10073969304158026,-0.022666349128557584,0.04351587831243808,0.05009735579955299,,-0.06357057650811682,0.21310248255589026,,0.237,0.927,-0.9861520351950296,0.3952198422941966,-0.22219787443847927,False,2002-08-01,sec,17,False
QBE.AX,QBE Insurance Group Limited,596,QBE,6715740,0.02245,[],Australia,Financial Services,Insurance - Property & Casualty,ASX,AUD,25.15,37577986048.0,26212324776.990723,1494154551.0,11.536696,12.341862,2.299207,1.8230678,10.47,0.0455,0.11148,0.19285,0.37604,0.102,0.2761866614194788,0.2098532333397245,0.19797682408182182,0.12974057798808158,0.04042230746885567,0.13332501270667674,,,,0.40967762549303166,,,0.083,0.042,-0.5805095855262608,0.17898404802390155,-0.02632597754548971,False,1988-02-01,yahoo,4,False
OMV.DE,OMV Aktiengesellschaft,597,OMV,4651459,0.029927,[],Austria,Energy,Oil & Gas Integrated,XETRA,EUR,71.75,23400873984.0,26210658313.804688,326144577.0,14.702868,10.887709,1.5455368,0.9037905,5.137,0.0434,0.105579995,0.087910004,0.37636000000000003,0.256,0.6647038729290677,0.33517933562628466,0.16847050563418176,0.17504592249033202,,-0.26927149227269254,,,,-0.3375661798278413,,,0.397,1.189,-0.6006494179838708,0.2555136563216887,-0.03949129852744315,False,2010-08-01,yahoo,4,False
BBRI.JK,PT Bank Rakyat Indonesia (Persero) Tbk,598,BBRI,6709099,0.017679,[],Indonesia,Financial Services,Banks - Regional,Jakarta,IDR,3100.0,467120978657280.0,26126796301.885986,149878079535.0,7.616708,7.042413,1.4510324,3.1890452,,0.138,0.41705,0.18988001,,0.178,-0.12851527066160284,-0.06955354607091246,0.007604703027525028,0.08854083009170921,0.14485711028516746,0.06712496416799807,,,,0.03450686042077078,,,0.04,0.214,-0.5466493708141096,0.2812869487169568,-0.23456790123456794,False,2003-11-01,yahoo,4,False
AFRM,"Affirm Holdings, Inc.",599,AFRM,BMF9NM8,0.017963,[],United States,Financial Services,Credit Services,NasdaqGS,USD,77.15,26032050176.0,26032050176.0,296881962.0,13.951175,15.980066,4.7436056,5.9192095,45.378,0.0,0.45289,0.45126,1.8277,3.817,0.03995558389569309,0.6189603175705789,-0.14386484248412112,,,0.32060533209493713,0.2744885382455329,,,,,,0.33,21.869,-0.9404923072228065,0.8734799930359715,-0.1469482529854046,False,2021-01-01,sec,8,False
SAMPO.HE,Sampo Oyj,600,SAMPO,BMXX645,0.030868,[],Finland,Financial Services,Insurance - Diversified,Helsinki,EUR,8.802,23178649600.0,25961751054.956055,2632338883.0,13.753125,14.39223,3.1639109,2.1369433,3.151,0.041299999999999996,0.1571,0.24127,0.34686,0.266,-0.06339715786838096,0.09922737696219541,0.06840316117411738,0.07661569030641369,0.11803306890477017,0.10271170026685295,,,,-0.01755031871946522,,,0.059,0.063,-0.5216691979146972,0.13508750520405777,-0.15283926852743035,False,2000-01-01,yahoo,4,False
FE,FirstEnergy Corp.,601,FE,2100920,0.055371,[],United States,Utilities,Utilities - Regulated Electric,NYSE,USD,44.85,25952000000.0,25952000000.0,578639932.0,23.983957,15.214478,2.0063522,1.6057295,10.239,0.0415,0.06939,0.09491,2.00908,0.441,0.007838787240632916,0.12206235463523152,0.07153019954437934,0.06971877535676851,0.03035238070801105,0.06594636102267804,0.06938369730247462,0.00042511421872726274,,0.42525862151802296,0.033296173643547755,0.08198632341970358,0.088,0.083,-0.529569512607214,0.17083308954083692,-0.1431027894535728,False,1997-11-01,sec,19,False
VIE.PA,Veolia Environnement SA,602,VIE,4031879,0.074716,[],France,Industrials,Waste Management,Paris,EUR,31.19,23145039872.0,25924105747.46753,742066023.0,18.13372,11.895091,2.3288286,0.5066394,8.533,0.048600000000000004,0.027880002,0.13434,2.5025899999999996,0.99,0.12211829029755195,0.10744035369698901,0.06210609418810198,0.09142138162998625,0.024491309170210585,0.011601428212173026,,,,0.19341782066183244,,,0.007,0.056,-0.8430464211754072,0.2198994546108729,-0.1718003186404672,False,2000-07-01,yahoo,4,False
4901.T,FUJIFILM Holdings Corporation,603,4901,6356525,0.078761,[],Japan,Industrials,Conglomerates,Tokyo,JPY,3427.0,4098661285888.0,25889933661.515625,1195990979.0,15.859133,11.475891,1.0510107,1.1542042,9.884,0.022000000000000002,0.075830005,0.07145,0.28445,0.371,-0.01997719756946037,0.10012882630486253,0.0514529434360842,0.11951131920907465,0.06105571935018972,0.05497535858939062,,,,0.08042503837346393,,,0.103,-0.3,-0.7505598413815491,0.22888939618010737,-0.12308085977482086,False,2000-01-01,yahoo,4,False
PPL,PPL Corporation,604,PPL,2680905,0.061763,[],United States,Utilities,Utilities - Regulated Electric,NYSE,USD,34.1,25661777920.0,25661777920.0,752544841.0,20.177513,16.091358,1.7052557,2.623257,11.891,0.0334,0.13471,0.086330004,1.3543399999999999,0.583,-0.04708978685182319,0.148575282046429,0.0683917733892967,0.04263454727056826,0.047194429625326384,0.05605121063390861,0.11052898655675913,0.018035821627633508,,0.16017174527369105,-0.04289948502947083,0.05657538624939673,0.042,0.212,-0.48764294545359765,0.19296997011480904,-0.14983794564946396,False,1985-01-01,sec,17,False
ATI,ATI Inc.,605,ATI,2526117,0.009233,[],United States,Industrials,Metal Fabrication,NYSE,USD,188.13,25617735680.0,25617735680.0,136170383.0,55.17009,29.520359,13.650414,5.3833394,30.586,0.0,0.10090999,0.25357,1.09699,0.995,0.9238684720372259,0.7141904989045988,0.6389325616063559,0.3016153999404687,0.05480050985720819,0.06144135419561647,0.0899557868456291,0.021191137585316655,,0.4190156975477872,,,0.106,0.557,-0.9221828140794808,0.44016399416611773,-0.2276142382066757,False,1999-11-01,sec,19,False
4503.T,Astellas Pharma Inc.,606,4503,6985383,0.034162,[],Japan,Healthcare,Drug Manufacturers - General,Tokyo,JPY,2247.5,4029798416384.0,25454948919.219727,1793013747.0,11.067612,29.662136,2.0743442,1.7619799,6.53,0.0356,0.16046,0.21301001,0.30335999999999996,0.092,0.4439955374244906,0.1034205676288551,0.07196920928010186,0.06962871207560539,0.06962796138139082,0.12099557636822333,,,,0.43473155536585173,,,0.267,1.072,-0.5305034038581603,0.21928498929785942,-0.17280088332719912,False,2000-01-01,yahoo,4,False
ALL.AX,Aristocrat Leisure Limited,607,ALL,6253983,0.020159,[],Australia,Consumer Cyclical,Gambling,ASX,AUD,61.5,36429438976.0,25411161861.168945,592348586.0,25.413223,21.212162,6.0082064,5.6073823,16.072,0.016399999999999998,0.23455,0.22027001,0.30652999999999997,0.372,-0.04499103979398855,0.17379735674954166,0.06563784413800389,0.1620482390803486,0.0988165704644357,0.04150981724326552,,,,0.20031522986146388,,,-0.002,-0.151,-0.8633302624607344,0.2457251712596517,-0.1044124071647008,False,1996-07-01,yahoo,4,False
BT-A.L,BT Group plc,608,BT.A,3091357,0.020565,[],United Kingdom,Communication Services,Telecom Services,LSE,GBp,193.3,19047049216.0,25174198415.466064,9853621250.0,17.57273,10.220484,1.5160785,0.9746331,6.162,0.0421,0.0548,0.08456001,1.80834,0.431,0.06900846311323372,0.2079702529379006,0.07455762216935691,-0.06145121094032402,-0.016302815953363803,-0.01683485783331906,,,,-0.17312427732903235,,,-0.039,0.4,-0.9254545708998422,0.29520343146575934,-0.2015366186129125,False,1988-07-01,yahoo,4,False
OTIS,Otis Worldwide Corporation,609,OTIS,BK531S8,0.021229,[],United States,Industrials,Specialty Industrial Machinery,NYSE,USD,66.11,25166051328.0,25166051328.0,380669339.0,16.994858,14.5949135,-4.3784356,1.6818789,12.654,0.026600000000000002,0.10167,,,0.859,-0.26824539234040423,-0.0313436949124285,-0.021025383446647283,,,0.017850220319947985,0.024982341114742734,,,0.03370116653270716,0.0884326939590403,,0.073,0.13,-0.357487359027993,0.23163913417716953,-0.30090414000951726,False,2020-03-01,sec,8,False
2344.TW,Winbond Electronics Corporation,610,2344,6966515,0.009286,[],Taiwan,Technology,Semiconductors,Taiwan,TWD,177.0,796500033536.0,24949880909.137695,4500000193.0,19.55801,3.368329,4.826966,5.4371595,13.49,0.0028000000000000004,0.27849,0.29951,0.40639000000000003,2.054,2.3318909738408915,0.9335492965234531,0.49437688900397436,0.37139225464070846,0.1719641314632081,-0.018403651387720044,,,,-0.32578077486406287,,,1.847,,-0.9695434073256398,0.6554831932416363,-0.24197002141327628,False,2000-01-01,yahoo,4,False
086790.KS,Hana Financial Group Inc.,611,A086790,B0RNRF5,0.010167,[],South Korea,Financial Services,Banks - Regional,KSE,KRW,124300.0,33201430986752.0,24759450302.13867,267107251.0,8.294381644712985,,,2.2359602,,0.037200000000000004,0.26657,0.08974,,0.721,0.566697017768649,0.5639522091395028,0.3183189952259682,0.2130956191313509,0.09530125961235747,0.06444841936851842,,,,0.03882783672099466,,,0.184,0.048,-0.6616556802291821,0.29562668285094074,-0.127719298245614,True,2002-12-01,yahoo,4,False
ROIV,Roivant Sciences Ltd.,612,ROIV,BMW4NZ9,0.011055,[],United Kingdom,Healthcare,Biotechnology,NasdaqGS,USD,34.21,24710670336.0,24710670336.0,722323015.0,,-19.915934,5.8428693,3348.8474,-16.625,0.0,0.0,-0.08515,0.02177,1.103,0.750796147715393,0.5937120684442652,0.3453333614056475,,,-0.3601394148159851,-0.19071988824449448,,,,,,-0.335,,-0.6879844841250186,0.5495733797340989,-0.19505882352941173,False,2020-12-01,sec,6,False
AMS.MC,"Amadeus IT Group, S.A.",613,AMS,B3MSM28,0.025651,[],Spain,Technology,Information Technology Services,MCE,EUR,52.4,22007302144.0,24649757838.08081,419986676.0,17.29373,13.533862,4.8108706,3.3691192,10.056,0.03,0.19858,0.26466998,0.7863899999999999,0.662,-0.19097722575268228,0.012347205216693968,-0.004780652692550458,0.0340337379557627,,0.13257258347675482,,,,0.26209806452762385,,,0.015,-0.026,-0.4746742327485869,0.22929491942894784,-0.24167872648335742,False,2010-04-01,yahoo,4,False
NBK.KW,National Bank of Kuwait S.A.K.P.,614,NBK,6889526,0.018484,[],Kuwait,Financial Services,Banks - Regional,Kuwait,KWF,820.0,7527520768.0,24432071477.568237,9179903298.0,13.666667,13.666667,1.659919,6.0897613,,0.042699999999999995,0.46883,0.114829995,,0.119,-0.17207441730590733,0.030097749874626434,0.013174595575953685,0.08624542698496573,0.008732705059938173,0.07784636048934201,0.0781950186278999,,,0.15186222738612232,0.04205524856201426,0.365349485443089,-0.004,0.076,-0.9959812935287358,0.14165125993439423,-0.18926507868083542,False,2000-01-01,sec,6,False
9961.HK,Trip.com Group Limited,615,9961,BNYK8H9,0.042323,[],Singapore,Consumer Cyclical,Travel Services,HKSE,HKD,304.4,191682265088.0,24424969828.13208,629705222.0,7.86157,9.397888,1.0347235,2.8947992,12.275,0.0,0.36905,0.15645,0.16768,-0.039,-0.44309348008798266,0.040713697981541674,0.06096175341504906,,,0.45383483946840864,0.26051332097247726,0.17547499882353113,,1.8746994077351196,,0.29130820849361583,0.055,,-0.4919463292064282,0.3941533090737825,-0.5034257748776509,False,2021-04-01,sec,16,False
NST.AX,Northern Star Resources Limited,616,NST,6717456,0.020033,[],Australia,Basic Materials,Gold,ASX,AUD,24.39,34750996480.0,24240373203.989258,1424805062.0,20.846153,11.212607,2.2138512,4.468929,8.376,0.0229,0.21832001,0.108780004,0.10998,1.326,0.011394162573012512,0.3109799868535088,0.24529347546800095,0.21908036016491694,0.3328725074193921,0.22655954459858796,,,,0.4168017955529837,,,0.187,-0.015,-0.92829775395105,0.40652048791779855,-0.2368585732165207,False,2004-01-01,yahoo,4,False
6690.HK,"Haier Smart Home Co., Ltd.",617,6690,BLD4QD0,0.014199,[],China,Consumer Cyclical,"Furnishings, Fixtures & Appliances",HKSE,HKD,20.42,189969055744.0,24206665403.79077,2853587266.0,9.497674,7.754558,1.3456607,0.6156936,6.627,0.0654,0.059860002,0.14728,0.34397,0.449,-0.1816825366571455,0.004340116402555383,-0.0397573781887296,,,0.07470321478138353,,,,0.09945770858532943,,,0.014,-0.112,-0.39377923892976263,0.32870405591666085,-0.27588652482269493,False,2020-12-01,yahoo,4,False
SYF,Synchrony Financial,618,SYF,BP96PS6,0.05291,[],United States,Financial Services,Credit Services,NYSE,USD,73.72,23986339840.0,23986339840.0,325370840.0,7.5455475,7.0456324,1.5781474,2.354571,,0.0184,0.35507,0.20786,,1.339,-0.024636169989172396,0.38898251102254866,0.1131359631028217,0.12167971755737517,,,,,,0.05265917116408092,0.20899820881541276,0.045930116697402434,0.006,0.036,-0.5715945502592414,0.3569099633188869,-0.16953925875858955,False,2014-07-01,sec,14,False
SBSP3.SA,Companhia de Saneamento Básico do Estado de São Paulo - SABESP,619,SBSP3,B1YCHL8,0.009067,[],Brazil,Utilities,Utilities - Regulated Water,São Paulo,BRL,34.0,119564165120.0,23962195633.858032,3516593233.0,14.468085,14.091221,2.651899,2.7771363,9.675,0.0208,0.1967,0.18792,1.14009,0.077,0.29397981367771964,0.4538277925640757,0.39862924700735514,0.20381765623776538,0.1914154682535405,0.19978759875104757,,,,0.3943818124093945,,,0.139,-0.339,-0.6685578650578856,0.27776283736614277,-0.037318081431564565,False,2000-01-01,yahoo,4,False
PHIA.AS,Koninklijke Philips N.V.,620,PHIA,5986622,0.04143,[],Netherlands,Healthcare,Medical Devices,Amsterdam,EUR,21.82,21327466496.0,23888293121.358887,977427472.0,18.973913,12.959631,1.8632054,1.1774502,10.966,0.039599999999999996,0.06306,0.10154,0.65049,0.922,-0.04505380315753216,0.10870901627684115,-0.0827836013066573,0.0070183807308776824,0.021898185353903754,0.004083344602442418,0.0400346499978248,0.04384739282765904,,,-0.05575453528964813,0.034658848980981816,0.005,0.614,-0.750119550854853,0.342485258067931,-0.21227436823104695,False,1995-03-01,sec,11,False
012330.KS,"Hyundai Mobis Co.,Ltd",621,A012330,6449544,0.024642,[],South Korea,Consumer Cyclical,Auto Parts,KSE,KRW,359000.0,31759139864576.0,23683884150.336914,88465568.0,8.687353448796566,,,0.539467,5.293,0.0181,0.05829,0.07403,0.06717,1.361,0.1995583500544622,0.23715982167286587,0.1016669459170283,0.04957060178902806,0.08755331104407427,0.055966176394644185,,,,0.1372872046461655,,,0.024,0.141,-0.5270937600503364,0.47562644802860465,-0.5632603406326033,True,2000-01-01,yahoo,4,False
FORTUM.HE,Fortum Oyj,622,FORTUM,5579550,0.018176,[],Finland,Utilities,Utilities - Renewable,Helsinki,EUR,23.46,21049823232.0,23577312739.565918,897264465.0,25.499998,22.016384,2.585124,3.7875054,17.97,0.031400000000000004,0.15066,0.09993,0.47478000000000004,0.047,0.24015471510174624,0.37176585139886376,0.05339370749588923,0.11667218149203196,0.07100173396924747,-0.1374393219455715,,,,,,,0.154,0.048,-0.593044506803641,0.3199549487269131,-0.09210526315789469,False,2000-01-01,yahoo,4,False
VLTO,Veralto Corporation,623,VLTO,BPGMZQ5,0.030749,[],United States,Industrials,Pollution & Treatment Controls,NYSE,USD,96.48,23521181696.0,23521181696.0,243793344.0,24.302267,20.15425,7.607633,4.070356,17.667,0.0054,0.17346,0.34312,1.15978,0.775,-0.01771822349841412,0.12300145710698196,,,,0.0415741282156441,,,,0.03615258516390263,,,0.075,0.101,-0.26276177359537867,0.1955540626464238,-0.08765957446808503,False,2023-10-01,sec,5,False
PPG,"PPG Industries, Inc.",624,PPG,2698470,0.021459,[],United States,Basic Materials,Specialty Chemicals,NYSE,USD,105.46,23443757056.0,23443757056.0,222300000.0,15.152299,12.200257,2.7767246,1.4250972,10.9,0.0281,0.09573,0.19297001,0.86938,1.05,0.10303634340985268,-0.028099676791643602,-0.06160171619458921,0.03148354646771434,0.0811771938036363,0.005541161450504539,0.027905506355126564,0.010921247800960376,,0.14736293871652273,0.08190158342208465,0.01100175393933478,0.072,-0.015,-0.565354348588676,0.2465707096479348,-0.20962302330810167,False,1985-01-01,sec,19,False
LVS,Las Vegas Sands Corp.,625,LVS,B02T2J7,0.026253,[],United States,Consumer Cyclical,Resorts & Casinos,NYSE,USD,36.1,23382011904.0,23382011904.0,647701184.0,14.046693,10.317734,40.24526,1.7284306,7.746,0.0332,0.12588,1.22869,17.03902,0.768,-0.3759989225555008,-0.0672821772111889,-0.0008674077594560403,-0.022740060195652112,-0.013603433567620726,0.4685532350721122,0.34658172096858997,0.010827550307312528,,0.11201487646784858,,-0.024282442371111657,-0.007,-0.198,-0.9829111138312174,0.3484639153041613,-0.48757984386089426,False,2004-12-01,sec,18,False
IHG,InterContinental Hotels Group PLC,626,IHG,BHJYC05,0.076326,[],United Kingdom,Consumer Cyclical,Lodging,NYSE,USD,159.48,23302744064.0,23302744064.0,146117036.0,33.85987,23.55384,-48.102055,4.4267106,115.653,0.011899999999999999,0.13397999,,,1.025,0.33907100269699586,0.3297214687526302,0.2005843328693806,0.16208717248830262,0.1149491880432929,0.1006188494520397,0.16732531781330517,0.11149827850382876,,0.2638183117243593,,-0.0466639065065253,0.056,-0.054,-0.778115961052185,0.25322150963395673,-0.09329694695548352,False,2003-04-01,sec,11,False
CHD,"Church & Dwight Co., Inc.",627,CHD,2195841,0.050856,[],United States,Consumer Defensive,Household & Personal Products,NYSE,USD,97.73,23181938688.0,23181938688.0,237203907.0,31.32372,24.21571,5.330243,3.6389213,18.116,0.0126,0.119569995,0.17041,0.55851,0.482,0.12035150316448395,0.033995923570119935,0.03338535445272672,0.08625757963899416,0.13417541098224617,0.048889197884673496,0.04847582950857543,0.062136073284974724,,0.21195007601924476,-0.012819732701909503,0.06026451464182858,0.016,0.09,-0.47161745360886453,0.19980300380306482,-0.0783666540927952,False,1985-01-01,sec,18,False
TPR,"Tapestry, Inc.",628,TPR,BF09HX3,0.070183,[],United States,Consumer Cyclical,Luxury Goods,NYSE,USD,115.82,22982780928.0,22982780928.0,198435342.0,15.931224,13.01417,33.532135,2.9703734,13.135,0.016,0.19086,1.97135,5.71608,1.432,0.06272716149278157,0.6464433033341805,0.2741007489323515,0.1543685337693006,0.07851089435460601,0.061898485445506024,0.082976289207086,0.06057119433774205,,0.21306255347515113,,0.1289603023994641,0.089,,-0.7795233793214464,0.3929875167940534,-0.29720873786407775,False,2000-10-01,sec,16,False
5020.T,"ENEOS Holdings, Inc.",629,5020,B627LW9,0.018734,[],Japan,Energy,Oil & Gas Refining & Marketing,Tokyo,JPY,1364.5,3616251314176.0,22842704018.929688,2650239110.0,5.3352885,13.717704,0.9704374,0.2979582,5.295,0.025099999999999997,0.05594,0.19527,0.5778300000000001,0.298,0.4443032634405042,0.39002072698637824,0.28916234451665446,0.17036904515254436,0.053945501286262854,-0.07810880676660226,,,,0.2163576612425011,,,0.187,,-0.6876091420307102,0.21321304763792298,-0.12109500805152984,False,2001-01-01,yahoo,4,False
ROKU,"Roku, Inc.",630,ROKU,BZ1LFG7,0.014165,[],United States,Communication Services,Entertainment,NasdaqGS,USD,153.81,22842421248.0,22842421248.0,132140569.0,65.451065,38.920616,8.0837755,4.3293886,35.381,0.0,0.06819,0.13122,0.16792,2.052,0.4342087291669774,0.3669131993554071,-0.12978028851464396,,,0.14856192016513292,0.21646600111185443,0.3093539226946034,,,,,0.219,14.429,-0.9113772438477095,0.5900773419194976,-0.0380261429732941,False,2017-09-01,sec,11,False
SGSN.SW,SGS SA,631,SGSN,BMBQHZ4,0.074099,[],Switzerland,Industrials,Consulting Services,Swiss,CHF,95.3,18831251456.0,22643784925.97876,197599697.0,28.029411,21.14484,18.700941,2.5979176,17.343,0.034,0.09201,0.76313,4.6447,0.575,0.0713548722545303,0.13793499437319,0.015310749430555548,0.05508702806004462,0.06622942097950757,0.014980720518790847,,,,0.04343735119556569,,,0.076,-0.037,-0.7337052439177434,0.190984834359704,-0.03503442689347924,False,1995-04-01,yahoo,4,False
GMAB.CO,Genmab A/S,632,GMAB,4595739,0.017375,[],Denmark,Healthcare,Biotechnology,Copenhagen,DKK,2437.0,149851750400.0,22450474386.846924,61490254.0,30.056734,22.269058,3.6598964,38.611893,105.791,0.0,0.19075,0.13998,0.88518,0.645,0.35555970542806126,0.07770393556166666,-0.02887764364412504,0.08342276297434847,0.11940350140119738,-0.364656776351453,-0.1812529166542659,,,,,,0.249,-0.094,-0.9314931010362345,0.3183764385468735,-0.06377257011140991,False,2000-10-01,sec,9,False
NRG,"NRG Energy, Inc.",633,NRG,2212922,0.010663,[],United States,Utilities,Utilities - Independent Power Producers,NYSE,USD,106.32,22349578240.0,22349578240.0,210210483.0,27.83246,9.502036,5.3175955,0.6465599,14.059,0.0179,0.02563,0.23772,4.83357,1.161,-0.3899409552557034,0.36796338799992245,0.24059326288590888,0.2816597016226987,0.09188903264217774,-0.012227579784717668,0.2841601762055095,0.09426450951480914,,-0.13254380586183856,0.0933963733464871,,0.11,,-0.7456805394117443,0.4058130283024175,-0.44030322173089076,False,2003-12-01,sec,19,False
EDP.LS,"EDP, S.A.",634,EDP,4103596,0.014187,[],Portugal,Utilities,Utilities - Diversified,Lisbon,EUR,4.807,19871762432.0,22257800095.602295,4133921624.0,16.575863,15.479488,1.6422958,1.2460343,11.772,0.0429,0.07461,0.08866,1.45948,0.554,0.15005486759498998,0.11838805510974382,0.04232666898969839,0.10308828341907628,0.07029589445035844,-0.08912027081054086,,,,0.19190409786566542,,,0.04,0.286,-0.6075845040559211,0.20571561132633978,-0.018378599142331975,False,2000-01-01,yahoo,4,False
DLTR,"Dollar Tree, Inc.",635,DLTR,2272476,0.056822,[],United States,Consumer Defensive,Discount Stores,NasdaqGS,USD,118.62,22256707584.0,22256707584.0,187630299.0,14.448235,14.996264,6.49937,1.0698519,11.216,0.0,0.08035,0.46032003,2.2394499999999997,0.662,0.17850212974028445,0.01684395727338317,0.016244037535745326,0.04453603536806661,0.1287484594028987,0.0797950706530457,-0.0533172843938553,0.022684936857535476,,-0.07403956187376659,-0.009014170961085255,0.16337377103322437,0.07,1.972,-0.6090953123424097,0.3570450898893068,-0.16699438202247197,False,1995-03-01,sec,18,False
NXT.L,NEXT plc,636,NXT,3208986,0.091451,[],United Kingdom,Consumer Cyclical,Apparel Retail,LSE,GBp,14710.0,16791766016.0,22193424537.26477,114152051.0,18.715014,16.687067,11.259952,2.30082,12.608,0.018500000000000003,0.1289,0.54543996,1.20189,1.041,0.025645838771553686,0.28686739284904483,0.1301219504304405,0.1181267982810188,0.10853672987018137,0.11089385678606178,,,,0.0767630784404203,,,0.096,0.128,-0.9307359256417226,0.25487825068324144,-0.09057187017001544,False,1988-07-01,yahoo,4,False
ASTS,"AST SpaceMobile, Inc.",637,ASTS,BNLZ3X8,0.012636,[],United States,Technology,Communication Equipment,NasdaqGS,USD,56.93,22155304960.0,22155304960.0,299789305.0,,-44.245655,9.009337,201.01537,-49.542,0.0,0.0,-0.45621,1.24865,2.706,-0.24870907859234237,1.630717568240604,0.4006242896541008,,,0.7246346728578685,0.6405901067348181,,,,,,26.266,,-0.8403179180793772,1.125640142015275,-0.5747049155834454,False,2019-11-01,sec,6,False
FM.TO,First Quantum Minerals Ltd.,638,FM,2347608,0.017211,[],Canada,Basic Materials,Copper,Toronto,CAD,37.88,31599728640.0,22129125415.812378,834206136.0,,12.976755,1.9444476,5.8976502,25.043,0.0,-0.01444,-0.01237,0.6608799999999999,2.061,0.3237430945380704,0.3384528157450122,0.0589674160392033,0.11885761113690463,0.06126727543744015,-0.11774270577909629,,,,,,,0.241,7.0,-0.8883894449717593,0.553585005562573,-0.23117515729652938,False,2000-06-01,yahoo,4,False
COL.AX,Coles Group Limited,639,COL,BYWR0T5,0.031651,[],Australia,Consumer Defensive,Grocery Stores,ASX,AUD,23.31,31329857536.0,21853975886.347168,1344052280.0,28.426828,21.689976,7.9070554,0.6761121,15.181,0.0319,0.02384,0.28122,2.50684,0.268,0.07491416011810914,0.18537525634165863,0.09847488323726772,,,0.040320629918195516,,,,-0.0024345805386948305,,,0.03,0.149,-0.15543698148276508,0.16280602817842474,-0.05205368035786906,False,2018-12-01,yahoo,4,False
PHM,"PulteGroup, Inc.",640,PHM,2708841,0.021822,[],United States,Consumer Cyclical,Residential Construction,NYSE,USD,113.53,21625915392.0,21625915392.0,190486353.0,11.584694,10.383398,1.6372236,1.3233092,8.174,0.0092,0.1162,0.14901,0.19065000000000001,1.164,-0.046187688351462364,0.16385241730834443,0.19838151888727307,0.2118601115605636,0.07708662081945628,0.026553866296244344,0.09422398249785235,0.11211635324139912,,-0.053582613906989374,0.09539817058600342,0.16206344321029298,-0.096,-0.182,-0.9131402717410071,0.3351201020704389,-0.2143252595155709,False,1985-01-01,sec,18,False
IFF,International Flavors & Fragrances Inc.,641,IFF,2464165,0.015536,[],United States,Basic Materials,Specialty Chemicals,NYSE,USD,84.65,21598445568.0,21598445568.0,255149963.0,83.81188,21.349468,1.5463165,1.9716693,14.122,0.0189,0.02569,-0.05548,0.44821,0.928,0.37110483128564553,0.09700771971179822,-0.08140030345733895,-0.01904112939808067,0.05864061377755059,-0.043387980933718207,0.16456696810652138,0.1367272158021331,,,,,0.018,-0.916,-0.6402811283754875,0.2870144938908049,-0.05228392297357798,False,1985-01-01,sec,18,False
CAP.PA,Capgemini SE,642,CAP,4163437,0.06068,[],France,Technology,Information Technology Services,Paris,EUR,115.0,19090253824.0,21382454366.738037,166002200.0,14.6124525,8.399507,1.6667149,0.7924764,8.694,0.030699999999999998,0.05866,0.12202,0.87509,0.669,-0.14691248319513528,-0.10729693868278889,-0.0944771672693524,0.057740127709146716,0.07101101064678161,0.0070726900693485195,,,,0.011502606148839467,,,0.088,-0.307,-0.9416903450522551,0.26394314210661735,-0.24861156484808888,False,2000-01-01,yahoo,4,False
4543.T,Terumo Corporation,643,4543,6885074,0.072973,[],Japan,Healthcare,Medical Devices,Tokyo,JPY,2284.0,3369131573248.0,21281727579.84082,1475101493.0,20.486143,22.429539,2.0271266,2.7957494,11.75,0.015600000000000001,0.13897,0.10854,0.26356999999999997,0.232,-0.05300555702865739,0.055489519935959075,-0.004197513624104254,0.09683633750680642,0.08093633762365693,0.11333253723459813,,,,0.15017446890036545,,,0.199,0.683,-0.5797555609020298,0.25084086428206315,-0.15061361100780957,False,2000-01-01,yahoo,4,False
SRG.MI,Snam S.p.A.,644,SRG,7251470,0.020051,[],Italy,Utilities,Utilities - Regulated Gas,Milan,EUR,5.622,18869757952.0,21135483165.38257,3356413315.0,17.036364,12.866166,2.2807305,4.6428294,12.33,0.053899999999999997,0.28639,0.1238,2.3416,0.627,0.08712281859592341,0.150091232026899,0.08434523950459316,0.0700484081610473,0.08683873367914074,0.03285245190487962,,,,0.236973512917956,,,0.097,0.267,-0.348875454937724,0.16072376647108788,-0.18165938864628828,False,2001-12-01,yahoo,4,False
1CNHI.MI,CNH Industrial N.V.,645,1CNHI,BDSV2V0,0.009266,[],United Kingdom,Industrials,Farm & Heavy Construction Machinery,Milan,EUR,11.68,18783293440.0,21038636706.4917,1237725958.0,55.61905,9.125,2.0976095,0.7964049,37.43,0.008100000000000001,0.0171,0.03914,3.35044,1.264,0.30843902079288044,0.06433145377567029,0.004129268059368307,0.08625191573423097,,-0.1068800762867198,0.032422760936732464,-0.05103668045585075,,-0.37200230344896623,,0.07370251337689915,0.02,-0.353,-0.545620959811669,0.3202087168177882,-0.05958132045088571,False,2013-09-01,sec,15,False
BMRI.JK,PT Bank Mandiri (Persero) Tbk,646,BMRI,6651048,0.018313,[],Indonesia,Financial Services,Banks - Regional,Jakarta,IDR,4040.0,375612271230976.0,21008573254.72534,92487999999.0,6.054067,6.089106,1.3249311,2.6665215,,0.13570000000000002,0.43377998,0.22378999,,-0.055,-0.020378387169973644,-0.01950254932168205,0.10427373649681271,0.09230424762075828,0.13916279622090655,0.06625339802016428,,,,0.10991923758800648,,,-0.054,0.336,-0.5773010624058517,0.25698823179200186,-0.2483720930232558,False,2003-07-01,yahoo,4,False
EIX,Edison International,647,EIX,2829515,0.076448,[],United States,Utilities,Utilities - Regulated Electric,NYSE,USD,54.3,20895399936.0,20895399936.0,384813979.0,5.597938,8.3513155,1.1976444,1.0659008,7.351,0.0646,0.19281,0.19734,2.28042,0.614,0.008399908208318374,-0.007378787074445059,0.013475357613519146,0.010505538044699003,0.046318318417283066,0.03904776111316921,0.0730520166744526,0.05301278228489248,,0.9383419902896226,0.4324505520893045,0.15889541923500783,-0.041,0.551,-0.6487479397104672,0.31631233560724736,-0.3347218818916933,False,1985-01-01,sec,19,False
5401.T,Nippon Steel Corporation,648,5401,6642569,0.044486,[],Japan,Basic Materials,Steel,Tokyo,JPY,629.4,3289429311488.0,20778273860.270508,5226293989.0,11.768887,1.1279975,0.58363056,0.30707112,7.979,0.038,0.02651,0.05505,0.90107,0.631,0.04679459095899663,0.06927650027684384,0.17727975628538828,0.09481774817617583,0.016504778207425685,0.0805828339459278,,,,-0.7086830684523553,,,0.404,,-0.8670466893122658,0.24424986087853753,-0.12400835073068894,False,2000-01-01,yahoo,4,False
RIVN,"Rivian Automotive, Inc.",649,RIVN,BL98841,0.011866,[],United States,Consumer Cyclical,Auto Manufacturers,NasdaqGS,USD,14.33,20747841536.0,20747841536.0,1443948130.0,,-8.236011,3.8223526,3.520593,-7.764,0.0,-0.54955,-0.57523,1.0440800000000001,1.622,0.052726793265606586,-0.04145170792602759,-0.3512185887444742,,,0.48111057614478514,,,,,,,0.272,,-0.9256847072497021,0.7120498225271233,-0.368444248567651,False,2021-11-01,sec,7,False
TEF.MC,"Telefónica, S.A.",650,TEF,5732524,0.012956,[],Spain,Communication Services,Telecom Services,MCE,EUR,3.287,18500071424.0,20721407722.078613,5628254398.0,,8.376229,1.2608361,0.5317791,8.587,0.044000000000000004,-0.09109,-0.10339,2.27649,0.306,-0.15397013524012682,0.05495299183961411,0.05761617761979698,-0.02779183638224858,-0.007774316542326076,-0.04238668793245404,,,,,,,,,-0.7620246665644033,0.2037416013585546,-0.29037132987910186,False,2000-01-01,yahoo,4,False
GEBN.SW,Geberit AG,651,GEBN,B1WGG93,0.125167,[],Switzerland,Industrials,Building Products & Equipment,Swiss,CHF,531.6,17201725440.0,20684348681.191406,32358401.0,28.186636,25.254816,15.519354,5.463827,20.538,0.0246,0.19413,0.54099,1.34428,1.043,-0.07094891278638116,0.1074402278806732,-0.03409044078801815,0.04949244012655596,0.09009085743590473,-0.023030946726105173,,,,-0.054077473210287885,,,0.065,0.124,-0.6910697095573549,0.2360721407038185,-0.1943013034252803,False,1998-08-01,yahoo,4,False
2368.TW,Gold Circuit Electronics Ltd.,652,2368,6107585,0.032689,[],Taiwan,Technology,Electronic Components,Taiwan,TWD,1285.0,660171718656.0,20679479054.037598,513752308.0,45.892857,19.52505,15.58993,8.035625,25.412,0.0076,0.18572001,0.4595,0.33232,0.952,1.6952997118576314,0.9497368035796434,0.8027719466663907,0.6157202834068805,0.24082354600991462,0.22320938641206634,,,,0.2812015612291836,,,0.753,1.739,-0.8002665776709906,0.5265114162848676,-0.18670886075949367,False,2000-01-01,yahoo,4,False
DOW,Dow Inc.,653,DOW,BHXCF84,0.029402,[],United States,Basic Materials,Chemicals,NYSE,USD,28.59,20651722752.0,20651722752.0,722340711.0,,16.569494,1.3021498,0.49474198,9.314,0.049,-0.03129,-0.0554,1.11913,0.409,0.2541412678604442,-0.11173067510279555,-0.0771426701282526,,,-0.11108214737616817,0.00729257790550264,,,,,,0.197,,-0.5917894554559341,0.3272775112058729,-0.3310715956948994,False,2019-03-01,sec,10,False
035420.KS,NAVER Corporation,654,A035420,6560393,0.035785,[],South Korea,Communication Services,Internet Content & Information,KSE,KRW,183800.0,27534037090304.0,20533079529.814453,149804333.0,14.09677932365631,,,2.221129,8.902,0.0143,0.15609999,0.06421,0.18159,1.188,-0.2862008812736804,0.009212419664305305,-0.1375697295789775,0.013511344926178781,0.11383304480646128,0.13550781191580707,,,,0.3696064208625849,,,0.162,0.436,-0.6152974467573405,0.3805707287679592,-0.39539473684210524,True,2002-10-01,yahoo,4,False
CRCL,Circle Internet Group,655,CRCL,BL6K237,0.011205,[],United States,Financial Services,Capital Markets,NYSE,USD,80.84,20523325440.0,20523325440.0,234685190.0,55.369858,57.24766,5.8229485,7.029683,85.847,0.0,0.15531999,0.15347,0.00454,,-0.3657671144824396,,,,,,,,,,,,0.066,,-0.6588382783742839,0.9029658567623743,-0.4930707970151126,False,2025-06-01,sec,3,False
MTN.JO,MTN Group Limited,656,MTN,6563206,0.02779,[],South Africa,Communication Services,Telecom Services,Johannesburg,ZAc,18476.0,338674745344.0,20479694623.47339,1833052479.0,19.027805,8.661353,2.3356297,1.4452283,4.721,0.0271,0.07524,0.16701001,0.9368099999999999,0.891,0.055592196479851363,0.2614815150078542,0.059349702281948025,0.04641872594863372,0.05178515342874901,0.030772357594877287,,,,0.021005152373871683,,,0.088,-0.256,-0.8010754665061761,0.35430625722533177,-0.6564522127184826,False,2000-01-01,yahoo,4,False
TRN.MI,Terna S.p.A.,657,TRN,B01BN57,0.029179,[],Italy,Utilities,Utilities - Regulated Electric,Milan,EUR,9.104,18258677760.0,20451029493.87451,2005566575.0,17.85098,16.257725,3.071525,4.3368893,11.0,0.0434,0.26439,0.13828,1.7237,0.598,0.05772715400353401,0.12569232349806359,0.11672604966405853,0.12018265639029257,0.12476702754220059,0.12594703304092647,,,,0.1038977112697772,,,0.123,0.005,-0.22595268918653433,0.15597673838130613,-0.12545629202689734,False,2004-06-01,yahoo,4,False
U,Unity Software Inc.,658,U,BLFDXH8,0.011059,[],United States,Technology,Software - Application,NYSE,USD,45.89,20195680256.0,20195680256.0,440088933.0,,26.35917,6.6555476,9.854437,136.962,0.0,-0.28966,-0.17381,0.7018300000000001,2.111,0.2093921944231556,0.2178400995930585,-0.21251507924402468,,,0.09964242786653932,0.1908150208637398,,,,,,0.239,,-0.9056789820381065,0.7256113178790469,-0.12003835091083415,False,2020-09-01,sec,8,False
SOFI,"SoFi Technologies, Inc.",659,SOFI,BM8J4C2,0.015172,[],United States,Financial Services,Credit Services,NasdaqGS,USD,15.61,20161411072.0,20161411072.0,1291570324.0,31.857141,18.932915,1.8184996,4.8171706,,0.0,0.14906,0.07095,0.30835,2.332,-0.47395440041109893,0.2741476381793302,-0.049096014819862144,,,0.17985536934222757,0.4306767604457882,,,,,,0.426,0.404,-0.8166268796564649,0.6240426451912444,-0.5230675221509318,False,2021-01-01,sec,7,False
1113.HK,CK Asset Holdings Limited,660,1113,BYZQ077,0.009062,[],Hong Kong,Real Estate,Real Estate - Development,HKSE,HKD,45.2,158189977600.0,20157240046.276855,3499778333.0,11.957672,11.831223,0.39542982,2.1520836,11.84,0.04019999999999999,0.18549,0.031040002,0.11788,0.541,0.2257371495270617,0.10528459799449807,0.03828075157355593,0.017711415105700512,,0.009343103746892734,,,,-0.20270248603028473,,,0.588,0.378,-0.4804141392941792,0.2108515851444068,-0.13658070678127987,False,2015-06-01,yahoo,4,False
AMRZ.SW,Amrize AG,661,AMRZ,BVBMCR2,0.019334,[],Switzerland,Basic Materials,Building Materials,Swiss,CHF,30.56,16714047488.0,20097936530.94043,546925644.0,17.563217,12.368468,1.5684689,1.3889748,8.023,0.0,0.10137,0.09719,0.55149,,-0.25017952661892706,,,,,,,,,,,,0.086,0.147,-0.3675811124996504,0.28963626908547446,-0.40475262952863267,False,2025-06-01,sec,3,False
KRX.IR,Kingspan Group plc,662,KSP,4491235,0.010645,[],Ireland,Industrials,Building Products & Equipment,Irish,EUR,99.55,17921505280.0,20073372117.823486,180025148.0,26.476065,18.208956,3.7675512,1.8944852,17.214,0.005699999999999999,0.0716,0.15213001,0.53262,1.273,0.5559301296558365,0.17289688976965767,0.00856677408152784,0.17084738481937634,0.10590702599705848,0.033179787898594215,,,,0.03924255336759375,,,0.076,0.049,-0.8966109574178066,0.34481020193445283,-0.06613508442776728,False,2000-01-01,yahoo,4,False
VTRS,Viatris Inc.,663,VTRS,BMWS3X9,0.012689,[],United States,Healthcare,Drug Manufacturers - Specialty & Generic,NasdaqGS,USD,17.44,20031424512.0,20031424512.0,1148590864.0,,6.522748,1.3854464,1.3802761,7.515,0.0275,-0.02787,-0.02754,0.9553499999999999,0.858,0.7537472312919875,0.30746128004509177,0.10149602407268943,-0.04953010056026785,0.003909691957971084,-0.04219810124733381,0.03810826926878108,,,,,,0.049,,-0.8762824539483978,0.3416033613091795,-0.05371676614215948,False,1985-01-01,sec,8,False
2883.TW,"KGI Financial Holding Co., Ltd.",664,2883,6431756,0.011464,[],Taiwan,Financial Services,Insurance - Life,Taiwan,TWD,37.55,637396713472.0,19966065817.225586,16974612849.0,21.58046,13.278545,1.4058931,1.8713787,10.773,0.026600000000000002,0.25443,0.24150999,1.27517,0.617,1.5074768745271934,0.572375193786679,0.27190078722573796,0.22596461269484958,0.10815035461160383,-0.10395016435039661,,,,0.22463669099629135,,,-0.246,,-0.6237477415149699,0.2623995168935004,-0.07965686274509809,False,2001-12-01,yahoo,4,False
7735.T,"SCREEN Holdings Co., Ltd.",665,7735,6251028,0.011517,[],Japan,Technology,Semiconductor Equipment & Materials,Tokyo,JPY,16545.0,3128457953280.0,19761469227.070312,189087830.0,33.999836,18.915056,6.2932606,5.085591,22.43,0.0155,0.14501001,0.1887,0.012150000000000001,1.521,1.197628059577871,0.6948733122922417,0.46883252167110134,0.2668552772779529,0.15211822054255242,0.09542460533906705,,,,0.16968083827819402,,,-0.103,-0.372,-0.8866273078062408,0.522412044303026,-0.16312594840667682,False,2001-01-01,yahoo,4,False
WRT1V.HE,Wärtsilä Oyj Abp,666,WRT1V,4525189,0.054051,[],Finland,Industrials,Specialty Industrial Machinery,Helsinki,EUR,29.57,17432881152.0,19526078026.51538,589546248.0,26.168142,22.691345,6.881545,2.503775,17.266,0.018600000000000002,0.09562001,0.26373,0.21693,1.248,0.08301629856677262,0.41727748300125067,0.23077726066048942,0.11863274099606524,0.12815903874772228,0.05776519845344641,,,,,,,-0.022,0.078,-0.6629274068554616,0.3149074657477422,-0.2743558282208589,False,2000-01-01,yahoo,4,False
LYB,LyondellBasell Industries N.V.,667,LYB,B3SPXZ3,0.037062,[],Netherlands,Basic Materials,Specialty Chemicals,NYSE,USD,60.34,19492110336.0,19492110336.0,323037952.0,,9.704039,1.8264371,0.61165106,8.612,0.045700000000000005,-0.01132,-0.02269,1.3275899999999998,0.346,0.3683349605110029,-0.06960335909601767,-0.01934347121456803,0.02845086334267166,,-0.15766098558982566,0.022373159046871427,-0.005709795403087026,,,,,0.198,3.96,-0.5410571787903776,0.3284097035284779,-0.2811532046700024,False,2010-04-01,sec,15,False
AMC.AX,Amcor plc,668,AMC,6066608,0.016118,[],Switzerland,Consumer Cyclical,Packaging & Containers,ASX,AUD,60.26,27836846080.0,19417444279.318848,461945690.0,16.87955,9.737834,1.6481423,1.1754009,11.846,0.062,0.04705,0.09396,1.2829400000000002,0.576,0.051234161741078754,0.006813002048409178,-0.007829254471321656,0.025513935578182156,0.0922596951449901,0.1695341262686505,,,,0.01811760710857535,,,0.259,,-0.3395909841165242,0.19701107050140762,-0.15246132208157526,False,1988-02-01,yahoo,4,False
000810.KS,"Samsung Fire & Marine Insurance Co., Ltd.",669,A000810,6155250,0.00985,[],South Korea,Financial Services,Insurance - Property & Casualty,KSE,KRW,612000.0,26015822774272.0,19400894838.112793,39828296.0,12.890056619114183,,,1.2540392,-19.914,0.0319,0.100600004,0.08123,0.00875,0.435,0.4841362255269077,0.40894034211195573,0.2876133796826179,0.12920464518387842,0.10838474120485708,-0.021659504657540962,,,,0.16389442217622974,,,-0.117,0.084,-0.4753668998842061,0.22596320538789416,-0.19154557463672395,True,2000-01-01,yahoo,4,False
VALT.L,Valterra Platinum Limited,670,VALT,BV1D8Q6,0.00956,[],South Africa,Basic Materials,Other Precious Metals & Mining,LSE,GBp,5550.0,14650236928.0,19362997757.63965,263968237.0,9.128289,10.733973,3.2441552,0.09368942,-0.153,0.0645,0.23391001,0.37823,0.03049,1.021,0.19022807727878788,0.33864116615264517,0.19131401950685945,0.0914733251467299,-0.07014913416485746,-0.10833195213999192,,,,-0.32051775239921765,,,0.932,35.865,-0.9810887048706757,0.36350585305978383,-0.36931818181818177,False,2000-01-01,yahoo,4,False
FSLR,"First Solar, Inc.",671,FSLR,B1HMF22,0.013066,[],United States,Technology,Solar,NasdaqGS,USD,178.85,19220973568.0,19220973568.0,107469788.0,11.026511,7.7043033,1.8624195,3.5144033,7.456,0.0,0.32465,0.18509,0.018799999999999997,1.794,-0.3391425742965719,0.07395719044377991,0.08092252855886972,0.15861308669988983,0.09625675261193267,0.258374947984624,0.13995360646283728,0.024117254585257042,,,0.3085298459543435,0.09921754158231799,-0.037,0.233,-0.9569848253718046,0.5370620195090767,-0.4427480916030534,False,2006-11-01,sec,19,False
PE&OLES.MX,"Industrias Peñoles, S.A.B. de C.V.",672,PE&OLES *,2448200,0.01124,[],Mexico,Basic Materials,Other Industrial Metals & Mining,Mexico,MXN,876.8,348506718208.0,19096258389.666992,397475747.0,8.956992,8.704717,2.993597,31.805101,70.822,0.0074,0.19459999,0.42049,0.33718000000000004,1.091,0.1323353726492389,0.6452549180365439,0.2749315849254921,0.07993034631608542,0.14800601440615524,0.16115980109585237,,,,0.9562120542977484,,,0.389,0.926,-0.7222093907842124,0.46463885734472943,-0.2871312888224008,False,2000-01-01,yahoo,4,False
EVN.AX,Evolution Mining Limited,673,EVN,B3X0F91,0.019271,[],Australia,Basic Materials,Gold,ASX,AUD,13.15,26891950080.0,18758337088.187256,2045015360.0,17.77027,12.539812,4.5818815,4.720024,8.419,0.0327,0.26536,0.27351,0.24766,1.621,0.24272388253788812,0.5806802527274229,0.3205916540727005,0.22081392833073377,0.16086802337041006,,,,,,,,0.192,0.242,-0.9180957604377089,0.47575128790084187,-0.2591549295774648,False,2002-08-01,yahoo,3,False
PAAS.TO,Pan American Silver Corp.,674,PAAS,2669272,0.021854,[],Canada,Basic Materials,Gold,Toronto,CAD,64.38,26693105664.0,18693042896.21228,414618000.0,13.785867,9.846048,2.625377,6.214462,12.285,0.0158,0.32027,0.2241,0.11427,1.585,0.2849571754881548,0.4836682294583039,0.16944495433572726,0.12926893670779926,0.06311237049149332,0.3428005677362935,0.2200392351697067,,,,0.40902409994579547,,0.384,0.385,-0.7782340718691497,0.4431724937367948,-0.32508648705315024,False,1996-04-01,sec,10,False
9503.T,"The Kansai Electric Power Company, Incorporated",675,9503,6483489,0.009236,[],Japan,Utilities,Utilities - Regulated Electric,Tokyo,JPY,2650.0,2952250261504.0,18648421543.32129,1114056720.0,7.064029,8.066235,0.82758397,0.7104556,9.588,0.030299999999999997,0.10079,0.12508,1.21085,0.222,0.13839911618097722,0.14487197346536473,0.24285760162072734,0.13988244023807672,0.023161592237682882,0.00875884652389769,,,,1.7805330480895778,,,0.098,0.382,-0.8053783508498191,0.267536235768497,-0.13200131018670158,False,2000-01-01,yahoo,4,False
WKL.AS,Wolters Kluwer N.V.,676,WKL,5671519,0.020185,[],Netherlands,Industrials,Specialty Business Services,Amsterdam,EUR,73.94,16446999552.0,18421819879.01477,222437109.0,12.639317,11.952682,17.558775,2.5150766,9.914,0.0362,0.21864,1.46141,5.90213,0.184,-0.3034002888067161,-0.14204829247359585,-0.026824340816998693,0.0944395808601719,0.09254604283709034,0.03949769769683886,,,,0.08395794632617681,,,-0.006,0.089,-0.7605073775267215,0.27064289557067034,-0.3578810247503257,False,1995-03-01,yahoo,4,False
TSN,"Tyson Foods, Inc.",677,TSN,2909730,0.051124,[],United States,Consumer Defensive,Farm Products,NYSE,USD,52.34,18413291520.0,18413291520.0,281792507.0,32.308643,12.869342,1.0184861,0.32774124,9.245,0.039,0.01031,0.03263,0.44025,0.395,0.04445707620604167,0.07493249123436807,-0.05326746804342075,-0.005032863837183932,0.08574140986918954,0.00719878201118096,0.04741462587264644,0.027829097074321796,,-0.4616235150258853,-0.24531525374380747,-0.08436443286784012,-0.001,2.041,-0.7032388409183741,0.23976553120818925,-0.2466896948762234,False,1985-01-01,sec,18,False
TORNTPHARM.NS,Torrent Pharmaceuticals Limited,678,TRP,B0XPSB8,0.018666,[],India,Healthcare,Drug Manufacturers - Specialty & Generic,NSE,INR,4656.9,1771335057408.0,18314051381.529053,380367856.0,74.39137,49.915443,18.789034,11.544531,38.094,0.008199999999999999,0.13874,,0.85446,0.135,0.3367377009250987,0.36122722530457385,0.2848667703506844,0.22347304121608147,0.27554396794271474,0.13269297536029145,,,,0.20215483995583905,,,0.548,-0.082,-0.724928166211332,0.20565661168335322,-0.11297142857142861,False,2002-07-01,yahoo,4,False
GALP.LS,"Galp Energia, SGPS, S.A.",679,GALP,B1FW751,0.009312,[],Portugal,Energy,Oil & Gas Integrated,Lisbon,EUR,22.45,16231334912.0,18180260004.230835,664919769.0,15.272109,10.958811,3.4201708,0.82190144,5.739,0.03,0.050869998,0.24875,0.80965,-0.044,0.31206122444656903,0.18917848671267734,0.23922976943225538,0.10252008249410571,0.1037344663686166,-0.10089988914043058,,,,-0.087690912714668,,,0.352,1.346,-0.5975438871461215,0.28934559331581877,-0.03149266609145818,False,2006-10-01,yahoo,4,False
1925.T,"Daiwa House Industry Co., Ltd.",680,1925,6251363,0.014881,[],Japan,Real Estate,Real Estate - Development,Tokyo,JPY,2158.0,2847826509824.0,17988810071.402344,1239080524.0,7.473076,4.5845637,0.91872317,0.46859172,7.492,0.0425,0.062800005,0.12880999,1.15364,0.362,-0.127367348365657,0.055914462789536934,0.07005757998307183,0.0793685772940842,0.06780653224095157,0.04349222895342031,,,,0.04364573650556425,,,0.09,0.09,-0.6827120463416421,0.15129435924119156,-0.25650301464254954,False,2000-01-01,yahoo,4,False
BXB.AX,Brambles Limited,681,BXB,B1FJ0C0,0.057037,[],Australia,Industrials,Specialty Business Services,ASX,AUD,19.35,25702189056.0,17928425598.8313,1328278556.0,18.428572,16.237745,5.5467334,3.4812942,13.29,0.0345,0.13146,0.28819,0.93707,0.454,-0.20555152073298766,0.16886045172471387,0.17180454215605523,0.08363416673418556,0.060443626019858865,0.050410029096330744,,,,0.1069701730081627,,,,,-0.673333745502955,0.24344573545079948,-0.24295774647887314,False,1988-02-01,yahoo,4,False
DD,"DuPont de Nemours, Inc.",682,DD,BW60F13,0.032341,[],United States,Basic Materials,Specialty Chemicals,NYSE,USD,132.48,17890492416.0,17890492416.0,135042975.0,35.612904,16.625254,1.2992948,2.5245614,12.068,0.0181,0.00787,0.01792,0.22902,1.079,0.30974321380090153,0.15171588406323555,0.10703610749640169,0.05382863555390749,0.05963222613647279,-0.19269293381346742,-0.09250966195399901,-0.17824885537897506,,,,,0.04,1.496,-0.8473877615996058,0.2853932344452597,-0.16141283706798326,False,1972-06-01,sec,11,False
3189.TW,Kinsus Interconnect Technology Corp.,683,3189,6687872,0.014535,[],Taiwan,Technology,Semiconductor Equipment & Materials,Taiwan,TWD,1075.0,566428631040.0,17743033638.347168,526910360.0,185.34482,38.392803,12.738325,12.946535,47.948,0.0014000000000000002,0.06347,0.08878,0.18283000000000002,1.842,7.083959071330353,1.2813018876761566,0.3815405531912872,0.34267171313871647,0.17462835868519555,-0.02488263461291562,,,,-0.38842006005271956,,,0.307,2.459,-0.7594343696752655,0.5395176134001108,-0.06521739130434778,False,2004-11-01,yahoo,4,False
TOST,"Toast, Inc.",684,TOST,BP6D7B7,0.010275,[],United States,Technology,Software - Infrastructure,NYSE,USD,30.53,17646340096.0,17646340096.0,514000000.0,38.64557,17.591372,8.61456,2.5748355,33.064,0.0,0.07143,0.25162,,1.744,-0.1626640136650579,0.23692396012880068,-0.10676353217874579,,,0.3109568735823114,0.4953312724405998,,,,,,0.231,1.0,-0.7568583373998589,0.5153570524143554,-0.23146633102580239,False,2021-09-01,sec,7,False
FTAI,FTAI Aviation Ltd.,685,FTAI,BLKFTK4,0.014655,[],United States,Industrials,Aerospace & Defense,NasdaqGS,USD,171.06,17569075200.0,17569075200.0,102707091.0,37.18696,12.671111,43.460365,5.722861,21.681,0.011699999999999999,0.15943,1.7445799,8.654539999999999,1.57,0.019319259508477904,0.689301111609385,0.5551849325834723,0.404879817598887,,0.5239824347409485,0.5311615777749574,0.3377890076035357,,,,,0.409,-0.28,-0.5690614848864024,0.4776810160317029,-0.4712373651509999,False,2015-05-01,sec,13,False
TEL.OL,Telenor ASA,686,TEL,4732495,0.025765,[],Norway,Communication Services,Telecom Services,Oslo,NOK,124.0,168038121472.0,17536083896.542847,1355146173.0,10.481826,13.293409,2.6933687,2.2650537,9.237,0.0761,0.15725,0.25035998,1.2814400000000001,0.262,-0.12751300310885672,0.0958815745828343,0.058844431471537284,0.06420168168472706,0.06341990820871324,-0.00142856096747912,,,,-0.460973521309637,,,-0.051,-0.322,-0.709902919606548,0.1952948350596182,-0.30609960828203686,False,2000-12-01,yahoo,4,False
PEO.WA,Bank Polska Kasa Opieki S.A.,687,PEO,5473113,0.010561,[],Poland,Financial Services,Banks - Regional,Warsaw,PLN,261.2,68557176832.0,17498136983.94629,262470034.0,10.583468,11.2440815,2.0850132,4.3316865,,0.0736,0.3962,0.20236,,0.495,0.5551022080491919,0.41643505727581775,0.25137552027414767,0.15476017838628642,0.06788532515245271,0.15658094675748568,,,,0.5986465695000955,,,0.078,-0.053,-0.7189581881421249,0.2970946441714775,-0.08639384400139904,False,2000-01-01,yahoo,4,False
GIS,"General Mills, Inc.",688,GIS,2367026,0.023998,[],United States,Consumer Defensive,Packaged Foods,NYSE,USD,32.59,17425453056.0,17425453056.0,534687144.0,,10.335138,2.3388834,0.9257943,8.824,0.07490000000000001,-0.04891,-0.104949996,1.82422,0.02,-0.27318292850190196,-0.17431923001147298,-0.08825718456599008,-0.027774860903746257,0.040702059649615485,-0.028500795823470426,0.0032621470033440403,0.010707863045734456,,,,,-0.028,-0.667,-0.5803180433724653,0.21858715941325493,-0.34439750553208603,False,1985-01-01,sec,19,False
CDE,"Coeur Mining, Inc.",689,CDE,2208136,0.045422,[],United States,Basic Materials,Gold,NYSE,USD,16.87,17341263872.0,17341263872.0,1027934998.0,14.418805,8.497414,1.6668314,5.596401,10.933,0.0024,0.26817,0.12848,0.06851,1.371,0.0011237769527232544,0.8987354889389347,0.2211884433132132,0.04396069746817455,-0.05102869282158706,0.38120603748400694,0.21387629587335844,0.13938866765831226,,,0.869911251217014,,1.259,0.076,-0.9920507148221923,0.6104772691926319,-0.3925099027727763,False,1985-01-01,sec,18,False
EN.PA,Bouygues SA,690,EN,4002121,0.02888,[],France,Industrials,Engineering & Construction,Paris,EUR,40.5,15481413632.0,17340294349.70996,382257126.0,12.385322,10.4875,1.246499,0.27592492,5.941,0.051699999999999996,0.022230001,0.09711,1.03048,0.697,0.08909004910006169,0.1256936286779924,0.08695663935354814,0.0847687867144078,0.045128656767615016,0.08606985144018542,,,,0.05360172725902124,,,-0.01,0.126,-0.7677290825552223,0.21083582986717875,-0.24270755422587875,False,1991-01-01,yahoo,4,False
S68.SI,Singapore Exchange Limited,691,S68,6303866,0.168774,[],Singapore,Financial Services,Financial Data & Stock Exchanges,SES,SGD,20.73,22198585344.0,17333165833.680176,1070843484.0,31.892307,24.838245,9.375848,15.52565,24.811,0.021099999999999997,0.44785,0.30613002,0.28601,0.262,0.27976021842045884,0.3450254192010227,0.20590656825389853,0.15305498443915533,0.12025057191238675,0.09296942775106376,,,,0.06951023203962903,,,0.196,0.15,-0.6881074303545655,0.16953150615798154,-0.1930712339431686,False,2000-11-01,yahoo,4,False
FDXF,"FedEx Freight Holding Company, Inc.",692,FDXF,BVSVT37,0.030107,[],United States,Industrials,Integrated Freight & Logistics,NYSE,USD,115.65,17291771904.0,17291771904.0,149518133.0,26.40411,22.45631,-34.79242,1.9059949,23.249,0.0,0.07447,0.69093,,,,,,,,,,,,,,,0.048,-0.611,-0.31795223181561805,,-0.42174999999999996,False,2026-05-01,sec,3,False
RI.PA,Pernod Ricard SA,693,RI,4682329,0.020044,[],France,Consumer Defensive,Beverages - Wineries & Distilleries,Paris,EUR,61.02,15365663744.0,17210646167.92395,251813562.0,12.792453,10.237448,0.9923888,1.5814663,10.035,0.07690000000000001,0.12792,0.07563,0.76644,0.515,-0.2387885729024365,-0.2515568028811873,-0.1811739539226438,-0.030081857666418466,0.01317226276780481,-0.08155808650613228,,,,-0.18980229449955643,,,-0.132,-0.478,-0.6612868650605903,0.2269511500910478,-0.32455169360194813,False,2000-01-01,yahoo,4,False
TELIA.ST,Telia Company AB (publ),694,TELIA,5978384,0.012803,[],Sweden,Communication Services,Telecom Services,Stockholm,SEK,43.73,171951144960.0,17205301063.483887,3932109286.0,34.984,22.42564,3.4498265,2.134373,9.575,0.0461,0.060349997,0.105579995,1.6914099999999999,0.225,0.23297308447722376,0.30254039325095516,0.11803265308549471,0.08123669820704471,0.05457641694408166,-0.018239837742353382,,,,,,,0.046,0.132,-0.7152586654271363,0.19857860848470438,-0.15383126934984526,False,2000-06-01,yahoo,4,False
CF,"CF Industries Holdings, Inc.",695,CF,B0G4K50,0.022722,[],United States,Basic Materials,Agricultural Inputs,NYSE,USD,113.58,17188984832.0,17188984832.0,151338130.0,8.425817,10.253457,2.9954903,2.268801,5.645,0.021099999999999997,0.27122,0.29867,0.40503999999999996,0.527,0.4429878037975601,0.16480192310926434,0.18145251107892113,0.20379538777700024,0.20767950578312666,-0.1412477014500929,0.11427395430219223,0.05099411879684501,,-0.24239002249643826,0.3563155665602582,0.07591136569386658,0.176,0.996,-0.7117511894956614,0.3491544193856149,-0.19991546914623848,False,2005-08-01,sec,19,False
PKX,POSCO Holdings Inc.,696,PKX,2692795,0.040064,[],South Korea,Basic Materials,Steel,NYSE,USD,56.75,17165916160.0,17165916160.0,302483116.0,18.073248,9.841308,1.5889864,0.00024729478,3.9,0.027200000000000002,0.018919999,0.02214,0.49601,1.681,0.03618416793861701,-0.07768395065070288,-0.00035555930280284365,0.019713831172757823,-0.001523193053580174,-0.01130936853381681,0.025447998211018508,,,-0.4806406062227373,-0.1318211633314278,,0.097,3.283,-0.8086302051104117,0.49641488288261315,-0.38582251082251084,False,1994-10-01,sec,10,False
STLAM.MI,Stellantis N.V.,697,STLAM,BMD8KX7,0.009155,[],Netherlands,Consumer Cyclical,Auto Manufacturers,Milan,EUR,4.0655,15316054016.0,17155079712.135254,2900941252.0,,3.7987158,0.20979975,0.071170546,-103.543,0.0,-0.12104999,-0.28694,0.84387,1.035,-0.5259884312846395,-0.34942252030459764,-0.19836164916311005,0.023690018788290912,0.05228186100296406,-0.05096693860387458,,,,,,,0.131,,-0.8278497117263633,0.37518336127468294,-0.6125881456070135,False,2000-01-01,yahoo,4,False
6223.TWO,MPI Corporation,698,6223,6574457,0.009075,[],Taiwan,Technology,Semiconductor Equipment & Materials,Taipei Exchange,TWD,5575.0,546245804032.0,17110818812.160889,97981309.0,117.98942,40.984375,34.345104,33.2749,96.553,0.0039000000000000003,0.27873,0.36203998,0.54489,1.389,1.6440909864228739,2.112791119695755,1.1770987358595728,0.5699363256485106,,0.21734265318758328,,,,0.3781448291255618,,,0.589,1.406,-0.7782670647507726,0.47566945367317975,-0.275974025974026,False,2007-12-01,yahoo,4,False
FTV,Fortive Corporation,699,FTV,BYT3MK1,0.035162,[],United States,Technology,Scientific & Technical Instruments,NYSE,USD,56.42,17039801344.0,17039801344.0,302017052.0,29.694736,17.343456,2.817056,4.0638247,16.677,0.005,0.12382,0.07318,0.59283,0.986,0.1468036984450274,0.05779034961782892,0.005768705763528947,0.06407691821935324,,-0.10624788606146962,-0.02140910787620065,-0.0388093833757065,,-0.10982873332498477,-0.19877680649413365,-0.047188588931435294,0.079,0.04,-0.3582976286912418,0.2383614541101691,-0.12608426270136308,False,2016-07-01,sec,12,False
RCI-B.TO,Rogers Communications Inc.,700,RCI.B,2169051,0.047277,[],Canada,Communication Services,Telecom Services,Toronto,CAD,44.09,23818532864.0,16679994533.272827,429076558.0,3.8845813,9.168798,1.4384053,1.0332999,7.736,0.0454,0.27276,0.30921,1.99991,0.841,-0.169339196543549,-0.012605461788994021,-0.016833789255239706,0.013828007867208392,0.049018757226390264,0.12140884173136346,0.09304258407254684,,,0.6019136329621397,0.34108622640291064,,0.077,,-0.7968471828035018,0.23162946645064886,-0.2164563710680647,False,1995-01-01,sec,10,False
WIT,Wipro Limited,701,WIT,2646123,0.024599,[],India,Technology,Information Technology Services,NYSE,USD,1.67,16522040320.0,16522040320.0,9893437356.0,11.928571,11.141503,2.048101,0.017605836,-0.933,0.0519,0.13919,0.16128999,0.27398,0.408,-0.35992548283273773,-0.08292158232704971,-0.1688987803745775,-0.02914041010086421,8.01597811350696e-06,0.04046379193841654,0.07861197163412204,,,-0.013625676018678479,0.03620124332607455,,0.106,0.009,-0.684186950437119,0.27250889055866195,-0.459546925566343,False,2000-10-01,sec,10,False
CHRW,"C.H. Robinson Worldwide, Inc.",702,CHRW,2116228,0.082179,[],United States,Industrials,Integrated Freight & Logistics,NasdaqGS,USD,141.34,16487091200.0,16487091200.0,116648446.0,26.973284,18.888676,10.169808,1.0528396,21.136,0.0178,0.03726,0.37123,1.21188,0.943,-0.10745156516050203,0.20960542293911533,0.09347716456697897,0.09590951982498375,0.08383593532886158,-0.13053598256384413,0.00031641390725023477,0.2700724049178369,,-0.14537410504345327,0.030000092641240483,0.01423460518497377,0.193,0.238,-0.35012674680757505,0.2975427670869915,-0.32800836780297626,False,1997-10-01,sec,19,False
BEN,Franklin Templeton Inc.,703,BEN,2350684,0.059244,[],United States,Financial Services,Asset Management,NYSE,USD,32.4,16461691904.0,16461691904.0,508076910.0,22.040817,10.204308,1.4008389,1.7709483,11.159,0.0407,0.08717,0.07887,0.24805,1.57,0.48733265669761416,0.1811240652791306,0.054641088023355655,0.046250585368200925,0.026089777224726163,0.019569502798386873,0.0951923677117521,0.009889402869150521,,-0.27499923310248686,-0.0965288484807123,-0.13550883444522088,0.143,1.067,-0.6610787089448995,0.3274121353229369,-0.10694597574421172,False,1985-01-01,sec,19,False
267260.KS,"HD Hyundai Electric Co., Ltd.",704,A267260,BD4HFR9,0.015216,[],South Korea,Industrials,Electrical Equipment & Parts,KSE,KRW,606000.0,21811578273792.0,16265644950.563965,35992704.0,29.772614856247817,,,5.6683073,19.793,0.0129,0.19617,0.4359,0.08069000000000001,1.229,-0.2728471769879215,1.0567539804271182,0.973091247850149,,,0.24686457991493538,,,,0.6520300215709733,,,0.26,0.451,-0.8996527895550261,0.5419100949242615,-0.5762237762237763,True,2017-05-01,yahoo,4,False
NHY.OL,Norsk Hydro ASA,705,NHY,B11HK39,0.059299,[],Norway,Basic Materials,Aluminum,Oslo,NOK,79.18,155610742784.0,16239190350.138916,1965278330.0,15.93159,9.591599,1.5004454,0.766178,3.45,0.0383,0.0477,0.09432,0.31964,0.697,0.1783303439715438,0.110852632416655,0.11405609438082531,0.12923508238186487,0.06839608894526927,6.732614246351964e-05,,,,-0.3472772315874848,,,0.064,1.786,-0.7185185224229094,0.3434912390884861,-0.3423588039867109,False,2000-01-01,yahoo,4,False
IONQ,"IonQ, Inc.",706,IONQ,BP484B3,0.010759,[],United States,Technology,Computer Hardware,NYSE,USD,39.45,15982601216.0,15982601216.0,405135656.0,,-30.522243,4.517865,68.24421,-18.21,0.0,0.0,-0.60483,0.016319999999999998,3.361,-0.32977642296161236,0.6307493031359002,0.22698541251751148,,,1.268928825536873,,,,,,,2.868,,-0.8551637241022569,1.0110936828837813,-0.5339083175803403,False,2021-01-01,sec,6,False
APA,APA Corporation,707,APA,BNNF1C1,0.013185,[],United States,Energy,Oil & Gas E&P,NasdaqGS,USD,45.47,15930483712.0,15930483712.0,350351510.0,9.613108,9.784008,2.271002,1.8424926,3.463,0.022000000000000002,0.19564,0.26659,0.48854,0.421,1.0342717739018656,0.08083509079782902,0.14791096858936004,-0.0028505272775856128,-0.0011119167829897192,,,,,-0.2691919322110736,,,0.092,0.263,-0.9641344132838343,0.4154052519806927,-0.04152613827993257,False,1985-01-01,sec,7,False
002353.SZ,"Yantai Jereh Oilfield Services Group Co., Ltd.",708,002353,BD5CMC7,0.016618,[],China,Energy,Oil & Gas Equipment & Services,Shenzhen,CNY,103.9,106378616832.0,15920175849.283447,1023855833.0,39.96154,14.483642,4.5524254,6.650454,25.697,0.0078000000000000005,0.15529999,0.115030006,0.19440000000000002,1.351,1.2185743856106983,0.5932173390688362,0.22714832361664006,0.2084842455373619,,0.12450382193284004,,,,0.06088514665057443,,,0.034,-0.209,-0.7490263446476007,0.4404433424460929,-0.41163146271023277,False,2010-02-01,yahoo,4,False
PZU.WA,Powszechny Zaklad Ubezpieczen SA,709,PZU,B63DG21,0.00979,[],Poland,Financial Services,Insurance - Property & Casualty,Warsaw,PLN,72.16,62311825408.0,15904109636.55664,863523000.0,9.608522,11.472178,1.8089747,0.9884181,3.552,0.0687,0.10385,0.19540001,0.7114100000000001,0.291,0.2891756232127194,0.23936112519283115,0.21013650389747185,0.17210445427701893,,0.1575402771263874,,,,0.21004382610286187,,,-0.014,0.12,-0.4801265813388156,0.22024444887478387,-0.06528497409326428,False,2010-05-01,yahoo,4,False
METSO.HE,Metso Oyj,710,METSO,B1FN8X9,0.042161,[],Finland,Industrials,Farm & Heavy Construction Machinery,Helsinki,EUR,17.0,14077929472.0,15768291364.191162,828113459.0,28.333332,19.474644,5.4036875,2.619732,17.546,0.024300000000000002,0.09239,0.19992,0.61421,1.189,0.20630851010589568,0.30419848569627894,0.17959475234292022,0.17886442950827908,0.10306664453799441,0.017790280974672612,,,,0.12010299186230866,,,0.061,0.875,-0.7970354074536139,0.30152676824731334,-0.10432033719704958,False,2006-10-01,yahoo,4,False
6274.TWO,Taiwan Union Technology Corporation,711,6274,6716538,0.015458,[],Taiwan,Technology,Electronic Components,Taipei Exchange,TWD,1740.0,502337994752.0,15735433292.522217,288700000.0,89.59835,22.560865,20.802698,12.19951,62.212,0.0043,0.1369,0.30742002,0.27099,2.368,3.50205910093789,1.595326732006769,0.8583290201107392,0.5328509104293695,,0.17986957888682564,,,,0.39292681096082127,,,1.109,2.445,-0.6784078555697406,0.6154221544329931,-0.09375,False,2007-12-01,yahoo,4,False
FPH.NZ,Fisher & Paykel Healthcare Corporation Limited,712,FPH,6340250,0.012932,[],New Zealand,Healthcare,Medical Instruments & Supplies,NZSE,NZD,47.7,28060260352.0,15731491320.85559,588265424.0,59.625,43.596283,13.235294,11.977332,35.525,0.011000000000000001,0.20295,0.23391001,0.06906,0.876,0.28447781792968696,0.3298547939173755,0.10210162296561998,0.19947363811810637,0.15953637329047066,0.1326581018108306,,,,0.23239401877457477,,,0.14,0.143,-0.5491803672903898,0.2327986706042074,-0.006042925609501926,False,2000-02-01,yahoo,4,False
NWSA,News Corporation,713,NWSA,BBGVT40,0.009792,[],United States,Communication Services,Entertainment,NasdaqGS,USD,28.97,15612032000.0,15612032000.0,359455998.0,28.126213,19.163603,1.8465166,1.7149363,12.684,0.0069,0.06347,0.07979,0.31561,0.976,0.08974723521125161,0.12317946383472522,0.055120521172801196,0.10228645676554349,,0.0405993172034298,-0.007154431028680852,0.008540227876567608,,0.5838561517105216,0.13817185611409122,0.11507705783003508,0.108,-0.749,-0.47004220925525864,0.2457782379900507,-0.08496525584333547,False,2013-06-01,sec,15,False
8601.T,Daiwa Securities Group Inc.,714,8601,6251448,0.049961,[],Japan,Financial Services,Capital Markets,Tokyo,JPY,1736.0,2410555375616.0,15226708041.717773,1388568756.0,12.198721,17.63869,1.336569,2.5440419,,0.04019999999999999,0.20921,0.10955,12.21076,0.529,0.5149174887616017,0.31988715876230667,0.27573717450541047,0.15760594320747723,0.05045148282247536,0.13504203387371394,,,,0.4000212997811099,,,0.572,0.826,-0.8481382158795298,0.1977862002703374,-0.0853530031612223,False,2000-01-01,yahoo,4,False
6988.T,Nitto Denko Corporation,715,6988,6641801,0.010309,[],Japan,Basic Materials,Specialty Chemicals,Tokyo,JPY,3615.0,2391408640000.0,15105764230.957031,661523850.0,17.880108,18.863495,2.09316,2.227575,8.199,0.0182,0.12913999,0.12546,,0.522,-0.06194221044744552,0.24717805751834887,0.17448171561191606,0.11931891323207178,0.07430496057767311,0.03437401611530011,,,,0.06934991256791334,,,0.104,0.111,-0.8343453276362588,0.24102240716361578,-0.11135693215339237,False,2001-01-01,yahoo,4,False
LDOS,"Leidos Holdings, Inc.",716,LDOS,BDV82B8,0.021535,[],United States,Technology,Information Technology Services,NYSE,USD,119.22,14961181696.0,14961181696.0,125492209.0,11.131653,9.3503685,2.8314254,0.85205126,8.762,0.0144,0.07803,0.27781,1.2327599999999999,0.59,-0.38368020209808285,0.06591128929919354,0.04360415160521103,0.12543133633366188,0.08049190757111124,0.061885287231115305,0.07000095748778401,0.13761905375967842,,0.2825413599801032,0.18374823763869852,0.19705250736444802,0.072,-0.067,-0.46095123796680604,0.3040260615168988,-0.4206152500364485,False,2006-10-01,sec,18,False
EVO.ST,Evolution AB (publ),717,EVO,BJXSCH4,0.027702,[],Sweden,Consumer Cyclical,Gambling,Stockholm,SEK,813.8,148193804288.0,14828159586.324219,182101029.0,13.978014,11.348487,37.30119,72.72835,125.281,0.0,0.51774,0.26685,0.0213,0.738,0.276976881331374,-0.06292567501789337,-0.1004167716419857,0.3191799694541748,,0.12362369300807097,,,,0.07989969819949017,,,-0.012,0.043,-0.6689883324560375,0.3569668732286858,-0.10669593852908899,False,2015-03-01,yahoo,4,False
SOLV,Solventum Corporation,718,SOLV,BMTQB43,0.012959,[],United States,Healthcare,Medical Instruments & Supplies,NYSE,USD,86.41,14709032960.0,14709032960.0,170223729.0,10.5765,11.951062,3.062447,1.7720884,17.303,0.0,0.17256,0.33960998,1.10313,0.703,0.2586715445527912,,,,,0.007931997022665449,,,,0.05029474685902713,,,0.022,0.039,-0.23968369880928797,0.2932753399684798,-0.08230671197960915,False,2024-03-01,sec,4,False
9987.HK,"Yum China Holdings, Inc.",719,9987,BN2BD13,0.031781,[],China,Consumer Cyclical,Restaurants,HKSE,HKD,340.4,114954919936.0,14648045032.977417,337705419.0,15.958743,13.092442,2.7739456,8.537372,58.697,0.0281,0.07839,0.16808,0.37981000000000004,0.058,-0.03301388649454251,-0.07403903970495829,-0.06503498894951842,,,0.0722638756545706,0.07380832179089447,0.05495913885549086,,0.2806642080987143,0.04310645622587095,0.11837123141937589,0.126,0.214,-0.5396445555975032,0.37026624325745383,-0.24556737588652489,False,2020-09-01,sec,12,False
FBK.MI,FinecoBank Banca Fineco S.p.A.,720,FBK,BNGN9Z1,0.036579,[],Italy,Financial Services,Banks - Regional,Milan,EUR,21.37,13074576384.0,14644463896.22351,611819221.0,19.252253,16.591486,5.455706,9.567683,,0.037599999999999995,0.48521,0.28855,,0.737,0.11610863481524492,0.2933135507719067,0.10048987447930302,0.1866269574735755,,0.12668182863845878,,,,0.1472515038280462,,,0.18,0.159,-0.3360704343746159,0.24994077727493055,-0.1469061876247505,False,2014-07-01,yahoo,4,False
UPM.HE,UPM-Kymmene Oyj,721,UPM,5051252,0.048542,[],Finland,Basic Materials,Paper & Paper Products,Helsinki,EUR,24.66,13003810816.0,14565201381.306396,527324046.0,21.076923,13.361871,1.3077371,1.3505652,13.369,0.0622,0.06574,0.062119998,0.37645,0.181,0.06723959079035646,-0.04360357621238331,-0.0005739318029300833,0.06009428245576487,0.060948309723405814,-0.06253179225496086,,,,-0.31991650572261043,,,0.006,1.242,-0.7395832285889246,0.20232883245733935,-0.1173944166070151,False,2000-01-01,yahoo,4,False
3665.TW,BizLink Holding Inc.,722,3665,B5SG8Y4,0.011223,[],Taiwan,Industrials,Electrical Equipment & Parts,Taiwan,TWD,2360.0,460386467840.0,14421327132.646484,195079000.0,43.406292,18.386608,9.288961,5.4848056,27.543,0.006500000000000001,0.12903,0.24658,0.36207999999999996,0.592,0.6746307916136927,1.1332099960393704,0.594179042728961,0.3465155459861784,,0.09844237424052316,,,,0.328774036100687,,,0.375,0.458,-0.5610122249268847,0.4777046915977115,-0.21594684385382057,False,2011-04-01,yahoo,4,False
W,Wayfair Inc.,723,W,BQXZP64,0.009621,[],United States,Consumer Cyclical,Internet Retail,NYSE,USD,105.13,14399452160.0,14399452160.0,115990166.0,,27.098433,-5.1463675,1.0666921,47.504,0.0,-0.02488,,,3.025,0.001885164506284509,0.34503427043339263,-0.16078203512886102,0.12021964842426636,,0.006478374366408746,-0.025095438259673752,0.18665729775038864,,,,,0.075,,-0.9044692893360534,0.7700955346871552,-0.12377062843807307,False,2014-10-01,sec,14,False
CHTR,"Charter Communications, Inc.",724,CHTR,BZ6VT82,0.026742,[],United States,Communication Services,Telecom Services,NasdaqGS,USD,109.67,14252449792.0,14252449792.0,114457596.0,2.855246,2.33142,0.771661,0.25747356,5.226,0.0,0.09052,0.27201998,4.41578,0.693,-0.5296005562323054,-0.35104245330477857,-0.30424908132694894,-0.07874212263435587,,-0.06852824154993165,-0.041699278420998076,-0.21300513083833372,,-0.004752705729266671,0.09420785233231488,,-0.017,0.161,-0.8652376706043136,0.4432783031119664,-0.5933328389202017,False,2010-01-01,sec,16,False
8795.T,"T&D Holdings, Inc.",725,8795,6744294,0.068408,[],Japan,Financial Services,Insurance - Life,Tokyo,JPY,4735.0,2243506470912.0,14171513489.314453,473813421.0,16.086292,19.142141,1.3574547,0.7975756,3.902,0.0346,0.051069997,0.09340999,0.13856,0.001,0.5137733851104505,0.2584041300333757,0.31394626606610077,0.18111653556784924,0.0331494412245561,0.08619954609475156,,,,,,,-0.12,0.202,-0.8317712636376571,0.2842613165768162,-0.08520092735703244,False,2004-04-01,yahoo,4,False
URW.PA,Unibail-Rodamco-Westfield SE,726,URW,BF2PQ09,0.017538,[],France,Real Estate,REIT - Retail,Paris,EUR,87.24,12608090112.0,14121965792.441895,144521900.0,8.077778,9.266645,0.76770765,3.6970434,16.374,0.052300000000000006,0.44619998,0.086260006,1.08102,1.367,0.04455517998175673,0.29481837741160977,,,,0.006022646850089464,,,,0.9235051335709759,,,-0.004,0.432,-0.1538461928597854,0.2643684822644545,-0.1819971870604783,False,2023-04-01,yahoo,4,False
IREN,IREN Limited,727,IREN,BMQ80V2,0.010167,[],Australia,Financial Services,Capital Markets,NasdaqGS,USD,35.71,14071834624.0,14071834624.0,394058648.0,,-8.9664135,3.2437096,22.213654,474.789,0.0,-0.9938,-0.23409,1.87297,4.271,-0.3445516545179935,1.3467600309327614,0.1734247091966128,,,1.1076977487713697,,,,,,,-0.267,,-0.9311294751365278,1.1298359432459952,-0.535449460127488,False,2021-11-01,sec,4,False
UU.L,United Utilities Group PLC,728,UU.,B39J2M4,0.051433,[],United Kingdom,Utilities,Utilities - Regulated Water,LSE,GBp,1429.0,10615526400.0,14030381548.745728,742864028.0,16.61628,13.090995,4.3474293,4.0177064,12.659,0.0379,0.22429001,0.27671,5.12653,0.563,0.162622382573254,0.0952991772507854,0.061276051657972896,0.040742541352849715,0.034609679483404765,0.1318814806488091,,,,0.42009058761666784,,,0.229,1.149,-0.5333405583704227,0.18838453807155747,-0.045424181696726795,False,1989-12-01,yahoo,4,False
SUN.AX,Suncorp Group Limited,729,SUN,6585084,0.034292,[],Australia,Financial Services,Insurance - Property & Casualty,ASX,AUD,18.94,20077373440.0,14004865311.461182,1060051406.0,19.936842,15.109572,1.9375961,1.2795061,12.969,0.0364,0.0683,0.10145,0.25545,0.182,-0.0018301143462068348,0.11322319160382555,0.11282002005407588,0.08078241549521548,0.04867581302097057,0.014332837451322966,,,,-0.03644571923857498,,,-0.005,0.022,-0.6768557478762287,0.20234047241450476,-0.09160671462829739,False,1988-07-01,yahoo,4,False
1812.T,Kajima Corporation,730,1812,6481320,0.068782,[],Japan,Industrials,Engineering & Construction,Tokyo,JPY,4735.0,2186984554496.0,13814482604.261719,461876336.0,12.46676,17.766022,1.595523,0.73811585,9.498,0.030699999999999998,0.059439998,,0.58946,0.364,-0.0014720880050277385,0.2884872082133858,0.32670119313234625,0.1692634215965434,0.10477315967142165,0.08648246548624439,,,,0.1662660844977204,,,-0.015,0.179,-0.7676786110704544,0.2549960092239893,-0.4110696517412935,False,2000-01-01,yahoo,4,False
CEMEXCPO.MX,"CEMEX, S.A.B. de C.V.",731,CEMEX CPO,2406457,0.022755,[],Mexico,Basic Materials,Building Materials,Mexico,MXN,17.44,251650916352.0,13789091204.222168,14429524537.0,27.68254,17.44,1.1570294,14.702438,80.014,0.0123,0.02831,0.040149998,0.5359,0.812,-0.03765460025824707,0.19266677150461664,0.06697070589482434,0.017887531379016774,-0.008192749057843174,0.031330553133585015,,,,0.038152884694935496,,,0.122,0.0,-0.8775483574104533,0.32902099685193875,-0.25881852953676154,False,2000-01-01,yahoo,4,False
033780.KS,KT&G Corporation,732,A033780,6175076,0.014671,[],South Korea,Consumer Defensive,Tobacco,KSE,KRW,177400.0,18415974612992.0,13733426380.861816,103810456.0,16.894273601185976,,,2.6842442,10.398,0.037200000000000004,0.20673001,0.15175,0.20337,0.199,0.38960443198335604,0.34635851921746186,0.23871251623842715,0.09940816322958779,0.10524518131300287,0.0398773225141984,,,,0.02380629686431357,,,0.099,1.642,-0.4290489260579392,0.17764835950492167,-0.077962577962578,True,2000-01-01,yahoo,4,False
ORG.AX,Origin Energy Limited,733,ORG,6214861,0.0254,[],Australia,Utilities,Utilities - Diversified,ASX,AUD,11.37,19587641344.0,13663255286.440918,1722747671.0,12.225806,18.757114,1.9271185,1.2149277,13.311,0.0536,0.10082,0.15698,0.49398000000000003,0.5,-0.05425599353983601,0.1235208606430378,0.23002231058619094,0.115991790557465,0.06709521954938902,-0.019661390461404915,,,,0.14266104737525187,,,-0.102,1.19,-0.6819916712443098,0.25426317205275767,-0.11448598130841126,False,1999-03-01,yahoo,4,False
TIT.MI,Telecom Italia S.p.A.,734,TIT,BXNT952,0.028121,[],Italy,Communication Services,Telecom Services,Milan,EUR,5.611,11969721344.0,13406946957.346558,2133259941.0,26.71905,19.74453,1.0354309,0.91040105,6.902,0.0,0.01598,0.03897,1.04611,0.767,0.1613082003633337,0.3446606373471903,0.1401663853647681,-0.02338647152305129,-0.047146429249718125,-0.04539587114595289,,,,,,,0.064,,-0.9399825357623686,0.38000906281704494,-0.3148962148962149,False,1987-02-01,yahoo,4,False
3407.T,Asahi Kasei Corporation,735,3407,6054603,0.064602,[],Japan,Industrials,Conglomerates,Tokyo,JPY,1585.5,2114388099072.0,13355913992.734863,1333578111.0,11.156066,15.813884,1.008301,0.68738073,6.867,0.026699999999999998,0.06098,0.09751,0.5685600000000001,0.645,0.44694709696992563,0.2558404327952706,0.10444248222411989,0.0911517014139478,0.06936355153340767,0.04085611250883514,,,,,,,0.119,1.736,-0.6509587031642389,0.21767715062595466,-0.16815320041972714,False,2000-01-01,yahoo,4,False
MONC.MI,Moncler S.p.A.,736,MONC,BGLP232,0.018726,[],Italy,Consumer Cyclical,Apparel Manufacturing,Milan,EUR,43.77,11904990208.0,13334443439.35315,271989727.0,18.625532,17.200254,3.2627656,3.7083611,13.188,0.0326,0.19958,0.18122,0.33880000000000005,1.077,-0.13970340522285474,-0.01626470957575976,-0.04988469913856419,0.12628237513182894,,0.06363975754395934,,,,0.010855361866989321,,,0.052,0.071,-0.3520679719982046,0.29849309849867894,-0.2631313131313131,False,2013-12-01,yahoo,4,False
IAG.AX,Insurance Australia Group Limited,737,IAG,6271026,0.0511,[],Australia,Financial Services,Insurance - Property & Casualty,ASX,AUD,8.13,19017771008.0,13265745257.326416,2339209162.0,18.60838650489237,16.31089,2.6183574,0.9403733,9.951,0.0398,0.05336,0.15573,0.41344000000000003,-0.046,0.04551655011984734,0.16077291072736966,0.1424443613302655,0.07586294185761955,0.06416520697144823,0.1642328108477107,,,,0.07096642665601527,,,0.103,-0.114,-0.47138524376602087,0.18674611267575456,-0.06766055045871555,True,2000-08-01,yahoo,4,False
9532.T,"Osaka Gas Co., Ltd.",738,9532,6661768,0.059953,[],Japan,Utilities,Utilities - Regulated Gas,Tokyo,JPY,5554.0,2096507781120.0,13242969737.687988,377477090.0,14.3912115,18.988033,1.1554568,1.0677776,9.581,0.0235,0.068670005,0.07901,0.42406,-0.201,0.19247087498214488,0.29107471154491993,0.28608644225225954,0.12772088498660183,0.07525889791371143,-0.03723737254467974,,,,0.38811026975775564,,,0.015,-0.238,-0.32875245971628597,0.2027680272320959,-0.1865846514352666,False,2000-01-01,yahoo,4,False
DOC,"Healthpeak Properties, Inc.",739,DOC,BJBLRK3,0.034576,[],United States,Real Estate,REIT - Healthcare Facilities,NYSE,USD,18.52,13129703424.0,13129703424.0,689527260.0,52.914288,132.28572,1.6277026,4.684166,15.134,0.0659,0.08248,0.03039,1.08653,0.988,0.12311818538268349,0.13994491868011805,-0.06617473758951709,0.0033772455254290623,0.03452138978795305,0.06862899628760899,0.06711235989942899,-0.11016028646781029,,-0.47871676256410056,-0.29716332854940075,,0.111,0.682,-0.5386940133093263,0.27954774069989397,-0.19302832244008716,False,1985-05-01,sec,19,False
IGM.TO,IGM Financial Inc.,740,IGM,2469375,0.021421,[],Canada,Financial Services,Asset Management,Toronto,CAD,80.08,18489567232.0,12948147650.96106,230888705.0,16.210527,13.17877,1.9947193,4.2043953,11.14,0.031,0.25241,0.13345,0.31654,1.114,0.5925308147922903,0.45349129873884086,0.1700059913907337,0.15099967927211067,0.08286255234403717,0.0665482253101255,,,,0.0827908960092727,,,0.184,0.077,-0.4598795557218748,0.18195236027042233,-0.12965981958482775,False,1995-01-01,yahoo,4,False
EMBJ3.SA,Embraer S.A.,741,EMBJ3,BTRD974,0.016052,[],Brazil,Industrials,Aerospace & Defense,São Paulo,BRL,90.71,64570384384.0,12940735053.934692,711833141.0,27.74006,15.845559,3.6060424,1.5316508,15.144,0.0124,0.05278,0.12189999,0.6890999999999999,0.683,0.09053051012267077,0.7540084571443328,0.34064964597486624,0.1895078667464567,0.08428331774851894,0.18616182663556513,,,,,,,0.104,1.139,-0.7955075739844856,0.3842122500791626,-0.14018957345971572,False,2000-01-01,yahoo,4,False
EQX.TO,Equinox Gold Corp.,742,EQX,BKLNP13,0.02115,[],Canada,Basic Materials,Gold,Toronto,CAD,15.78,18422515712.0,12901191820.66565,1167459822.0,23.90909,7.503693,1.3715048,6.439628,11.255,0.0046,0.28092,0.0847,0.13175,2.507,0.0041106460619162455,0.3659470207973281,0.11007997396062152,0.04835501304461398,,0.24039039177880306,0.16538410642832324,,,,0.5828842343377092,,1.693,4.517,-0.774193539668128,0.5657922557843388,-0.39002705836876694,False,2014-07-01,sec,8,False
9926.HK,"Akeso, Inc.",743,9926,BLFJ7Y1,0.010208,[],China,Healthcare,Biotechnology,HKSE,HKD,109.1,100496719872.0,12805719660.986572,921143176.0,,71.364685,10.11693,29.125965,-122.52,0.0,-0.28030002,-0.13585,0.5961500000000001,-0.028,-0.03794437040732779,0.35443034592270495,0.2013749204158617,,,0.5394854020126763,,,,,,,0.279,,-0.7686001595505207,0.6248177317971858,-0.3006410256410257,False,2020-04-01,yahoo,4,False
TLKM.JK,Perusahaan Perseroan (Persero) PT Telekomunikasi Indonesia Tbk,744,TLKM,BD4T6W7,0.016946,[],Indonesia,Communication Services,Telecom Services,Jakarta,IDR,2320.0,228707780263936.0,12791978653.556519,98580940799.0,13.40498,8.885144,1.932747,1.5022761,4.162,0.0987,0.12007,0.17683001,0.59982,0.148,-0.22182799905432615,-0.06421224008980109,-0.04057888057567338,-0.009398490537955828,0.06289302592858137,-0.0012778871708397643,,,,-0.05523927676008267,,,0.064,0.28,-0.4875452745817318,0.23049067157801056,-0.418546365914787,False,2004-09-01,yahoo,4,False
SJM,The J. M. Smucker Company,745,SJM,2951452,0.062153,[],United States,Consumer Defensive,Packaged Foods,NYSE,USD,119.41,12755757056.0,12755757056.0,106823183.0,55.799065,10.9332,2.218115,1.3526574,8.518,0.0375,0.02506,0.03931,1.20682,0.263,0.18172314302596715,0.05063203524454907,0.026150179983822408,0.020836045340689058,0.07954011494077906,0.0199866543809879,0.024922544207570674,0.014839589300893463,,,,,0.05,,-0.4234232782050157,0.2322316137590267,-0.12127456030612993,False,1994-10-01,sec,18,False
ALLE,Allegion plc,746,ALLE,BFRT3W7,0.031856,[],Ireland,Industrials,Security & Protection Services,NYSE,USD,149.99,12754667520.0,12754667520.0,85036786.0,19.65793,15.332936,6.022002,3.053472,14.31,0.0147,0.15357,0.3373,1.04895,0.823,-0.0751922709030467,0.16953510232980218,0.048137032564329996,0.103380561359534,,0.07523170466176188,0.08380376143729995,0.06997459770283654,,0.11995448092503702,0.15405382434479686,0.15355552773265102,0.127,0.162,-0.36626862676461314,0.24829352470563892,-0.18087488394953855,False,2013-11-01,sec,14,False
ANA.MC,"Acciona, S.A.",747,ANA,5579107,0.102503,[],Spain,Industrials,Engineering & Construction,MCE,EUR,213.8,11375117312.0,12740947767.512085,53204475.0,32.296074,20.185122,2.4069257,0.5180487,15.249,0.0275,0.01644,0.10446,2.26024,0.808,0.12008888484679026,0.2500404923229653,0.08138683037668093,0.15360133137473242,0.056355379439376074,0.21814837707437018,,,,0.22112180209232624,,,0.04,-0.841,-0.8110828385170703,0.3030386064747301,-0.24982456140350873,False,2000-01-01,yahoo,4,False
BBIO,"BridgeBio Pharma, Inc.",748,BBIO,BK1KWG8,0.028052,[],United States,Healthcare,Biotechnology,NasdaqGS,USD,65.04,12714864640.0,12714864640.0,195492997.0,,2367.6738,-5.0496893,18.132757,-32.981,0.0,-0.97026,,,0.972,0.07005281659060936,0.3703580642224338,0.06301839722456504,,,0.8630008912183318,1.2744355332302235,,,,,,1.204,,-0.9039516261414319,0.7639998148127444,-0.30375207407803884,False,2019-06-01,sec,7,False
CA.PA,Carrefour SA,749,CA,5641567,0.023039,[],France,Consumer Defensive,Grocery Stores,Paris,EUR,16.015,11332425728.0,12693130129.51001,707613254.0,7.448837,8.551504,1.0239769,0.13147625,7.896,0.0601,0.0088599995,0.08428001,1.85209,0.577,0.30726622960320804,0.05736530097679071,0.05855089518842305,-0.0005079389141492419,-0.020440804262110812,0.0037410420336196903,,,,-0.38146122445027164,,,0.02,,-0.7859854569835236,0.20897512764540432,-0.08668377530652982,False,2000-01-01,yahoo,4,False
SGE.L,The Sage Group plc,750,SGE,B8C3BL0,0.012805,[],United Kingdom,Technology,Software - Application,LSE,GBp,1065.0,9590838272.0,12676066664.812134,900548227.0,26.624998,18.50404,44.747902,3.4753504,17.27,0.0218,0.14616999,0.75564003,9.19091,0.349,-0.1164463937160759,0.015376549117328775,0.07418853846117601,0.03500865911832851,0.07237223531425974,0.08878512531742344,,,,0.12378786824632759,,,0.097,0.143,-0.8589294236877222,0.28360212699479903,-0.09822184589331073,False,1989-12-01,yahoo,4,False
T.TO,TELUS Corporation,751,T,2381093,0.048839,[],Canada,Communication Services,Telecom Services,Toronto,CAD,11.43,18002251776.0,12606883174.745361,1575000000.0,,15.056313,1.3555503,0.88547957,9.905,0.12619999999999998,-0.045479998,-0.063930005,2.23806,0.765,-0.4019359556437967,-0.14277213331174787,-0.11348273214036819,-0.010680993741690181,0.030411992523828646,-0.0002854696129992451,0.024892303433329932,,,-0.23240414698125922,-0.09215836820508849,,-0.022,,-0.8278370841834534,0.19206555521158586,-0.47156726768377255,False,1995-01-01,sec,10,False
SCG.AX,Scentre Group,752,SCG,BLZH0Z7,0.010876,[],Australia,Real Estate,REIT - Retail,ASX,AUD,3.45,18041511936.0,12584760921.735352,5229423858.0,9.078948,13.7559805,0.9301698,6.9649835,,0.0536,0.76527,0.104320005,0.71721,0.9,-0.1168589850881614,0.17775105214739173,0.07960936090428072,0.02975161872469445,,0.029895973331707903,,,,0.8086517978984149,,,-0.083,0.241,-0.6353928200411321,0.22223776711204438,-0.1920374707259952,False,2011-01-01,yahoo,4,False
SVT.L,Severn Trent PLC,753,SVT,B1FH8J7,0.062945,[],United Kingdom,Utilities,Utilities - Regulated Water,LSE,GBp,3110.0,9394497536.0,12416566067.682861,302073901.0,25.284554,12.324494,5.0866866,3.2970977,14.865,0.0407,0.13104999,0.20542999,5.96632,0.553,0.08645776154439933,0.04419440990583978,0.020224873492741935,0.026794192990426735,0.03980818155658272,0.0768587629728712,,,,,,,0.153,0.629,-0.5344961425414192,0.1871308845752747,-0.06746626686656676,False,1989-12-01,yahoo,4,False
1802.T,Obayashi Corporation,754,1802,6656407,0.08245,[],Japan,Industrials,Engineering & Construction,Tokyo,JPY,2850.5,1959494942720.0,12377503418.4375,687421514.0,11.584102,20.661785,1.5746062,0.75884676,8.1,0.033,0.072519995,0.16165,0.27364,0.45,0.1528831408770217,0.3661809306382453,0.29912635587955316,0.15035776923204147,0.0972010584098777,0.0924080677118646,,,,0.307864657441578,,,0.19,1.223,-0.6830181930364198,0.25861288141928074,-0.35785086731245774,False,2000-01-01,yahoo,4,False
MKC,"McCormick & Company, Incorporated",755,MKC,2550161,0.056737,[],United States,Consumer Defensive,Packaged Foods,NYSE,USD,45.94,12360821760.0,12360821760.0,254541615.0,8.307413,14.260924,1.7650223,1.5440502,11.2,0.0418,0.19393,0.22623,0.66141,0.634,-0.2692899067664587,-0.08358959442359637,-0.08655657795007154,0.014599248061335945,0.06787198768376768,0.02507523864563521,0.040775986020144206,0.047606187839161374,,0.04995555544760033,0.010994529693106214,0.06991762495312592,0.174,-0.571,-0.496433637494049,0.284525372055704,-0.36555724347465823,False,1985-01-01,sec,18,False
BAX,Baxter International Inc.,756,BAX,2085102,0.02999,[],United States,Healthcare,Medical Instruments & Supplies,NYSE,USD,23.9,12356204544.0,12356204544.0,516995999.0,,11.718098,1.991003,1.0705017,10.422,0.0017000000000000001,-0.09268,-0.14371,1.5644900000000002,0.651,0.331462933060213,-0.07162054118873096,-0.1927661726743154,-0.049590482255511104,0.01816509269007427,0.0378887286798415,-0.007460794983869423,0.012118307928320027,,,,,0.053,0.368,-0.790373231859516,0.35299114606069587,-0.20333333333333337,False,1985-01-01,sec,19,False
SKF-B.ST,AB SKF (publ),757,SKF B,B1Q3J35,0.036038,[],Sweden,Industrials,Tools & Accessories,Stockholm,SEK,270.9,123354603520.0,12342768009.029541,426433000.0,27.391302,15.100333,2.1434336,1.4034045,13.07,0.0152,0.05032,0.083050005,0.34360999999999997,0.849,0.12663842042692286,0.18096802035264137,0.10052047597329983,0.09320145145882308,0.07754650044424771,-0.01874683500660279,,,,-0.04218085055613341,,,0.001,1.451,-0.5491610791685936,0.24780031266785452,-0.03936170212765966,False,2000-01-01,yahoo,4,False
0823.HK,Link Real Estate Investment Trust,758,823,B0PB4M7,0.030152,[],Hong Kong,Real Estate,REIT - Retail,HKSE,HKD,37.32,96621412352.0,12311911487.30249,2588998106.0,,14.891189,0.64620024,6.671826,15.442,0.0689,-0.52368,-0.04977,0.39253,0.865,-0.022651208833777914,0.08506835652648204,-0.05468695627794384,0.01275329529326652,,0.04442516639796579,,,,,,,-0.003,,-0.5811198469587207,0.26037037542373537,-0.12146892655367225,False,2007-10-01,yahoo,4,False
VICR,Vicor Corporation,759,VICR,2930774,0.014999,[],United States,Technology,Electronic Components,NasdaqGS,USD,262.32,12094717952.0,12094717952.0,34389014.0,83.808304,42.862747,14.49442,28.341543,116.324,0.0,0.30645,0.20131999,0.00912,2.384,2.2059059994786705,0.9573359787610063,0.13905504886827913,0.36710890636952676,0.17837906317223595,0.007150332527517289,0.0657151867621284,0.06353951295627369,,0.670823851247619,0.4592735598430764,0.36820272593214476,0.493,0.143,-0.9076339556449279,0.8116148535799547,-0.3144649157193258,False,1990-04-01,sec,17,False
MOL.BD,MOL Magyar Olaj- és Gázipari Nyilvánosan Muködo Részvénytársaság,760,MOL,BD5ZXH8,0.015304,[],Hungary,Energy,Oil & Gas Refining & Marketing,Budapest,HUF,4984.0,3940538908672.0,12083835771.232788,790637217.0,9.555581,8.756303,0.7797548,0.4263791,3.517,0.0381,0.04227,0.09904,0.23971,0.114,0.8105710532467814,0.30568504755828996,0.24634907719827615,0.15251584203676338,0.08002318686278143,-0.04126382017910413,,,,-0.29527288529087736,,,0.323,4.432,-0.6775618039139684,0.25952427717302684,-0.0871794871794872,False,2003-11-01,yahoo,4,False
CSGP,"CoStar Group, Inc.",761,CSGP,2262864,0.011083,[],United States,Real Estate,Real Estate Services,NasdaqGS,USD,29.81,12078940160.0,12078940160.0,405197588.0,165.6111,16.825363,1.5213065,3.1255822,28.177,0.0,0.02081,0.00894,0.14537,0.796,-0.5998730829247787,-0.27863597850816124,-0.2037295554713976,0.03944721174544963,0.09204385596188303,0.14160530575519847,0.14373703938612636,0.16389720974540833,,-0.7334198145414867,-0.5013848469862685,,0.184,12.61,-0.7163561071290216,0.3328046532440344,-0.6230399595346485,False,1998-07-01,sec,17,False
PME.AX,Pro Medicus Limited,762,PME,6292782,0.032306,[],Australia,Healthcare,Health Information Services,ASX,AUD,165.73,17313806336.0,12077153741.699951,104469963.0,62.53962,72.60962,38.39898,63.575104,81.873,0.0044,1.01397,0.74969,0.0049499999999999995,0.565,-0.3906194412245041,0.29396475424335455,0.25058662056355785,0.42172138865952613,0.30161343575962407,0.27986742538545584,,,,0.6355516469781024,,,0.182,0.484,-0.8614633932978871,0.47956168916962116,-0.457601047291769,False,2000-11-01,yahoo,4,False
ALB,Albemarle Corporation,763,ALB,2046853,0.009318,[],United States,Basic Materials,Specialty Chemicals,NYSE,USD,102.1,12048316416.0,12048316416.0,118005057.0,378.14813,9.039823,1.4983857,2.0465462,10.395,0.0161,0.03795,0.02648,0.18975999999999998,1.359,0.07834849651373044,-0.04684813056937809,-0.14973477306441985,0.03654291509867158,0.07550608680455584,-0.11101948515436078,0.10448598383827279,0.06168477558963592,,,,,0.311,,-0.7959159946991847,0.5145714743824438,-0.5380090497737557,False,1994-02-01,sec,18,False
6963.T,"ROHM Co., Ltd.",764,6963,6747204,0.011644,[],Japan,Technology,Semiconductors,Tokyo,JPY,4934.0,1904697016320.0,12031362427.434082,386035069.0,,56.78444,2.4604774,4.1442246,25.442,0.0098,-0.30435,,0.51627,0.749,1.1880254973350688,0.3377324562058799,0.18031420366796835,0.16852339104470748,0.05578061950986157,-0.017863266674901235,,,,,,,0.168,2.038,-0.882284998024273,0.40372217891350737,-0.191014920478767,False,2001-01-01,yahoo,4,False
600988.SS,Chifeng Jilong Gold Mining Group Limited,765,600988,BZ0D1S8,0.010134,[],China,Basic Materials,Gold,Shanghai,CNY,41.38,78639013888.0,11768783680.355225,1663911378.0,20.89899,11.994203,5.4454536,5.226572,9.691,0.008199999999999999,0.25777,0.26424998,0.044669999999999994,0.107,0.3394575118631904,0.39620159845760683,0.19783181323581878,0.165999588748178,0.19202818679892286,0.2634273238855258,,,,0.8975749354926397,,,0.209,0.179,-0.7731811757078948,0.43330060444833984,-0.2040777072513945,False,2004-04-01,yahoo,4,False
3661.TW,"Alchip Technologies, Limited",766,3661,B4TPSL0,0.0207,[],Taiwan,Technology,Semiconductors,Taiwan,TWD,4345.0,374995714048.0,11746513512.873291,86305114.0,63.089878,23.067326,6.208997,15.601,34.877,0.0075,0.25419,0.12312,0.0048,1.364,0.2083823615846634,0.17922659129292784,0.3359598974651281,0.6651607515853863,,0.3109981488143263,,,,0.4505097024426139,,,-0.165,0.169,-0.803887752253134,0.6307022037839205,-0.22960992907801414,False,2012-10-01,yahoo,4,False
AC.PA,Accor SA,767,AC,5852842,0.051929,[],France,Consumer Cyclical,Lodging,Paris,EUR,45.15,10355167232.0,11598530477.358887,229350316.0,39.605267,17.102985,3.4510434,1.7657621,13.81,0.0301,0.058369998,0.07958,1.06677,0.884,0.02724033218781763,0.1688786355877241,0.09928953460758416,0.04481298412336887,0.052534489069268275,0.10109822282928582,,,,0.03754457187269522,,,0.005,-0.588,-0.5343720237172908,0.2843603321043292,-0.1317307692307692,False,2000-01-01,yahoo,4,False
ALLY,Ally Financial Inc.,768,ALLY,B72XK05,0.012798,[],United States,Financial Services,Credit Services,NYSE,USD,37.83,11507874816.0,11507874816.0,304199693.0,8.901176,6.1025777,0.8524495,1.4250935,,0.0317,0.1841,0.09681,,1.098,-0.027970334211409376,0.18601712799524361,-0.017934704529724232,0.10445185122991019,,0.11065244570336041,0.10561794963752602,-0.12741151831553632,,-0.22660769421728277,-0.07318120257923078,,0.11,0.135,-0.5598607695342803,0.3465834352225333,-0.2000422922393741,False,2014-01-01,sec,17,False
LAURUSLABS.NS,Laurus Labs Limited,769,LAURUS,BMZ1CH2,0.032387,[],India,Healthcare,Drug Manufacturers - Specialty & Generic,NSE,INR,2036.6,1100399771648.0,11377168804.90918,540312218.0,100.67227,69.04894,20.744587,14.6523285,53.72,0.0012,0.1504,,0.46369,0.335,1.155848112855892,0.7870261419867044,0.3222301385455406,,,0.0377430071243563,,,,0.04000924612741641,,,0.291,1.252,-0.5722477723626018,0.33069601319563496,-0.013848537671896088,False,2016-12-01,yahoo,4,False
SN.L,Smith & Nephew plc,770,SN.,0922320,0.039614,[],United Kingdom,Healthcare,Medical Devices,LSE,GBp,1022.2388,8556470784.0,11308958716.377502,837032536.0,18.586159,11.274244,2.2188258,1.3392519,8.284,0.029500000000000002,0.10079,0.11851,0.7306900000000001,0.671,-0.27324955763016967,0.035305176840787045,-0.04017139732567121,-0.014390191574695566,0.03529566386512273,0.05731105333140407,0.062134602125780036,0.02894144363551887,,0.40991106240489006,0.06885895627491423,0.04306078049444495,0.046,0.057,-0.5309165078840509,0.2529999849538699,-0.28343896985118355,False,1988-07-01,sec,11,False
AA,Alcoa Corporation,771,AA,BYNF418,0.031517,[],United States,Basic Materials,Aluminum,NYSE,USD,42.83,11303241728.0,11303241728.0,263909445.0,8.9043665,7.292919,1.5336962,0.83618724,5.197,0.009300000000000001,0.09388,0.18226999,0.29918,1.739,0.14786139174020652,0.189469360893465,-0.008670741778332935,0.06764036248064476,-0.014374167956763384,0.010071437935283534,0.06680824888933179,0.02400884519997648,,2.088034639420438,,,0.314,1.468,-0.9283766439415014,0.5597889642251748,-0.4924152642806352,False,1985-01-01,sec,12,False
AKZA.AS,Akzo Nobel N.V.,772,AKZA,BJ2KSG2,0.027357,[],Netherlands,Basic Materials,Specialty Chemicals,Amsterdam,EUR,58.2,9975480320.0,11173253886.259766,171400000.0,15.687331,13.650148,2.0555203,1.0085819,12.36,0.0346,0.06428,0.14142999,1.30976,1.172,0.049028449771727045,0.006265933086113229,-0.07316082200807883,0.03954646170458709,0.051242676644577934,-0.021608052920361498,,,,0.21733568729338337,,,-0.014,0.125,-0.6618417058242584,0.2825301953327125,-0.13956238911886454,False,1995-03-01,yahoo,4,False
2015.HK,Li Auto Inc.,773,2015,BMW5M00,0.010157,[],China,Consumer Cyclical,Auto Manufacturers,HKSE,HKD,44.66,87290159104.0,11122883493.834106,1609349787.0,,25.736477,1.151099,0.81136537,-12.255,0.0,-0.04401,-0.0657,0.22272999999999998,0.486,-0.45477185927728014,-0.31215640551933543,-0.1981410921762471,,,0.3535847406254444,,,,,,,-0.151,,-0.7546531345106555,0.6553580427805643,-0.5248936170212766,False,2021-08-01,yahoo,4,False
MDGL,"Madrigal Pharmaceuticals, Inc.",774,MDGL,BD59BS7,0.012776,[],United States,Healthcare,Biotechnology,NasdaqGS,USD,476.91,11018589184.0,11018589184.0,23104126.0,,49.54909,21.029633,8.859335,-34.192,0.0,-0.2532,-0.53306997,0.664,-1.052,0.17542244515559968,0.5530974814299423,0.4465489238444047,0.40442135881918295,,,,0.9651801625725585,,,,,0.712,,-0.9808673469387755,0.8676430174511023,-0.22453658536585364,False,2007-02-01,sec,10,False
SKA-B.ST,Skanska AB (publ),775,SKA B,7142091,0.050367,[],Sweden,Industrials,Engineering & Construction,Stockholm,SEK,263.9,109275815936.0,10934055208.379639,394567119.0,16.514393,15.652431,1.7774994,0.628234,13.216,0.0329,0.03807,0.11123,0.2514,0.812,0.08320350064843751,0.21665595342145938,0.08701519062903595,0.0733771419084861,0.0881747268380535,0.026819520993084156,,,,-0.11606734916306893,,,0.041,0.524,-0.6075727692333479,0.249751826960964,-0.07984658298465841,False,2000-01-01,yahoo,4,False
YAR.OL,Yara International ASA,776,YAR,7751259,0.016102,[],Norway,Basic Materials,Agricultural Inputs,Oslo,NOK,408.9,104133509120.0,10867140958.095093,254667427.0,6.914102,8.732754,1.2001781,6.3247313,36.338,0.0528,0.09255999,0.17942,0.41749,0.259,0.16498305301798033,0.0663211522087781,0.052110051710645644,0.09670616488443606,0.11290860731667363,-0.1321525396346812,,,,-0.21022495695279309,,,0.081,0.318,-0.7444566808367592,0.24141281279197777,-0.3178178178178178,False,2004-03-01,yahoo,4,False
GSAT,"Globalstar, Inc.",777,GSAT,BRJMM32,0.025894,[],United States,Communication Services,Telecom Services,NasdaqGS,USD,83.22,10782265344.0,10782265344.0,129563390.0,,337.88065,36.855625,38.567738,119.377,0.0,-0.18488,-0.15878999,1.4324299999999999,1.449,0.5314153005652242,0.5790635865925009,0.27475990502996184,0.1956875490025689,-0.045093860487330106,0.22499431843120932,0.16266938568751899,0.13924767977145258,,,,,-0.035,,-0.9860821157154906,0.6271981654464912,-0.01921037124337055,False,2006-11-01,sec,17,False
272210.KS,"Hanwha Systems Co., Ltd.",778,A272210,BJN3H96,0.010396,[],South Korea,Industrials,Aerospace & Defense,KSE,KRW,76600.0,14323684474880.0,10681664716.223145,186993261.0,59.13214618656397,,,3.5130472,44.165,0.006500000000000001,0.04502,0.023810001,0.74177,1.45,0.30048569213409904,0.8499430721265655,0.3835262872891927,,,0.1875264950829314,,,,,,,0.455,0.649,-0.4671781756180733,0.5125968186697578,-0.5836956521739131,True,2019-11-01,yahoo,4,False
PBF,PBF Energy Inc.,779,PBF,B7F4TJ7,0.01571,[],United States,Energy,Oil & Gas Refining & Marketing,NYSE,USD,89.34,10590082048.0,10590082048.0,118536838.0,7.8644366,5.0019007,1.6526082,0.29022786,12.112,0.0123,0.03937,0.23228,0.38423999999999997,0.175,1.5441642613116167,0.2509979284113313,0.4537066151193929,0.17559457032068182,,-0.14439550126798595,0.14177997419523392,0.08374778933026095,,,,,0.562,,-0.9043976659774715,0.5114981179368995,-0.0015645954403218365,False,2012-12-01,sec,14,False
DSY.JO,Discovery Limited,780,DSY,6177878,0.102139,[],South Africa,Financial Services,Insurance - Life,Johannesburg,ZAc,26144.0,174973566976.0,10580668526.6969,669268539.0,13.574247,11.462861,2.1474216,2.1214664,-2.478,0.0121,0.15849,0.17819001,0.22741,0.568,0.19501978094557892,0.26496869840755943,0.13221450902877474,0.08498513181630818,0.1287012048487528,0.10654052630059674,,,,0.26183321104699164,,,0.099,0.469,-0.5794667276714602,0.2737073157968886,-0.1021052993096816,False,2000-01-01,yahoo,4,False
HAR.JO,Harmony Gold Mining Company Limited,781,HAR,6410562,0.018821,[],South Africa,Basic Materials,Gold,Johannesburg,ZAc,27414.0,171642404864.0,10379232831.437866,626112257.0,5.918394,3.9345293,2.281553,1.7850617,3.98,0.056299999999999996,0.29574,0.48049,0.12572,0.787,-0.10192908553412539,0.4467523646013929,0.36371365704412595,0.20340769011695392,0.04353688414549928,0.23447014157809276,0.2067136415991484,,,,,,0.492,1.988,-0.9482891744951953,0.5260104989015029,-0.6972087404108922,False,2000-01-01,sec,10,False
RDY,Dr. Reddy's Laboratories Limited,782,RDY,2748881,0.073238,[],India,Healthcare,Drug Manufacturers - Specialty & Generic,NYSE,USD,12.2,10162460672.0,10162460672.0,832988625.0,27.727272,19.015057,15.288241,0.030810814,1.005,0.0068000000000000005,0.09996,0.088369995,0.18605,0.242,-0.06684363890187417,-0.012257439012893556,0.010187468182282888,0.03159202883105383,0.07646558562303563,0.07399409358487619,0.17632844226216826,,,0.2921731433522279,0.20971913769098172,,-0.056,-0.687,-0.5564369371302194,0.22153795295675507,-0.22144224633056797,False,2001-04-01,sec,10,False
SMIN.L,Smiths Group plc,783,SMIN,B1WY233,0.074455,[],United Kingdom,Industrials,Specialty Industrial Machinery,LSE,GBp,2750.0,7666424320.0,10132597694.277649,278779065.0,56.122448,19.388863,3.1346176,4.0456157,17.516,0.0173,1.01704,0.06731,0.47063000000000005,0.738,0.11174706421763436,0.20172223474373197,0.15632960603849888,0.07064024768003319,0.03487550247481064,,,,,,,,,,-0.6074977340339035,0.2203555523032879,-0.04679376083188913,False,1988-07-01,yahoo,3,False
PSON.L,Pearson plc,784,PSON,0677608,0.010183,[],United Kingdom,Communication Services,Publishing,LSE,GBp,1274.5,7660624896.0,10124932682.82019,601069035.0,25.49,16.136997,2.349742,2.0633838,14.962,0.0202,0.08778,0.09161,0.5242600000000001,-0.051,0.17730503574028145,0.0946719451075777,0.15702690126904595,0.05145803203860999,0.024549238023334752,-0.023456610892083396,0.010379855012888406,-0.021996120408787623,,0.11254217548724132,0.003610202238386817,-0.08568900114222344,0.033,-0.029,-0.7671742986977965,0.19493044187754627,-0.04674644727000743,False,1988-07-01,sec,11,False
PRIO3.SA,Prio S.A.,785,PRIO3,BYY0144,0.053673,[],Brazil,Energy,Oil & Gas E&P,São Paulo,BRL,63.67,50427658240.0,10106350936.264648,792016001.0,13.348008,6.4212465,1.8012334,2.2944794,5.613,0.0,0.18111,0.14225,0.9024800000000001,0.071,0.7461559973297005,0.09709495835894177,0.21832972259826788,0.6960719536566511,,0.34791082416969377,,,,-0.130676224902054,,,1.108,1.894,-0.9961066461464388,0.35765639729784005,-0.12756919704028502,False,2010-10-01,yahoo,4,False
CLX,The Clorox Company,786,CLX,2204026,0.056206,[],United States,Consumer Defensive,Household & Personal Products,NYSE,USD,83.44,10091082752.0,10091082752.0,120938184.0,17.347195,13.437541,112.150536,1.4513521,13.483,0.0599,0.087349996,1.6376,22.214290000000002,0.544,-0.23172951396573116,-0.07660708027976182,-0.09541591844835251,-0.006886783604777902,0.043591317738627566,-0.00014072614877613798,0.011145867999568182,0.023073968277489643,,0.20494928465179085,-0.02579058163248471,0.03573802748437349,-0.02,-0.501,-0.5823919909069815,0.27765528341269974,-0.3526764934057409,False,1985-01-01,sec,18,False
TWST,Twist Bioscience Corporation,787,TWST,BGKG6G7,0.024326,[],United States,Healthcare,Biotechnology,NasdaqGS,USD,152.05,10081093632.0,10081093632.0,66301174.0,,-380.125,21.37936,31.477081,-111.004,0.0,-0.31662,-0.29594,0.24361999999999998,2.192,3.7709862624403927,1.1501788609365264,0.05701589015568853,,,0.22757576271963376,0.33114279796180845,,,,,,0.232,,-0.9241521815274796,0.7585456760805946,-0.3079513904692549,False,2018-10-01,sec,9,False
079550.KS,"LIG Defense&Aerospace Co., Ltd.",788,A079550,BZ0RDZ1,0.011583,[],South Korea,Industrials,Aerospace & Defense,KSE,KRW,616000.0,13456673603584.0,10035104855.961914,21845250.0,53.11373371006457,,,3.0423255,30.772,0.0048,0.060539998,0.17643,1.06362,0.754,0.275078397632486,0.9829325054795996,0.7210680409820021,0.2632570721804117,,0.2470660752514371,,,,0.2725642305565721,,,0.174,-0.228,-0.8394676447956029,0.5430774329929127,-0.44901610017889093,True,2015-10-01,yahoo,4,False
IMP.JO,Impala Platinum Holdings Limited,789,IMP,B1FFT76,0.010119,[],South Africa,Basic Materials,Other Precious Metals & Mining,Johannesburg,ZAc,18352.0,164721508352.0,9960725549.643188,897567023.0,5.337987,6.8140874,1.4352413,1.1977878,3.539,0.0484,0.22966999,0.29223,0.01993,1.195,-0.03195351281666492,0.32433876208569656,-0.018135329757264618,0.12813670527607068,0.005687257644681587,0.08232281209893721,,,,0.8496500550433328,,,0.722,,-0.9453494382590654,0.5686379250854179,-0.5163908506377148,False,2000-01-01,yahoo,4,False
DKNG,DraftKings Inc.,790,DKNG,BLDDH12,0.00921,[],United States,Consumer Cyclical,Gambling,NasdaqGS,USD,19.87,9864542208.0,9864542208.0,496454048.0,,11.721401,17.308363,1.552585,87.413,0.0,-0.026819998,-0.21139,3.3648000000000002,1.608,-0.3597900860244305,-0.10817099235868166,-0.15911221718178659,,,0.39288168996911654,0.5801820162587867,,,,,,-0.046,,-0.8148870377167118,0.5347916856266026,-0.4626825310978907,False,2019-07-01,sec,6,False
HUT,Hut 8 Corp.,791,HUT,BQQ8816,0.011762,[],United States,Financial Services,Capital Markets,NasdaqGS,USD,79.59,9810221056.0,9810221056.0,123259468.0,,-14.964858,6.7967544,34.176613,-24.217,0.0,-1.8858501,-0.43370998,4.37212,5.916,0.7482008167218992,1.0128786076787373,0.05731999390799292,,,0.4719076019558157,,,,,,,0.814,,-0.9365671641791045,1.08986992008876,-0.4347301136363637,False,2018-03-01,sec,4,False
4188.T,Mitsubishi Chemical Group Corporation,792,4188,B0JQTJ0,0.016607,[],Japan,Basic Materials,Specialty Chemicals,Tokyo,JPY,1143.0,1552980246528.0,9809679979.82373,1358687815.0,131.2858438184124,12.535644,0.85261154,0.418868,9.814,0.0277,0.013040001,0.01418,0.73776,0.713,0.5090801281443755,0.15538832128716606,0.08413691955119451,0.093563453188378,0.05354586280004803,-0.07198592752202926,,,,-0.5031803582803372,,,0.14,2.043,-0.7072877913058233,0.26333525463110613,-0.12413793103448278,True,2000-01-01,yahoo,4,False
LHA.DE,Deutsche Lufthansa AG,793,LHA,5287488,0.034572,[],Germany,Industrials,Airlines,XETRA,EUR,7.246,8710269952.0,9756127471.519653,1202079790.0,13.174545,6.1292505,0.71956307,0.22028218,5.008,0.0443,0.0163,0.06201,1.21939,1.179,0.02222594943020262,0.08838013703146563,0.08313330843447786,0.012847161491788217,-0.0002315443627307623,0.08623725709842534,,,,0.1917944660608868,,,0.079,-0.881,-0.7424631763679956,0.32262030830118665,-0.29547885269810403,False,1996-12-01,yahoo,4,False
ATRL.TO,AtkinsRéalis Group Inc.,794,ATRL,BRJNZ47,0.031032,[],Canada,Industrials,Engineering & Construction,Toronto,CAD,86.66,13868554240.0,9712076315.88562,160034074.0,31.977861,17.759726,2.5890298,1.1766709,14.478,0.0009,0.03669,0.08428001,0.2415,0.926,-0.11461837454594359,0.3159839999404639,0.21539014667642098,0.055759507110832995,0.06622375401314828,0.13379533497625462,,,,5.459875616261473,,,0.1,-0.956,-0.7119025336574833,0.3059792853225615,-0.18872870249017037,False,2002-07-01,yahoo,4,False
MOD,Modine Manufacturing Company,795,MOD,2598354,0.024352,[],United States,Consumer Cyclical,Auto Parts,NYSE,USD,181.89,9660669952.0,9660669952.0,53112708.0,68.3797,17.91432,8.038626,2.880692,22.902,0.0,0.04276,0.13094,0.55497,1.707,0.20111658703545743,0.6698960403828116,0.7567846483644485,0.326041598531702,0.11206916222676067,0.11450511371588634,0.11958369408384062,0.08929122421265379,,-0.07062578229801642,,,0.28,0.442,-0.9657237146684539,0.5271464998780228,-0.437308584686775,False,1985-01-01,sec,17,False
7167.T,"Mebuki Financial Group,Inc.",796,7167,BH0VTS2,0.053658,[],Japan,Financial Services,Banks - Regional,Tokyo,JPY,1629.5,1529371164672.0,9660548953.757812,938552477.0,15.89291,41.558277,1.3718823,4.126346,,0.0265,0.25542998,0.09242,,,0.8057300897787256,0.5880549424133215,0.5307945987191138,0.20152537886608224,,0.05221160666852831,,,,0.3778323737114073,,,0.427,0.581,-0.5627253474644902,0.21949591147870254,-0.0653857183825638,False,2013-12-01,yahoo,4,False
GGB,Gerdau S.A.,797,GGB,2297606,0.016205,[],Brazil,Basic Materials,Steel,NYSE,USD,4.92,9652067328.0,9652067328.0,1244967881.0,22.363636,8.215537,0.92488587,0.14584371,2.007,0.036699999999999997,0.03217,0.041810002,0.28232,0.89,0.4772616281955093,0.15563265713351426,0.13692835643034473,0.11390420376390376,0.02621257677489086,-0.06008770351823456,0.0928736511211814,0.047440822763346935,,-0.5019245462383299,-0.09894097090783505,,0.02,0.735,-0.9586285759497635,0.3922130728288862,-0.10218978102189791,False,1999-03-01,sec,11,False
MNG.L,M&G plc,798,MNG,BKFB1C6,0.012458,[],United Kingdom,Financial Services,Asset Management,LSE,GBp,306.2,7295108608.0,9641835303.596375,2382465059.0,24.15598876821192,9.787438,2.8040295,1.0301101,3.519,0.0677,-0.015620001,-0.03337,2.42439,0.973,0.16837785044764475,0.15842530299666602,0.09092529647864622,,,,,,,,,,-0.066,,-0.531223998570311,0.21894696942448685,-0.16589485153909023,True,2019-10-01,yahoo,4,False
TKA.DE,thyssenkrupp AG,799,TKA,5636927,0.019212,[],Germany,Industrials,Conglomerates,XETRA,EUR,13.73,8547360256.0,9573656920.172668,622531741.0,31.204544,10.853325,0.93331516,0.26776686,16.886,0.011200000000000002,0.00876,0.032980002,0.07098,1.563,0.49671430918580595,0.43889874840778464,0.17434465287169454,-0.0020496378984139474,-0.0029340322736362,-0.07238792102981695,,,,-0.2575084072249313,,,0.078,,-0.9027347549834213,0.5548738901607606,-0.13484562066792682,False,1999-03-01,yahoo,4,False
SOLS,"Solstice Advanced Materials, Inc.",800,SOLS,BW2K5V7,0.009869,[],United States,Basic Materials,Specialty Chemicals,NasdaqGS,USD,60.23,9567377408.0,9567377408.0,158847369.0,45.628784,17.841167,6.032048,2.348963,12.792,0.005,0.05128,0.112629995,1.52771,,0.35246665667564003,,,,,,,,,,,,0.111,0.228,-0.3634872017554086,0.5659080146671577,-0.33667400881057274,False,2025-10-01,sec,3,False
9CI.SI,CapitaLand Investment Limited,801,9CI,BNHXFJ6,0.037912,[],Singapore,Real Estate,Real Estate Services,SES,SGD,2.44,12184216576.0,9513716446.006104,4993531347.0,61.000004,18.808294,0.97172445,5.842739,30.317,0.048799999999999996,0.08764,0.0159,0.60851,0.594,-0.05685600437295202,-0.024428003373776153,-0.02871321849409103,,,-0.09482199751125764,,,,-0.44776793899053235,,,-0.021,0.14,-0.3365179994035987,0.2157420433459022,-0.23270440251572333,False,2021-09-01,yahoo,4,False
9868.HK,XPeng Inc.,802,9868,BP6FB33,0.00941,[],China,Consumer Cyclical,Auto Manufacturers,HKSE,HKD,38.34,73457655808.0,9360287066.369995,1567245202.0,,61.110016,2.3204143,0.9654451,-52.662,0.0,-0.041360002,-0.10877,0.99445,1.069,-0.5644680200754104,-0.13044090113057194,-0.26882837800888737,,,0.41892688488416696,,,,,,,0.08,,-0.8748768491698016,0.7642670729448691,-0.653971119133574,False,2021-07-01,yahoo,4,False
CTVA,"Corteva, Inc.",803,CTVA,BK73B42,0.078445,[],United States,Basic Materials,Agricultural Inputs,NYSE,USD,13.75,9173945344.0,9173945344.0,667196000.0,8.487655,12.145571,1.0028445,,,0.0524,0.0,,,,-0.7651344842665053,-0.325409227868253,-0.189523403868325,,,-0.0010322883978914899,0.04124576663707025,,,-0.015646020527176785,64.46289176005563,,,,-0.8306706659584046,0.8021986952170357,-0.059507523939808404,False,2019-05-01,sec,8,False
SYENS.BR,Syensqo SA/NV,804,SYENS,BPSLYH4,0.025349,[],Belgium,Basic Materials,Chemicals,Brussels,EUR,80.05,8162420736.0,9142497031.14038,101966526.0,,18.323318,1.3411856,1.3692502,9.03,0.020499999999999997,-0.0038800002,-0.01011,0.45612,0.52,0.14704588588233047,,,,,-0.09760840436318008,,,,,,,0.041,-0.524,-0.46476010271470714,0.3638932406095317,-0.040167865707434136,False,2023-12-01,yahoo,4,False
036930.KQ,"JUSUNG ENGINEERING Co.,Ltd.",805,A036930,6201788,0.009196,[],United States,,,KOSDAQ,KRW,267500.0,12223123554304.0,9115204109.73999,45693922.0,342.44756272671424,,,,,,,,,,7.0887712133659395,1.1693744927914294,0.8696895373774882,0.3957243721198418,0.20152424260093182,-0.1081211858377682,,,,-0.30466566524589156,,,,,-0.9666006164312211,0.6971981255711039,-0.05809859154929575,True,2000-02-01,yahoo,4,False
PTGX,"Protagonist Therapeutics, Inc.",806,PTGX,BDCBCD8,0.010142,[],United States,Healthcare,Biotechnology,NasdaqGM,USD,139.91,9053336576.0,9053336576.0,64708285.0,135.83496,-702.5358,10.752382,31.760736,136.951,0.0,0.29400998,0.10985,0.01095,1.524,0.7475512097691606,1.1135055428066933,0.345419000199775,0.22004470429971024,,0.20073134951964722,0.09957174409083325,,,,,,37.492,,-0.8399757273199155,0.6492378362392174,-0.12996704185063124,False,2016-08-01,sec,9,False
SECU-B.ST,Securitas AB (publ),807,SECU B_SEK,5554041,0.066,[],Sweden,Industrials,Security & Protection Services,Stockholm,SEK,157.9,90388676608.0,9044222381.492676,545504181.0,16.194872,12.591706,2.2010648,0.58041525,9.38,0.034300000000000004,0.03701,0.14226,0.97402,0.728,0.15353978871727847,0.2465133745663537,0.09264139795841109,0.06228965537860276,0.07153936166681452,0.05198072869542081,,,,0.05874032812843266,,,-0.019,0.123,-0.7583171460780023,0.22698567909814507,-0.0819767441860465,False,2000-01-01,yahoo,4,False
9901.HK,New Oriental Education & Technology Group Inc.,808,9901,BN4MKV3,0.00976,[],China,Consumer Defensive,Education & Training Services,HKSE,HKD,45.54,70600474624.0,8996212882.560303,1550295803.0,19.46154,11.599316,2.271795,12.207844,78.549,0.021099999999999997,0.08392999,0.12483,0.19629000000000002,0.184,-0.04264868441173075,-0.04376705773536027,0.22728244224084126,,,0.23606018139030338,0.057705236395765525,0.1437046928184642,,0.2996382849612411,0.17567596185586143,0.08652331956549397,0.23,7.206,-0.9327129593577081,0.5378276776238029,-0.10793339862879525,False,2020-11-01,sec,18,False
AAOI,"Applied Optoelectronics, Inc.",809,AAOI,BDW0D09,0.011242,[],United States,Technology,Communication Equipment,NasdaqGM,USD,105.9,8991576064.0,8991576064.0,84906289.0,,23.011734,5.357414,17.781355,-336.633,0.0,-0.09568,-0.05449,0.17994,3.843,2.555954537017183,1.570931200678101,0.7523031116860002,0.20716699224264246,,0.26934891855818166,0.1419959087516376,0.09148092386403217,,,,,0.864,,-0.9841009335697984,1.130147714562433,-0.5467967646681217,False,2013-09-01,sec,15,False
KYMR,"Kymera Therapeutics, Inc.",810,KYMR,BMPRZV5,0.010757,[],United States,Healthcare,Biotechnology,NasdaqGM,USD,109.3,8990753792.0,8990753792.0,82257588.0,,-21.489647,5.995612,82.49333,-24.125,0.0,-2.8533401,-0.24154,0.05205,1.984,0.6734550663610481,1.069257255673969,0.11933281700661569,,,-0.05744445544292831,0.028724267103936718,,,,,,4.664,,-0.8161915298822251,0.7976559532006198,-0.1595540176855057,False,2020-08-01,sec,7,False
SW.PA,Sodexo S.A.,811,SW,7062713,0.03747,[],France,Industrials,Specialty Business Services,Paris,EUR,54.6,7959878656.0,8915635365.346313,145785321.0,17.90164,16.283827,2.212497,0.33180732,10.647,0.0496,0.01901,0.11902001,1.49792,0.246,0.21068256481392744,-0.02359602714191744,0.03566678458986505,0.009730574393925329,0.07168429497790574,,,,,,,,-0.037,-0.565,-0.6596901996505855,0.24499800366950858,-0.08003369839932606,False,2000-01-01,yahoo,3,False
7911.T,TOPPAN Holdings Inc.,812,7911,6897024,0.070213,[],Japan,Industrials,Conglomerates,Tokyo,JPY,2367.0,1395139280896.0,8812649036.24414,562699814.0,21.120728,8.858533,0.9626499,0.7195221,,0.0123,0.041350003,0.05614,0.37443,0.523,0.3223117626405092,0.14119584182689238,0.2376957981141392,0.11736120615145396,0.05630695972198496,0.03272212614685688,,,,0.02110165965290478,,,0.15,1.372,-0.6745998539511862,0.30529934773959994,-0.20141700404858298,False,2000-01-01,yahoo,4,False
RNO.PA,Renault SA,813,RNO,4712798,0.021653,[],France,Consumer Cyclical,Auto Manufacturers,Paris,EUR,26.71,7729163264.0,8657217568.14856,289373409.0,8.168196,3.9946935,0.376749,0.12161198,9.651,0.08449999999999999,0.01584,0.050029997,3.27722,0.86,-0.14725992705149737,-0.017851886196858846,0.0031536528953692855,-0.0741081133170266,-0.03230845973206864,0.07729174618653567,,,,,,,0.094,,-0.8956993469944697,0.36138099366332666,-0.29654990782196466,False,2000-01-01,yahoo,4,False
ARWR,"Arrowhead Pharmaceuticals, Inc.",814,ARWR,BYQBFJ8,0.031821,[],United States,Healthcare,Biotechnology,NasdaqGS,USD,60.74,8579796480.0,8579796480.0,141254467.0,,-12.317965,18.417223,13.162184,-44.106,0.0,-0.4779,-0.55207,2.95984,1.303,0.4528366011708349,0.3578128008252446,-0.007153649185633215,0.26650865107956645,0.00809600248639919,0.50518568612459,0.5662792521544311,1.1561182726089911,,,,,1.71,,-0.9991944055623941,0.6087505523790195,-0.3639124515656089,False,1993-12-01,sec,15,False
3081.TWO,LandMark Optoelectronics Corporation,815,3081,BL951P4,0.026438,[],Taiwan,Technology,Semiconductor Equipment & Materials,Taipei Exchange,TWD,2960.0,273851154432.0,8578221471.725098,92517277.0,300.20285,75.13865,63.835754,89.4863,196.902,0.001,0.32382,0.25006,0.07252,2.255,7.1431291162585335,2.3320733267148035,0.8332028329354508,0.3059881780989493,,-0.02557819124817795,,,,0.09139644971950056,,,1.208,3.842,-0.7550382746313495,0.8081352071905992,-0.1777777777777778,False,2014-07-01,yahoo,4,False
6586.T,Makita Corporation,816,6586,6555805,0.018978,[],Japan,Industrials,Tools & Accessories,Tokyo,JPY,5202.0,1340325625856.0,8466408692.447754,257655822.0,16.683237,21.140326,1.3316138,1.7277505,8.106,0.0404,0.10406999,0.08596,0.01697,0.758,0.17935974132012578,0.13987874176647774,0.02178577425131034,0.0562872263367995,0.07719194625567716,0.00559091706394943,,,,0.8931072462227676,,,0.107,0.231,-0.6879026869611657,0.2550411713782544,-0.15138662316476348,False,2001-01-01,yahoo,4,False
AUOTY,AUO Corporation,817,AUOTY,BQPDW54,0.031051,[],Taiwan,Technology,Electronic Components,OTC Markets OTCPK,USD,11.19,8445203456.0,8445203456.0,754709897.0,139.875,38.64751,1.7457925,0.03326451,3.307,0.0113,0.00643,0.01795,0.64568,1.036,2.0058936404043304,0.3975899143751427,0.16148426463377374,0.17675306565462967,0.027340933811529355,0.04469849921908153,,,,,,,0.024,-0.31,-0.8591649612134064,0.5038675951252736,-0.12166405023547888,False,2002-05-01,yahoo,4,False
DPM.TO,DPM Metals Inc.,818,DPM,BPCR7W4,0.009119,[],Canada,Basic Materials,Gold,Toronto,CAD,54.28,11907330048.0,8338641227.004639,219368650.0,12.711944,9.082685,2.9226701,9.097382,13.034,0.0042,0.50264,0.31307,0.00293,1.318,0.7454754974202487,0.8114972085899483,0.4767719415876084,0.3592762242681402,0.08108834022084777,0.29913650231588074,,,,1.174235382815482,,,0.939,1.122,-0.9241134680916496,0.3450801648194939,-0.2517231872070582,False,1995-01-01,yahoo,4,False
AG.TO,First Majestic Silver Corp.,819,AG,2833583,0.039390999999999995,['AG'],Canada,Basic Materials,Silver,Toronto,CAD,24.14,11902972928.0,8335589958.557678,493080912.0,24.886597,17.420168,2.8652012,7.499527,12.524,0.0034999999999999996,0.21183,0.13430001,0.09812,2.185,0.31511228445586936,0.49203344442041064,0.08758469292692239,0.08288001174362769,0.09697573999518516,0.2628459650343713,0.2814073808789206,,,,0.5565844891118352,,0.573,1.024,-0.9722222222222222,0.5684114240227993,-0.44747081712062253,False,1996-08-01,sec,10,False
TGTX,"TG Therapeutics, Inc.",820,TGTX,B828K63,0.02116,[],United States,Healthcare,Biotechnology,NasdaqCM,USD,53.34,8165478400.0,8165478400.0,153083580.0,19.396364,19.697193,12.965485,10.320927,57.524,0.0,0.55218,1.0028,1.2489,1.799,0.49538018695780783,0.8874020390801161,0.1074185726562964,0.25537738677265875,,5.048568486524871,4.26729793075284,,,,,,0.703,-0.706,-0.9938461538461538,0.8421072192983262,-0.10050590219224276,False,2010-05-01,sec,10,False
ACLN.SW,Accelleron Industries AG,821,ACLN,BNM73Q6,0.010861,[],Switzerland,Industrials,Specialty Industrial Machinery,Swiss,CHF,71.4,6714902016.0,8074386208.723206,94046249.0,31.733334,24.74581,18.852482,4.8290915,18.349,0.0215,0.19183001,0.68255997,1.26824,0.387,0.10573238437188803,0.506601798619178,,,,0.17403053955164793,,,,0.2378684890681575,,,0.213,0.31,-0.31393946037534026,0.35133693264621746,-0.211049723756906,False,2022-09-01,yahoo,4,False
DIXON.NS,Dixon Technologies (India) Limited,822,DIXON,BNC5412,0.044806,[],India,Technology,Consumer Electronics,NSE,INR,12774.0,776683388928.0,8030225243.112305,60801893.0,37.347603,45.972744,14.229302,1.5025792,38.303,0.0008,0.03639,,0.18457,-0.116,-0.15886929757848545,0.3673378834638483,0.21203139882545874,,,0.5857039335745311,,,,0.7789991646643091,,,0.211,1.546,-0.5133624701825561,0.4114845999460565,-0.2702656383890317,False,2017-09-01,yahoo,4,False
RAL,Ralliant Corporation,823,RAL,BTNMGM9,0.01249,[],United States,Technology,Electronic Components,NYSE,USD,71.86,7950590976.0,7950590976.0,110640008.0,,21.434752,5.1813397,3.7114513,23.043,0.0028000000000000004,-0.56386,-0.53898996,0.79797,,0.6831896074562569,,,,,,,,,,,,0.128,0.214,-0.2139581473376686,0.41653827739144034,-0.04707598461742468,False,2025-06-01,sec,3,False
CHRD,Chord Energy Corporation,824,CHRD,BLDDYB1,0.016773,[],United States,Energy,Oil & Gas E&P,NasdaqGS,USD,142.34,7785694720.0,7785694720.0,54697872.0,9.578734,8.5255375,0.9401088,1.2769003,3.189,0.0365,0.14236,0.10312,0.17981999999999998,0.473,0.5954884303731411,-0.004660166847829883,0.12343643069181498,0.3607254869959786,,0.10175301596386421,0.4197585419485532,,,-0.7118614420271381,,,0.841,,-0.9980318479975894,0.34335663291971524,-0.09372214440341275,False,2010-06-01,sec,10,False
2404.TW,"United Integrated Services Co., Ltd.",825,2404,6105136,0.013417,[],Taiwan,Industrials,Engineering & Construction,Taiwan,TWD,1305.0,246497148928.0,7721373824.546875,188886700.0,19.805737,11.764706,13.760162,2.9157493,12.312,0.030699999999999998,0.14538,0.81274,0.009519999999999999,0.835,0.5930029143830258,0.8470886286211936,0.5718819526578687,0.4596551773130899,0.3069194094703831,0.11096992070374156,,,,0.31378626241098306,,,0.764,1.688,-0.6282171923036272,0.46007835820841875,-0.09999999999999998,False,2000-01-01,yahoo,4,False
VCX.AX,Vicinity Centres,826,VCX,BY7QXS7,0.029437,[],Australia,Real Estate,REIT - Retail,ASX,AUD,2.33,10905486336.0,7607064128.586548,4680466632.0,7.766666,14.21165,0.8903324,7.355681,17.913,0.0537,0.98485,0.11955,0.40865,0.79,-0.03330404854735258,0.16799565852816256,0.12041975489798573,0.03408873379438515,,0.02190286982394385,,,,0.7240105204211935,,,0.036,0.127,-0.6297173707270645,0.19895258118611628,-0.14652014652014644,False,2012-01-01,yahoo,4,False
002625.SZ,"Kuang-Chi Technologies Co., Ltd.",827,002625,BD5CBF3,0.01172,[],China,Industrials,Aerospace & Defense,Shenzhen,CNY,23.52,50675908608.0,7583943092.958984,2154587862.0,81.103455,44.37736,4.904087,22.7677,53.301,0.0015,0.27797002,0.06476,0.00368,0.51,-0.48226868333625916,0.193584875535334,0.031946789877556725,-0.007540131534575556,,0.20553180444672114,,,,0.2217564829303127,,,0.061,-0.368,-0.8739883478511677,0.524956051624685,-0.5943428768540876,False,2011-11-01,yahoo,4,False
PRAX,"Praxis Precision Medicines, Inc.",828,PRAX,BQ721R4,0.010992,[],United States,Healthcare,Biotechnology,NasdaqGS,USD,263.55,7358312448.0,7358312448.0,27919988.0,,-28.202095,5.486282,,-18.686,0.0,0.0,-0.38862,0.0008100000000000001,2.811,0.3912381145382158,1.615005996718454,-0.023900475814523037,,,,,,,,,,,,-0.9852962554121278,1.3273240866858929,-0.32887700534759357,False,2020-10-01,sec,4,False
COMP,"Compass, Inc.",829,COMP,BN770G0,0.016626,[],United States,Real Estate,Real Estate Services,NYSE,USD,9.52,7307977216.0,7307977216.0,757522197.0,158.66667,11.26654,2.4070797,0.67560524,30.059,0.0,0.0063899998,0.036259998,1.37563,2.319,0.16743886841633238,0.656313112548125,-0.07233798022249893,,,0.04974938170790444,0.13348179142753436,,,,,,1.09,0.603,-0.8958990551303967,0.7653307718551333,-0.31780723754926554,False,2021-04-01,sec,7,False
KEX,Kirby Corporation,830,KEX,2493534,0.009685,[],United States,Industrials,Marine Shipping,NYSE,USD,138.11,7292208128.0,7292208128.0,52800000.0,21.215054,16.699799,2.1304393,2.088435,10.924,0.0,0.1018,0.10414,0.35618,0.84,0.3340474512712328,0.22702537810032908,0.21371603768424907,0.08880694017808022,0.07096455056559936,0.06502189259126423,0.09150116029810884,0.04590509790310704,,0.4260026564316146,,0.04635774389660163,0.078,0.0,-0.696789354586741,0.28720362734136,-0.12416767074640112,False,1985-01-01,sec,18,False
APLD,Applied Digital Corporation,831,APLD,BMCNFN8,0.011871,[],United States,Technology,Information Technology Services,NasdaqGS,USD,23.85,7211933184.0,7211933184.0,302387140.0,,-39.07018,3.9976535,11.870181,-120.716,0.0,-0.39915,-0.08376,1.36231,5.997,-0.29676786541833833,0.7092971852775762,,,,1.2264095428372328,,,,,,,4.066,,-0.782608702090699,1.360571149631379,-0.5298176441596846,False,2022-04-01,sec,6,False
2688.HK,ENN Energy Holdings Limited,832,2688,6333937,0.011753,[],China,Utilities,Utilities - Regulated Gas,HKSE,HKD,49.4,54925623296.0,6998856629.643066,1111854664.0,8.019481,7.220541,0.975631,0.48537433,6.175,0.0611,0.054229997,0.13352999,0.35871000000000003,0.657,-0.2366389252713157,-0.01448580712373393,-0.1483247136179746,0.06077841639801096,0.11936543260882893,0.005584335381460859,,,,0.0020977496560390385,,,0.024,0.097,-0.6959957474041532,0.40949332818312173,-0.33062330623306235,False,2001-05-01,yahoo,4,False
CTC-A.TO,"Canadian Tire Corporation, Limited",833,CTC.A,2172286,0.030076,[],Canada,Consumer Cyclical,Specialty Retail,Toronto,CAD,190.82,9951815680.0,6969204698.137817,48729529.0,14.989789,12.261747,1.6642102,0.60484385,12.262,0.0377,0.040900003,0.1118,1.6536199999999999,0.897,0.22190203589077329,0.17202541378271397,0.057819580008756644,0.07346650507539865,0.07572926262707336,-0.028803118654912474,,,,-0.20415145842496218,,,0.024,0.783,-0.6007191466916009,0.21874167997073712,-0.08294886582083827,False,1986-01-01,yahoo,4,False
3293.TWO,"International Games System Co.,Ltd.",834,3293,6744807,0.020083,[],Taiwan,Communication Services,Electronic Gaming & Multimedia,Taipei Exchange,TWD,788.0,222059642880.0,6955883755.567017,281801560.0,18.515038,14.423253,14.691077,9.252996,14.051,0.045700000000000005,0.51347,0.85909,0.00025,0.273,0.1365664553951751,0.4076963795964299,0.42622404388276913,0.4086713312595398,,0.22627974093054304,,,,0.2558857832181347,,,0.146,0.333,-0.7218322226216616,0.3133850302396688,-0.0540216086434574,False,2007-12-01,yahoo,4,False
TAL,TAL Education Group,835,TAL,B4MGD82,0.011853,[],China,Consumer Defensive,Education & Training Services,NYSE,USD,12.49,6928218624.0,6928218624.0,407225695.0,7.8062496,10.651361,1.6935593,2.1859388,9.342,0.0,0.28427,0.23712,0.09942000000000001,0.084,0.020813749792238267,0.12581062027894818,0.25070477551514014,-0.007684070011837685,,0.4342844013009368,-0.077170955810559,0.17113055014369083,,,,0.1784421793269857,0.319,13.6,-0.9636689269452029,0.576315542346588,-0.0658189977561705,False,2010-10-01,sec,17,False
POWL,"Powell Industries, Inc.",836,POWL,2697422,0.023362,[],United States,Industrials,Electrical Equipment & Parts,NasdaqGS,USD,189.27,6895591424.0,6895591424.0,36432564.0,36.25862,27.077873,9.118809,6.2267814,27.842,0.0019,0.16488001,0.28252,0.00334,1.173,0.5487843233051608,0.986680655480844,0.9009212068062011,0.3579561608506674,0.19295300748074506,0.27517333386546605,0.16323977998589756,0.05252624248616278,,1.3608029172485905,0.6109394615869015,0.3434283571279333,0.089,0.076,-0.9137932805355427,0.6353314778674913,-0.42295731707317075,False,1980-03-01,sec,16,False
LW,"Lamb Weston Holdings, Inc.",837,LW,BDQZFJ3,0.022163,[],United States,Consumer Defensive,Packaged Foods,NYSE,USD,49.46,6814620672.0,6814620672.0,137780447.0,27.02732,14.004665,3.7255197,0.9267009,9.143,0.030699999999999998,0.043860003,0.16280001,2.21223,0.474,-0.1946207390308774,-0.16574303515181155,-0.010744041221463774,0.05508996542749167,,0.07312428058409792,0.12490539352311703,0.08246279062607154,,-0.34006330537114815,-0.018141688053279648,0.0016353021266994894,0.056,-0.062,-0.6168653831439133,0.3870496402920167,-0.2625615029074101,False,2016-11-01,sec,12,False
MATX,"Matson, Inc.",838,MATX,B8GNC91,0.014124,[],United States,Industrials,Marine Shipping,NYSE,USD,227.79,6811708416.0,6811708416.0,29903458.0,15.318762,13.553096,2.4563541,1.9468542,10.849,0.0067,0.13408,0.17206,0.25834,1.301,1.2530205916501749,0.387613986059838,0.2357098616109854,0.20973227688458684,0.14849600997120005,-0.0833987250864302,0.07011511278577487,0.05902030866830876,,-0.25225303914137376,0.18161637527612284,0.15753133220403392,0.167,0.462,-0.6358457532020267,0.3789135311023681,-0.054303151077344625,False,1985-01-01,sec,18,False
WULF,TeraWulf Inc.,839,WULF,BNBRMS2,0.009274,[],United States,Financial Services,Capital Markets,NasdaqCM,USD,13.65,6810921984.0,6810921984.0,498968677.0,,-56.965195,46.271187,41.45663,-37.236,0.0,0.0,-12.118051,35.49648,4.251,-0.07262850730051373,1.3478862445705508,-0.08721699909925829,0.045565496683744655,0.047209453248577615,1.1602755931737012,0.6236225244444971,0.24050852438209103,,,,,-0.06,,-0.9775634584420465,1.193677202845317,-0.5425603217158177,False,1994-04-01,sec,15,False
5411.T,"JFE Holdings, Inc.",840,5411,6543792,0.019625,[],Japan,Basic Materials,Steel,Tokyo,JPY,1683.5,1070935506944.0,6764757391.8845215,636136318.0,15.9618845,5.2970233,0.40628275,0.23897766,9.326,0.04769999999999999,0.02056,0.0377,0.8568300000000001,0.885,0.006980046697903974,-0.021510755395356407,0.048224466240599506,0.054865516054311,-0.021903157853951583,-0.048464638732308774,,,,-0.24436208002992643,,,0.041,3.32,-0.8916487844619696,0.2688824328874755,-0.2863501483679525,False,2002-09-01,yahoo,4,False
MTDR,Matador Resources Company,841,MTDR,B7MSLL8,0.010474,[],United States,Energy,Oil & Gas E&P,NYSE,USD,54.48,6742129664.0,6742129664.0,123754216.0,9.344769,5.9495854,1.1394628,1.7238356,4.65,0.0275,0.18847999,0.13592,0.69104,0.972,0.4052899869349902,-0.022723281352104108,0.06908564602673306,0.10391418229679172,,0.04581571895402292,0.33848576933658525,0.27661371383714206,,-0.12532602887174737,,,0.268,1.606,-0.9259701280305358,0.4275015596328649,-0.18491921005386003,False,2012-02-01,sec,16,False
HIMS,"Hims & Hers Health, Inc.",842,HIMS,BN46048,0.010269,[],United States,Healthcare,Drug Manufacturers - Specialty & Generic,NYSE,USD,28.06,6546774016.0,6546774016.0,224935790.0,,38.059845,20.201582,2.649775,-744.909,0.0,-0.05509,-0.32033002,4.77128,2.432,-0.35361145121413784,0.700061447628382,0.3039093849221379,,,0.6454948211180809,0.7363237546061168,,,,,,0.382,,-0.7872564502082063,0.8893428831018678,-0.5702843841406454,False,2019-09-01,sec,7,False
DSV.TO,Discovery Mining Ltd.,843,DSV,BSBFLD9,0.011887,[],Canada,Basic Materials,Silver,Toronto,CAD,11.48,9346064384.0,6545000219.906738,814117094.0,26.697674,15.878284,8.991863,8.313932,13.695,0.0,0.21658,0.3923,0.01261,2.391,0.9411540426651592,1.6224734938471421,0.45070650608144924,0.38125542979231875,,,,,,,,,1.247,6.977,-0.8333333333333334,0.6867492166056254,-0.14519731943410275,False,2014-10-01,yahoo,4,False
LNTH,"Lantheus Holdings, Inc.",844,LNTH,BP8S8J5,0.024618,[],United States,Healthcare,Drug Manufacturers - Specialty & Generic,NasdaqGM,USD,100.12,6537823744.0,6537823744.0,65299875.0,24.24213,15.699386,4.9813423,4.2037783,16.754,0.0,0.1769,0.22215,0.47642,-0.058,0.7362249859364924,0.15723671481093282,0.3375799678044451,0.2775185205840134,,0.18134867310411273,0.35347400998701417,0.18043583311024425,,1.02643901110237,,,0.027,-0.009,-0.7435549504691055,0.5179426383590142,-0.10495261934561051,False,2015-06-01,sec,13,False
CAG,"Conagra Brands, Inc.",845,CAG,2215460,0.019179,[],United States,Consumer Defensive,Packaged Foods,NYSE,USD,13.57,6478474240.0,6478474240.0,477411517.0,,8.901338,1.0114788,0.5599923,7.898,0.0516,-0.16952999,-0.24886999,1.2115900000000002,0.0,-0.1671782813462026,-0.15945884107808606,-0.11652701413065258,-0.06140204095033541,0.015261602472696367,-0.027791350655803293,0.0017267505269866756,0.026750029754427196,,,,,-0.014,0.059,-0.5812298308308275,0.22690658287257706,-0.3321850393700787,False,1985-01-01,sec,19,False
ENS,EnerSys,846,ENS,B020GQ5,0.013226,[],United States,Industrials,Electrical Equipment & Parts,NYSE,USD,179.31,6466855424.0,6466855424.0,36065224.0,19.198072,12.472871,3.3051317,1.7790245,12.128,0.0064,0.09292,0.18363,0.56108,1.185,0.493047595063109,0.30911444608879046,0.1958013787902111,0.12164396500627905,0.1326360967436564,0.0038319638146686597,0.04726156210236354,0.39399650159687094,,0.18635943620208129,0.15410256910309972,0.0833525141299778,0.048,1.116,-0.7508034389652863,0.3112912928290888,-0.2660253786328285,False,2004-08-01,sec,18,False
SHL.AX,Sonic Healthcare Limited,847,SHL,6821120,0.032454,[],Australia,Healthcare,Diagnostics & Research,ASX,AUD,18.65,9217538048.0,6429644756.635498,494237953.0,15.162601,14.24349,1.1051852,0.8418177,10.768,0.057800000000000004,0.055970002,0.07501,0.68758,0.568,-0.06282337861027254,-0.0924816672029859,-0.10592549713532762,0.026524451503795232,0.05747365897807888,0.01056526909953548,,,,-0.29416948439497004,,,0.089,0.216,-0.9000000205124334,0.22354630533154365,-0.23156159868149984,False,1988-02-01,yahoo,4,False
RIOT,"Riot Platforms, Inc.",848,RIOT,BD9F675,0.009493,[],United States,Financial Services,Capital Markets,NasdaqCM,USD,16.84,6319360512.0,6319360512.0,375258935.0,,-17.51758,2.903448,10.036313,-8.354,0.0,-1.96277,-0.48243,0.40034,3.762,-0.08423113409138605,0.22804083716787327,-0.07822441238403266,0.22364074507760323,,0.3568648424628573,1.217270392374719,1.4017121865165607,,,,,0.139,,-0.9706690135394219,0.9955412396415083,-0.4445910290237467,False,2016-03-01,sec,17,False
MOS,The Mosaic Company,849,MOS,B3NPHP6,0.012979,[],United States,Basic Materials,Agricultural Inputs,NYSE,USD,19.73,6272080896.0,6272080896.0,317895646.0,,12.513715,0.5471133,0.5411641,7.339,0.0446,-0.05213,-0.05073,0.52249,0.918,-0.21304644715738152,-0.11022692731108463,-0.10681198535731218,0.006850079839937129,0.02244957104111922,-0.1426545439066701,0.06780943144483076,0.03084007466556926,,-0.4580167161458103,-0.02870465164563296,-0.05393955912289783,-0.06,,-0.9090267415116421,0.4032447734797467,-0.3882170542635659,False,1988-01-01,sec,17,False
PL,Planet Labs PBC,850,PL,BM8JV32,0.011422,[],United States,Industrials,Aerospace & Defense,NYSE,USD,17.19,6254547456.0,6254547456.0,340354193.0,,-13752.001,13.807229,17.104734,-132.016,0.0,-0.95132005,-0.71970004,0.8835299999999999,2.17,0.33550606093075386,1.0255339156932468,0.12135041336815666,,,0.17179105417526497,0.22148571523046479,,,,,,0.581,,-0.8331688017642505,0.8390750617568147,-0.6678902627511591,False,2021-04-01,sec,7,False
8377.T,"Hokuhoku Financial Group, Inc.",851,8377,6683591,0.029171,[],Japan,Financial Services,Banks - Regional,Tokyo,JPY,824.3,981337899008.0,6198797932.467773,1190510590.0,14.641208,3.6441202,1.3093895,4.246159,,0.0177,0.28031,0.09722,,0.168,-0.7454593869749144,-0.16458734448551415,0.06168289349984901,-0.01575564767445048,-0.050627896984173026,0.08289401327160872,,,,0.4006452232174138,,,0.246,0.689,-0.8845315925750753,1.025248340824448,-0.11867849887736559,False,2001-01-01,yahoo,4,False
RYTM,"Rhythm Pharmaceuticals, Inc.",852,RYTM,BF2YWG4,0.020671,[],United States,Healthcare,Biotechnology,NasdaqGM,USD,89.64,6171900416.0,6171900416.0,68852082.0,,-169.63136,59.919785,26.431847,-31.363,0.0,-0.8559,-1.17045,0.50522,2.009,-0.20445826382768517,0.5761411815336883,0.5106142211647258,,,1.0022994394905216,,,,,,,0.469,,-0.8929349535367989,0.8637826947443159,-0.2664484451718494,False,2017-10-01,sec,10,False
XMTR,"Xometry, Inc.",853,XMTR,BP7L5C7,0.012364,[],United States,Industrials,Industrial Distribution,NasdaqGS,USD,106.48,6103814144.0,6103814144.0,55848262.0,,82.97294,19.725826,7.3886266,-589.813,0.0,-0.03815,-0.07101,0.56991,1.228,1.2442070929472164,0.9576418528064026,0.15128303245598795,,,0.21701565212312723,0.37167465454614423,,,,,,0.411,,-0.8677194129722581,0.82387989948444,-0.057198512484505026,False,2021-06-01,sec,7,False
0023.HK,"The Bank of East Asia, Limited",854,23,6075648,0.010405,[],Hong Kong,Financial Services,Banks - Regional,HKSE,HKD,17.96,47532490752.0,6056792223.008057,2646575377.0,14.253967,8.092605,0.4429646,3.1139123,,0.0387,0.2212,0.032679997,,0.715,0.4502982279566503,0.3288630028898738,0.1453453226377608,-0.005156809176280142,0.008926161652462516,0.05331848861468402,,,,-0.07045929191073141,,,0.064,0.06,-0.732924923264656,0.28318411226212187,-0.09929789368104314,False,2000-01-01,yahoo,4,False
GMD.AX,Genesis Minerals Limited,855,GMD,B23G0X1,0.017305,[],Australia,Basic Materials,Gold,ASX,AUD,7.37,8659833856.0,6040621156.713989,1175011513.0,13.4,10.123071,4.1521125,4.767823,8.559,0.0070999999999999995,0.34537998,0.36129,0.14576,1.552,0.22868459883125158,0.6999148044719952,0.42382172341328217,0.3881480808768065,,1.828899191435359,,,,,,,0.586,1.257,-0.9865135883572509,0.445111040024072,-0.16628959276018096,False,2007-08-01,yahoo,4,False
4005.T,"Sumitomo Chemical Company, Limited",856,4005,6858560,0.017712,[],Japan,Basic Materials,Chemicals,Tokyo,JPY,572.7,946027364352.0,5975752568.1328125,1651872408.0,8.863953,14.703466,0.8575523,0.41557476,6.437,0.0279,0.04463,0.13168,0.80157,0.495,0.3378661188793588,0.1843478567684771,0.04108586818296067,0.04972952444761081,0.009842074393186406,-0.07004341670531433,,,,1.058514181597038,,,0.099,,-0.7785261747975862,0.25495539415989954,-0.10347526612398228,False,2000-01-01,yahoo,4,False
NXE.TO,NexGen Energy Ltd.,857,NXE,B987K72,0.035249,[],Canada,Energy,Uranium,Toronto,CAD,12.33,8267340288.0,5789575352.769562,670506101.0,,-56.559635,4.4820065,,-75.991,0.0,0.0,-0.17667,0.33569000000000004,1.722,-0.05839035855618957,0.15536520812318266,0.13548546439903442,0.2314659663543288,,,,,,,,,,,-0.7180156489741403,0.42076258628559665,-0.3479640401903754,False,2014-07-01,sec,10,False
ABDN.L,Aberdeen Group Plc,858,ABDN,BF8Q6K6,0.030077,[],United Kingdom,Financial Services,Asset Management,LSE,GBp,241.389,4323141120.0,5713830583.349304,1790943647.0,11.494716,15.283588,0.85964745,3.2002754,12.915,0.0616,0.28068,0.07602,0.10765000000000001,1.391,0.14468492636800812,0.14106652822717325,-0.017012824426061557,-0.048874254594775124,-0.02589432565928773,0.07824817564018005,,,,,,,0.03,-0.022,-0.7762900072751082,0.34444257055489974,-0.08909811320754712,False,2006-07-01,yahoo,4,False
CIFR,Cipher Digital Inc.,859,CIFR,BMZ8604,0.012488,[],United States,Technology,Information Technology Services,NasdaqGS,USD,13.5,5602914816.0,5602914816.0,415030722.0,,102.42015,9.948416,32.219814,116.708,0.0,0.0,-1.67485,9.50563,3.208,-0.1690060946079487,0.6694690648074886,0.14548631273405754,,,3.1933738912812544,,,,,,,-0.43,,-0.9482917815023814,1.0635282330900828,-0.5520902455209025,False,2020-10-01,sec,4,False
9005.T,Tokyu Corporation,860,9005,6896548,0.022635,[],Japan,Consumer Cyclical,Department Stores,Tokyo,JPY,1577.5,881330028544.0,5567080171.144775,558687839.0,9.204691,13.740092,0.95214933,0.8060188,12.132,0.0203,0.0,,1.48251,,-0.05933204323737795,-0.00853106644882684,0.010308946371352157,0.012651014931985172,0.012317381330258836,0.05262017047259859,,,,0.49621694934008964,,,0.046,0.45,-0.6292943222553804,0.16329619118079494,-0.2155643958229736,False,2000-01-01,yahoo,4,False
WPP.L,WPP plc,861,WPP,B8KF9B4,0.010778,[],United Kingdom,Communication Services,Advertising Agencies,LSE,GBp,384.4,4145851648.0,5479509755.252106,1078525408.0,,6.934747,1.5910597,0.3126585,15.691,0.0403,-0.018099999,-0.06617,2.57604,0.738,0.3359485546562617,-0.18359670373668435,-0.18285798414339283,-0.14177416688035593,-0.0272334334485822,-0.02073322324110405,0.02454572403286792,0.010259219003015962,,,,,-0.044,-0.575,-0.876428994131974,0.3493171132860606,-0.06834706737760554,False,1995-03-01,sec,11,False
ONEX.TO,Onex Corporation,862,ONEX,2659518,0.061959,[],Canada,Financial Services,Asset Management,Toronto,CAD,102.5,7819364352.0,5475860137.555298,76186484.0,11.105093,21.287643,0.57691157,11.046828,15.209,0.0039000000000000003,0.66116,0.052600004,0.0028899999999999998,0.97,-0.15260913472355964,0.1026722164378644,0.026997825590150626,0.02192606239435735,0.07964846103933865,0.27087743505121065,,,,0.3795552573174268,,,-0.384,-0.482,-0.6084303917898048,0.24148717257188693,-0.21982036839701624,False,1995-01-01,yahoo,4,False
ORA,"Ormat Technologies, Inc.",863,ORA,B03L311,0.011913,[],United States,Utilities,Utilities - Renewable,NYSE,USD,88.64,5451088896.0,5451088896.0,61496941.0,43.45098,34.743343,2.0985346,4.7445927,16.669,0.0054,0.10656,0.04778,1.24336,0.9,-0.13430762411471941,0.14877358445529731,0.05470179396436903,0.07338784727003445,0.051445923832984075,0.10462494897091368,0.07005717942830425,0.05224716172261368,,0.1774413386894267,0.045199587857547074,0.002265957502188831,0.106,-0.065,-0.6993511362393596,0.31009933888343794,-0.39449415943711996,False,2004-11-01,sec,18,False
WTB.L,Whitbread plc,864,WTB,B1KJJ40,0.063261,[],United Kingdom,Consumer Cyclical,Lodging,LSE,GBp,2463.0,4116696064.0,5440975258.479858,167141535.0,20.188524,12.76027,1.3130399,1.3742442,11.354,0.0397,0.072909996,0.065799996,1.74279,0.645,-0.14485553394275774,-0.09342772592370463,-0.05377934214093838,-0.022156953054420225,0.031166208814092045,0.036135929338733774,,,,-0.08596891871964651,,,0.02,,-0.6122559900387403,0.23219759994847486,-0.24862767014785225,False,1988-07-01,yahoo,4,False
PTCT,"PTC Therapeutics, Inc.",865,PTCT,B17VCN9,0.010968,[],United States,Healthcare,Biotechnology,NasdaqGS,USD,62.56,5221307904.0,5221307904.0,83460802.0,,26.396626,-31.516373,5.2409453,35.656,0.0,-0.03805,,,0.489,-0.07529474637855138,0.4989820146453767,0.10741823278777352,0.2611179837719255,,0.352962193966454,0.353662718068968,0.4827338937503465,,,,,1.015,,-0.9163045053001455,0.4930789513407453,-0.3115439639044789,False,2013-06-01,sec,15,False
SRRK,Scholar Rock Holding Corporation,866,SRRK,BFZQ0L8,0.015043,[],United States,Healthcare,Biotechnology,NasdaqGS,USD,42.2,5139338752.0,5139338752.0,121785282.0,,-16.718102,20.220413,,-12.342,0.0,0.0,-1.67773,0.80318,0.623,0.43908235139733187,0.5358278727562513,0.10135440793217487,,,,,,,,,,,,-0.9158565203860913,0.9447166896372842,-0.3167098445595854,False,2018-05-01,sec,6,False
6531.TW,AP Memory Technology Corporation,867,6531,BWY5316,0.00981,[],Taiwan,Technology,Semiconductors,Taiwan,TWD,980.0,159886016512.0,5008332583.868652,163149000.0,56.77868,28.0266,12.720499,20.809357,68.095,0.0070999999999999995,0.36181,0.23533002,0.005639999999999999,2.171,1.4876303852962316,0.4323061064051559,0.15377427640838004,0.38307500550423823,,0.03608784062799075,,,,-0.13477957741170377,,,0.778,,-0.7119817308443982,0.631406941377668,-0.24904214559386972,False,2015-06-01,yahoo,4,False
ADEN.SW,Adecco Group AG,868,ADEN,7110720,0.015043,[],Switzerland,Industrials,Staffing & Employment Services,Swiss,CHF,24.02,4163193344.0,5006064249.477478,173321949.0,15.106918,9.44756,1.2514882,0.17903538,9.303,0.0433,0.01253,0.08703,1.05592,0.984,0.1196543918049271,-0.060755745468965894,-0.06614962289832971,-0.037761852960104036,-0.018934112513979362,-0.00793075084048911,,,,-0.04916080697397762,,,0.038,-0.203,-0.7261076997977896,0.3363557736954307,-0.08390541571319599,False,1999-05-01,yahoo,4,False
8996.TW,"Kaori Heat Treatment Co., Ltd.",869,8996,B02Q5L1,0.009343,[],Taiwan,Industrials,Specialty Industrial Machinery,Taiwan,TWD,1710.0,159033425920.0,4981625700.203857,93002000.0,115.30681,41.768444,31.053644,16.216398,84.87,0.0027,0.14081,0.33279,0.5038,1.603,1.652276343737368,1.0105288019280678,1.0353960525263886,0.43635447873352273,,0.32272396785870083,,,,0.402001163485205,,,0.549,0.659,-0.6329069554686981,0.7528202952746462,0.0,False,2007-12-01,yahoo,4,False
ACMR,"ACM Research, Inc.",870,ACMR,BF5C2N2,0.016504,[],United States,Technology,Semiconductor Equipment & Materials,NasdaqGM,USD,70.8,4931163648.0,4931163648.0,64657388.0,33.39623,24.079994,2.650693,5.112086,29.822,0.0,0.14476,0.11627,0.14523999999999998,2.086,0.7571901341958096,0.7492764215429912,0.1552834863940391,,,0.3234389215789564,0.41906758338022954,,,0.3381399356788377,0.38025235767073684,,0.36,1.806,-0.8254545489066887,0.8478114563684006,-0.44335246481641644,False,2017-11-01,sec,10,False
AIXA.DE,AIXTRON SE,871,AIXA,5468346,0.012502,[],Germany,Technology,Semiconductor Equipment & Materials,XETRA,EUR,37.47,4226086144.0,4733519782.245087,112785858.0,74.94,27.45236,4.252639,8.854822,46.276,0.0039000000000000003,0.12085,0.06315,0.35430999999999996,0.809,1.7442882796949934,0.1394518784254528,0.14286461344684254,0.24496445559961488,0.137834774720764,0.06313735882865834,,,,-0.053266329284290315,,,-0.162,-0.056,-0.9826684115576244,0.5402522385640651,-0.4020108522183211,False,1997-11-01,yahoo,4,False
ANDINA-B.SN,Embotelladora Andina S.A.,872,ANDINA-B,2311454,0.010122,[],Chile,Consumer Defensive,Beverages - Non-Alcoholic,Santiago,CLP,4889.9,4628635713536.0,4733095176.064819,473281303.0,17.114307,32.374866,3.5072658,1.3556273,9.394,0.030899999999999997,0.08342,0.23747998,0.86426,0.424,0.22481073868692736,0.47035023384036445,0.319088535939523,0.12431157523011382,0.10577870020690061,0.0797777581768675,,,,0.28886980515084004,,,0.111,0.001,-0.5268139719020035,0.23101292987993188,-0.001857521943253837,False,2000-01-01,yahoo,4,False
6187.TWO,"All Ring Tech Co., Ltd.",873,6187,6431660,0.010199,[],Taiwan,Industrials,Specialty Industrial Machinery,Taipei Exchange,TWD,1525.0,148481327104.0,4651087598.865845,97364808.0,78.72999,36.64543,17.429966,23.49299,76.447,0.0076,0.29778,0.25296,0.0138,1.279,3.2226467487680672,1.3923628123383947,0.7404709890856376,0.4560789189599901,,0.33632228590922764,,,,0.43840454832182263,,,0.545,1.023,-0.7925989627629446,0.6088638262888472,-0.043887147335423204,False,2007-12-01,yahoo,4,False
DFTX,"Definium Therapeutics, Inc.",874,DFTX,BV2DHY6,0.019999,[],United States,Healthcare,Biotechnology,NasdaqGS,USD,34.18,4592662016.0,4592662016.0,134366950.0,,-17.967628,4.999269,,,0.0,0.0,-0.64087,0.0397,2.194,1.4924025017042468,1.3990814247491796,-0.013202908070311659,0.21323630115203307,,,,,,,,,,,-0.9624893437263939,0.9350364469331408,-0.31227364185110673,False,2016-11-01,sec,6,False
OII,"Oceaneering International, Inc.",875,OII,2655583,0.022912,[],United States,Energy,Oil & Gas Equipment & Services,NYSE,USD,44.58,4437031936.0,4437031936.0,99529645.0,12.884394,19.218086,3.811234,1.5823083,11.693,0.0,0.121879995,0.34570998,0.70343,1.252,0.9375449659870172,0.2705041755665316,0.2710171482579953,0.06852391890014276,0.05349254780632151,0.10025615076492778,0.09068454253482017,-0.014629574262524092,,1.3891371406610697,,0.04353670472428006,0.1,0.204,-0.9624490821138068,0.4970164744255087,-0.17824884792626727,False,1985-01-01,sec,18,False
SKY,"Champion Homes, Inc.",876,SKY,2814005,0.012525,[],United States,Consumer Cyclical,Residential Construction,NYSE,USD,81.47,4422202880.0,4422202880.0,54280134.0,23.752186,19.107637,2.8112493,1.7092052,14.012,0.0,0.0716,0.12645,0.07833,1.017,0.2381260723040901,0.12938036444937762,0.059328359914474715,0.22502766184110512,0.04900534415047764,0.007246761153070214,0.1339229143641809,0.28813171334212995,,-0.18916387888065933,0.2033217213754317,0.624059513912387,0.013,-0.212,-0.9197118093377386,0.44952534000738026,-0.17848139558334175,False,1985-01-01,sec,16,False
VAU.AX,Vault Minerals Limited,877,VAU,BSML1B4,0.009683,[],Australia,Basic Materials,Gold,ASX,AUD,6.08,6290160640.0,4387668178.505249,1034565895.0,22.518517,9.393734,3.2530766,3.195082,5.6,0.011899999999999999,0.14451,0.13458,0.034769999999999995,1.092,0.27164611230019364,0.4260040014935016,0.28986420719077244,0.23542350897674846,-0.007188303860680811,0.657950466958473,,,,,,,0.473,1.659,-0.9860869730081654,0.5756177219562385,-0.15143056524773202,False,1996-11-01,yahoo,4,False
3374.TWO,Xintec Inc.,878,3374,B02Q6G3,0.009387,[],Taiwan,Technology,Semiconductors,Taipei Exchange,TWD,497.0,134868066304.0,4224660453.298523,271364316.0,78.39117,51.636364,13.678272,16.33838,41.72,0.005,0.20924999,0.18494,0.41548,1.422,2.2780085544677546,0.6468728563025217,0.31932436581023604,0.32861239715959933,,-0.021734032693741967,,,,-0.11963725084178867,,,0.422,5.123,-0.7246592093491177,0.48019952576296115,-0.06226415094339621,False,2007-12-01,yahoo,4,False
HFCL.NS,HFCL Limited,879,HMFC,6208411,0.035349,[],India,Technology,Communication Equipment,NSE,INR,260.4,398480637952.0,4119940407.36499,1530263663.0,67.8125,50.076923,7.8544927,6.3901954,33.032,0.0008,0.09554,,0.38321,0.99,2.705592175375534,0.6113686107609255,0.30947535547175176,0.3372937959822142,0.12881515119684117,0.013439752865893606,,,,0.011788582382425083,,,1.199,,-0.8548559057178301,0.4844665587993728,-0.056213982820485064,False,2002-08-01,yahoo,4,False
AMP.AX,AMP Limited,880,AMP,6709958,0.009194,[],Australia,Financial Services,Financial Conglomerates,ASX,AUD,2.44,5884673024.0,4104822443.503296,2411751154.0,30.500002,16.173937,1.6042078,2.0509248,18.825,0.0207,0.06669,0.050869998,7.896649999999999,0.312,0.4636876071802696,0.3807633668451831,0.21654053582252675,-0.02608254429573653,-0.020899070465442038,-0.15337273045326894,,,,-0.2995450232355681,,,0.028,0.579,-0.9048824321720004,0.37593892617958247,-0.08442776735459667,False,1998-06-01,yahoo,4,False
TA.TO,TransAlta Corporation,881,TA,2901628,0.024609,[],Canada,Utilities,Utilities - Independent Power Producers,Toronto,CAD,18.34,5800942080.0,4062369531.1006165,316300000.0,,30.99701,6.9077215,2.4818246,12.451,0.015300000000000001,-0.0101499995,-0.01424,2.2925899999999997,0.483,-0.24329921062492432,0.24332707414753107,0.07760379348645241,0.14143602532176613,0.024261249232593984,-0.06854748870615446,0.027395846526027112,0.005926747281947753,,,,,0.125,,-0.7921485669730827,0.3489704186089798,-0.2672792648821415,False,1995-01-01,sec,11,False
1303.SR,Electrical Industries Company,882,1303,BSMSY94,0.058866,[],Saudi Arabia,Industrials,Electrical Equipment & Parts,Saudi,SAR,13.3,14796250112.0,3940097985.438843,1112500000.0,19.558825,,11.555169,5.722923,18.027,0.018799999999999997,0.29377002,0.65649,0.11092,0.401,0.23181624581308768,0.9341767707028616,0.6864410353663424,0.39349859420954747,,0.2914413715459958,,,,0.8841971403978359,,,0.334,0.583,-0.6057763078403042,0.340590487786628,-0.3316582914572863,False,2015-12-01,yahoo,4,False
SKE.TO,Skeena Resources Limited,883,SKE,BMDM761,0.016369,[],Canada,Basic Materials,Other Industrial Metals & Mining,Toronto,CAD,44.72,5610692096.0,3929138458.0032654,125462705.0,,10.056964,32.761906,,-84.014,0.0,0.0,-1.75174,6.57169,2.244,0.8681412786841007,1.0384133263072597,0.26678794336081935,0.2542209286536614,-0.04390454059882365,,,,,,,,,,-0.9932530120194677,0.48196772730267184,-0.15622641509433965,False,1996-08-01,sec,6,False
8253.T,"Credit Saison Co., Ltd.",884,8253,6591809,0.068734,[],Japan,Financial Services,Credit Services,Tokyo,JPY,4237.0,608745291776.0,3845249490.3896484,143673658.0,9.074359,12.576058,0.78979814,1.1240511,23.632,0.0375,0.12394,0.09307,4.66593,0.485,0.18100162001153275,0.2832547238352674,0.2998881301064691,0.12518326878332697,0.025678627725849168,0.12610192962526812,,,,0.12288485915133318,,,0.046,0.389,-0.898343584126382,0.2531890163258517,-0.14230769230769236,False,2000-01-01,yahoo,4,False
CAMX.ST,Camurus AB (publ),885,CAMX,BYWKGQ3,0.014417,[],Sweden,Healthcare,Biotechnology,Stockholm,SEK,645.0,38383423488.0,3840616223.3573,59509184.0,56.9788,41.91033,8.201202,16.776003,41.249,0.0,0.29919,0.15862,0.02316,0.431,0.02323466133130947,0.24086199250430873,0.31684855766956654,0.21819488580959834,,0.33303878618164595,,,,1.3657659141652867,,,0.039,-0.015,-0.5143375654450419,0.36136433799815343,-0.09154929577464788,False,2015-12-01,yahoo,4,False
CECO,CECO Environmental Corp.,886,CECO,2011970,0.013194,[],United States,Industrials,Pollution & Treatment Controls,NasdaqGS,USD,65.55,3839252736.0,3839252736.0,58569830.0,,20.79929,1.8455431,4.802066,57.513,0.0,-0.033889998,-0.023640001,0.37087000000000003,1.5,0.5150555110847765,0.6600912521333131,0.608479698528442,0.22652604803497822,0.11169929943233625,0.2236742369663567,0.19632863413158397,0.0774049169056843,,0.4273370856041756,0.454000922938278,,0.537,,-0.9714285738472223,0.502129655439114,-0.35252864480442514,False,1985-01-01,sec,16,False
RLAY,"Relay Therapeutics, Inc.",887,RLAY,BN2R582,0.009804,[],United States,Healthcare,Biotechnology,NasdaqGM,USD,17.41,3815255808.0,3815255808.0,219141631.0,,-10.666127,4.2744904,388.7382,-10.468,0.0,0.0,-0.36773998,0.03445,1.731,1.5569648410876042,0.4033513265296036,-0.11312316683650903,,,1.2319547250150733,-0.2858372584062293,,,,,,-0.483,,-0.9508535018182961,0.6723551413759536,-0.1814762576398683,False,2020-07-01,sec,6,False
AYA.TO,Aya Gold & Silver Inc.,888,AYA,BK94091,0.017891,[],Canada,Basic Materials,Silver,Toronto,CAD,37.34,5378310144.0,3766402587.111328,144036168.0,35.226418,17.36199,7.695244,16.154222,26.285,0.0,0.32793,0.25743,0.17248000000000002,1.683,1.4606312027490396,0.6966159074781886,0.31819535424547274,0.5193605110371065,,0.7418014537349398,,,,3.60669790767923,,,1.507,2.833,-0.7777777915751487,0.48729880108377566,-0.13404452690166968,False,2008-07-01,yahoo,4,False
MNDY,monday.com Ltd.,889,MNDY,BMHRYX8,0.009482,[],Israel,Technology,Software - Application,NasdaqGS,USD,88.91,3758592256.0,3758592256.0,42274119.0,37.51477,13.273914,6.0822277,2.6113942,53.693,0.0,0.08871,0.13394,0.3843,1.138,-0.5876599777353329,-0.1330957839308814,-0.2561768459218491,,,0.33394935709847084,0.5020708641861458,,,,,,0.219,1.639,-0.8263654436681332,0.5844393617964989,-0.577604636799848,False,2021-06-01,sec,7,False
QTWO,"Q2 Holdings, Inc.",890,QTWO,BKM4KV0,0.013259,[],United States,Technology,Software - Application,NYSE,USD,58.69,3659597056.0,3659597056.0,62354695.0,41.624115,17.420134,5.688118,4.2790713,30.744,0.0,0.108710006,0.14984,0.06361,1.343,-0.05978706312699167,0.24578678015866684,-0.05842021440043166,0.07529806888919155,,0.1200371866945138,0.1456322475156564,0.21993488948990425,,,,,0.126,1.565,-0.8076412122028588,0.43353231901148476,-0.23019412381951732,False,2014-03-01,sec,14,False
MGNI,"Magnite, Inc.",891,MGNI,BLPNRR6,0.009077,[],United States,Communication Services,Advertising Agencies,NasdaqGS,USD,25.45,3650145024.0,3650145024.0,143424157.0,23.136364,19.251135,3.8973966,4.872653,23.201,0.0,0.22489999,0.19579001,0.44536000000000003,2.321,0.38817523587240066,0.5516908757419665,-0.016956740509401214,0.12474880887197881,,0.07352944129091443,0.2635982015021301,0.1113148542464808,,,,0.7926251636915045,0.112,0.653,-0.9168817788048773,0.6857387616284656,-0.051788375558867394,False,2014-04-01,sec,14,False
3491.TWO,"Universal Microwave Technology, Inc.",892,3491,B1G54P8,0.012704,[],Taiwan,Technology,Communication Equipment,Taipei Exchange,TWD,1685.0,116054589440.0,3635339690.6115723,68875125.0,134.26294,47.104313,25.529917,36.238163,120.08,0.004,0.26703,0.24644,0.27168,1.381,2.8990055624038,1.187672397553937,0.7186110853356695,0.45592624268823934,,0.10093342190071186,,,,0.2413232313399858,,,0.756,3.159,-0.6855176751038102,0.6351792604578153,-0.23409090909090913,False,2008-01-01,yahoo,4,False
CENX,Century Aluminum Company,893,CENX,2186254,0.015291,[],United States,Basic Materials,Aluminum,NasdaqGS,USD,36.38,3601376256.0,3601376256.0,98993295.0,6.283247,3.1034179,2.5666714,1.3710304,8.194,0.0,0.22559,0.51749,0.31281,2.078,0.21673996403220364,0.7597528798089157,0.22229567464320188,0.17297890130537263,-0.0038434711907410213,-0.030876707231403788,0.09509440232420308,0.40869621240542653,,,,,0.197,,-0.9710958918480024,0.6937194535199006,-0.4834587533721426,False,1996-03-01,sec,17,False
PLMR,"Palomar Holdings, Inc.",894,PLMR,BJYLZK6,0.014006,[],United States,Financial Services,Insurance - Property & Casualty,NasdaqGS,USD,131.44,3483668992.0,3483668992.0,26503871.0,17.690445,11.573092,3.5089033,3.020287,12.34,0.0137,0.18615,0.22226,0.30152,0.346,0.1024865970349409,0.3588679582549348,0.06567431236491883,,,0.38870051500542835,0.39058212658554203,,,0.5573990064081593,0.9936589757473795,,0.547,0.155,-0.5980418325429444,0.43749379485218,-0.1096057444790679,False,2019-04-01,sec,9,False
ATMU,Atmus Filtration Technologies Inc.,895,ATMU,BNRR1B2,0.009925,[],United States,Consumer Cyclical,Auto Parts,NYSE,USD,42.62,3477601280.0,3477601280.0,81595527.0,16.267176,13.006313,7.6462145,1.9442132,13.285,0.005600000000000001,0.11323,0.5579,2.32278,1.2,-0.006276156629205776,0.3435281771433252,,,,0.04140869782893386,,,,0.06769297982221123,,,0.164,0.083,-0.3255580742291342,0.3577024928716519,-0.35909774436090225,False,2023-05-01,sec,5,False
6510.TWO,"Chunghwa Precision Test Tech. Co., Ltd.",896,6510,BSP1ZW0,0.014656,[],Taiwan,Technology,Semiconductor Equipment & Materials,Taipei Exchange,TWD,3320.0,109324279808.0,3424516819.638733,32929000.0,78.72896,29.044537,10.795871,18.219837,48.392,0.0046,0.25689,0.15126,0.16346,1.465,0.8867127626226767,0.8354048978513444,0.3256575631632517,0.12788236934128183,,0.030756420328567957,,,,0.08971076100732178,,,0.349,1.259,-0.7265871276065329,0.5281212616795697,-0.2581005586592179,False,2015-01-01,yahoo,4,False
KARURVYSYA.NS,The Karur Vysya Bank Limited,897,KVB,BZ7PLF4,0.030283,[],India,Financial Services,Banks - Regional,NSE,INR,339.9,328570208256.0,3397127861.9898376,966667248.0,11.968309,10.318762,2.3289275,4.72399,,0.0079,0.41307,,,-0.107,0.3684506949899946,0.4172320437232566,0.5430988249202267,0.1862281035065636,0.1778641859229162,0.18730451101963763,,,,0.3141548670714196,,,0.26,0.45,-0.8321938082983813,0.31314074601672925,-0.05227938101212881,False,1996-01-01,yahoo,4,False
WDO.TO,Wesdome Gold Mines Ltd.,898,WDO,B0Y90N5,0.020693,[],Canada,Basic Materials,Gold,Toronto,CAD,33.61,4824446464.0,3378534736.1681824,143542000.0,12.1335745,8.546465,4.8915734,4.624983,6.538,0.0009,0.38458002,0.47384998,0.0072699999999999996,0.827,0.5498453182717453,0.6407442589121162,0.24121943982920402,0.28800744831876757,0.16333614415407682,0.5101541925318895,,,,,,,0.279,0.145,-0.9120723994063595,0.42361820205006595,-0.0969908651262762,False,1996-08-01,yahoo,4,False
7951.T,Yamaha Corporation,899,7951,6642387,0.054316,[],Japan,Consumer Cyclical,Leisure,Tokyo,JPY,1203.5,529415995392.0,3344151673.9226074,439896956.0,16.862827,15.775331,1.0735844,1.1067007,8.249,0.0219,0.06704,0.06838,0.04743,0.201,0.24999566587042832,-0.013271031340389428,-0.11342922479006756,0.010964185151791428,0.03445273266903359,0.010175021669371676,,,,-0.14673968774746193,,,0.12,3.623,-0.7375446315505179,0.23229690145092113,-0.15956703910614523,False,2000-01-01,yahoo,4,False
2455.TW,"Visual Photonics Epitaxy Co., Ltd.",900,2455,6441573,0.013896,[],Taiwan,Technology,Semiconductor Equipment & Materials,Taiwan,TWD,558.0,103177502720.0,3231972752.01355,184905918.0,137.77777,59.012024,27.937717,27.22158,93.324,0.004699999999999999,0.20095,0.23386,0.17695,1.846,3.0674150837979512,0.5851077731875325,0.3488837464701855,0.3290516894458255,0.1796161139162904,0.09090096157415006,,,,0.001962875395804975,,,0.352,4.617,-0.8443935819838577,0.5497815672753203,-0.08972267536704726,False,2002-01-01,yahoo,4,False
MP1.AX,Megaport Limited,901,MP1,BZ5ZWZ3,0.012345,[],Australia,Technology,Software - Infrastructure,ASX,AUD,18.78,4560950784.0,3181467018.7318726,242862110.0,,20.735115,4.0222745,16.391151,1038.321,0.0,-0.12493,-0.0661,0.10625,1.233,0.2802894625572381,0.3035721258675146,0.03303663123102374,0.23276859106426673,,0.2681266124154795,,,,,,,0.474,,-0.8069353394517454,0.7232091646429175,-0.19051724137931025,False,2016-01-01,yahoo,4,False
FTK.DE,flatexDEGIRO SE,902,FTK,BYVQYG8,0.014612,[],Germany,Financial Services,Capital Markets,XETRA,EUR,26.14,2796935680.0,3132768694.2074585,106998305.0,13.978609,10.873001,2.8696892,4.443399,,0.0118,0.31379998,0.21677,0.16489,1.051,-0.21300387196045445,0.39604819186000384,0.05746395320897002,0.2089109038819661,,0.16384035398301244,,,,0.14781517769677,,,0.282,0.559,-0.7770572648003433,0.4671016702114573,-0.3954671600370028,False,2010-08-01,yahoo,4,False
4200.SR,Aldrees Petroleum and Transport Services Company,903,4200,B128FF8,0.041378,[],Saudi Arabia,Consumer Cyclical,Specialty Retail,Saudi,SAR,117.3,11729999872.0,3123585267.55249,100000000.0,25.723684,26.478558,6.8564415,0.42790067,19.215,0.017,0.01643,0.28212,2.78608,0.133,-0.21067440506437662,0.11726999790915826,0.1781019615711137,0.2833842050338349,,0.27749648404859495,,,,0.2037871023606419,,,0.18,0.282,-0.6826291826705122,0.34007251848688314,-0.23880597014925375,False,2010-03-01,yahoo,4,False
SZG.DE,Salzgitter AG,904,SZG,5465358,0.035102,[],Germany,Basic Materials,Steel,XETRA,EUR,50.35,2768637440.0,3101072634.477844,54987837.0,49.851482,6.7475023,0.61025864,0.28791165,55.9,0.0044,0.0064,0.01408,0.5139900000000001,2.203,0.6449419453500445,0.26468701375490045,0.09499590021814841,0.05733897363575391,-0.017916013382349938,-0.1056096628941714,,,,,,,-0.04,,-0.9178159864297768,0.5435083858675128,-0.2551775147928993,False,1998-11-01,yahoo,4,False
DYN,"Dyne Therapeutics, Inc.",905,DYN,BN15WD1,0.009592,[],United States,Healthcare,Biotechnology,NasdaqGS,USD,16.37,3057039360.0,3057039360.0,186746431.0,,-4.9071484,3.8626714,,-4.137,0.0,0.0,-0.81565005,0.33234,1.12,-0.3201530345168494,0.29616768239871805,0.011386496420831227,,,,,,,,,,,,-0.7934475932686857,0.811414220011182,-0.40047610327778793,False,2020-09-01,sec,7,False
TKO.TO,Trekor Metals Limited,906,TKO,BRSCTT8,0.010491,[],Canada,Basic Materials,Copper,Toronto,CAD,11.8,4319075328.0,3024625961.270691,366023318.0,393.33334,10.523969,5.042735,4.520875,18.553,0.0,0.01591,0.022149999,0.89384,2.09,0.917389597672122,1.0180877519811875,0.3606559570069279,0.35351120373484646,0.07434713108960245,0.18635601902333798,0.13084902651278507,,,,,,1.848,-0.133,-0.974038459554579,0.49334220542945334,-0.13235294117647056,False,1996-05-01,sec,10,False
8252.T,"Marui Group Co., Ltd.",907,8252,6569527,0.042095,[],Japan,Financial Services,Credit Services,Tokyo,JPY,2751.0,478786027520.0,3024338345.115967,174040715.0,16.707153,17.40148,2.0845504,1.6871735,17.969,0.048799999999999996,0.10498,0.12443,3.4071800000000003,0.162,-0.0234348726585627,0.09743543313522895,0.08300367063156311,0.09676255818740076,0.056011907039353215,0.08317660454836417,,,,0.0986568977760045,,,0.074,0.144,-0.8090248401370661,0.1401370970590395,-0.158458244111349,False,2000-01-01,yahoo,4,False
RCUS,"Arcus Biosciences, Inc.",908,RCUS,BDZT9Y9,0.010417,[],United States,Healthcare,Biotechnology,NYSE,USD,23.83,2997174272.0,2997174272.0,125773162.0,,-7.2970347,6.5216203,26.070692,-5.52,0.0,0.0,-0.90819,0.51293,0.938,0.2149185067887749,0.15095779420688848,-0.06454690178807287,,,-0.04593759861860047,-0.15805471837460527,,,,,,-0.744,,-0.8207762547632549,0.600885181297405,-0.24909406018591462,False,2018-03-01,sec,9,False
LBTYK,Liberty Global Ltd.,909,LBTYK,BS71BR5,0.009962,[],Bermuda,Communication Services,Telecom Services,NasdaqGS,USD,8.75,2984516096.0,2984516096.0,151396673.0,,-2.6197605,0.32353485,0.6249454,8.8,0.0,-0.62136,-0.26463,0.98619,0.796,-0.1947471335586487,0.00375095123184388,-0.09872826923868627,-0.05987824443762613,0.02589292833881829,0.06686665466491726,-0.15826484648199746,-0.11768460826414162,,,,,-0.077,,-0.7015562684776893,0.32970234842182083,-0.33307926829268286,False,2005-09-01,sec,15,False
9831.T,"Yamada Holdings Co., Ltd.",910,9831,6985026,0.00993,[],Japan,Consumer Cyclical,Specialty Retail,Tokyo,JPY,707.9,470736109568.0,2973489585.6745605,664975433.0,29.594482,15.379102,0.74145454,0.26685467,14.932,0.0245,0.0091699995,0.02606,0.44656,0.121,0.5505740667925072,0.16825462766666277,0.1346010460854563,0.054114214607736244,-0.005950666607679511,0.01864772625283284,,,,-0.22562088391463864,,,0.113,0.168,-0.8057605232290805,0.1852751229205641,-0.07777488275143307,False,2001-01-01,yahoo,4,False
GODFRYPHLP.NS,Godfrey Phillips India Limited,911,GP,BSBML96,0.016895,[],India,Consumer Defensive,Tobacco,NSE,INR,1813.2,282826113024.0,2924174025.8554688,155981760.0,20.679745,16.174843,4.5524273,4.8501635,20.187,0.0282,0.22389999,,0.03757,0.389,-0.3827620147340638,0.3700984233252369,0.3628202153197153,0.16184428782600357,0.1964189091731532,0.21630355819032565,,,,0.3025955245946741,,,-0.189,-0.443,-0.6015479512761557,0.4320846862859296,-0.4771173976987628,False,1999-01-01,yahoo,4,False
LEU,Centrus Energy Corp.,912,LEU,BQXKDH6,0.009154,[],United States,Energy,Uranium,NYSE,USD,142.09,2906182144.0,2906182144.0,19733908.0,66.397194,37.794617,3.353552,6.2841835,235.579,0.0,0.102340005,0.08053,1.3928299999999998,1.536,-0.6099504431958676,0.3927955824333491,0.20409941355586514,0.43482608025354663,-0.1419702523654709,0.15159938964237685,0.12663054254135853,0.007064307927645119,,0.14471424255333187,0.0747294275164867,,0.14,-0.516,-0.9997919999905037,0.7698125267734881,-0.6939364566505115,False,1998-07-01,sec,18,False
9364.T,"Kamigumi Co., Ltd.",913,9364,6482668,0.062706,[],Japan,Industrials,Integrated Freight & Logistics,Tokyo,JPY,4717.0,459790483456.0,2904349563.0776367,97475189.0,15.624379,18.609697,1.1954817,1.5436254,9.303,0.0449,0.0,0.07864,0.15449,,0.0503538864582882,0.1967985287412255,0.19603459170350312,0.13116115902566583,0.06653417062034883,0.024467673293181003,,,,0.08286978706401782,,,0.031,-0.085,-0.40913376201997176,0.1581274598158484,-0.18924028875902377,False,2001-01-01,yahoo,4,False
AGYS,"Agilysys, Inc.",914,AGYS,2689162,0.011578,[],United States,Technology,Software - Application,NasdaqGS,USD,102.59,2893631744.0,2893631744.0,28205788.0,67.493416,32.046856,8.527847,8.457963,54.853,0.0,0.12986,0.13802,0.054509999999999996,0.364,-0.21063311271033736,0.04906209287300345,0.1572827875030487,0.2622534486407131,0.10155376601258537,0.17256204938852004,0.1840973823308345,0.3272920266890138,,0.4491689507160246,,,0.143,0.882,-0.8378456300646501,0.45642394982113627,-0.2937005163511187,False,1985-01-01,sec,17,False
ELG.DE,Elmos Semiconductor SE,915,ELG,5695423,0.024596,[],Germany,Technology,Semiconductors,XETRA,EUR,149.6,2566575360.0,2874748603.132782,17156253.0,26.571936,17.90941,4.722521,4.418482,16.239,0.0097,0.16374001,0.17993,0.18561,1.708,0.903883250728702,0.37246566200500664,0.3237930129962303,0.29272907403874604,0.17801486158259894,0.09215002290652641,,,,0.12307921496982344,,,0.112,-0.236,-0.9703571450933767,0.49474797575481805,-0.27378640776699037,False,1999-10-01,yahoo,4,False
DNOW,DNOW Inc.,916,DNOW,BMH0MV1,0.009204,[],United States,Industrials,Industrial Distribution,NYSE,USD,15.65,2829299200.0,2829299200.0,180785891.0,,18.992718,1.352753,0.68342644,22.589,0.0,-0.046290003,-0.11599,0.30934,0.894,0.07284078952218787,0.12686406506017955,0.16914451048566437,-0.030793235655782514,,0.09702355648963557,0.1173788634704418,-0.006499108224870209,,,,,1.081,,-0.8876001028841051,0.3949509040456606,-0.0932792584009271,False,2014-05-01,sec,14,False
WTTR,"Select Water Solutions, Inc.",917,WTTR,BDHSLL5,0.028753,[],United States,Energy,Oil & Gas Equipment & Services,NYSE,USD,19.6,2797581824.0,2797581824.0,128942892.0,70.0,34.917694,2.40875,2.003547,11.528,0.0143,0.022349998,0.03128,0.25666,1.0,0.7587079276160067,0.424172436691975,0.2967539941842141,,,0.004764089947685735,0.1838969586096295,0.10143236733883287,,-0.2685448791685129,,,0.087,0.62,-0.8344297910962919,0.39322985598498494,-0.13082039911308196,False,2017-06-01,sec,11,False
ATRO,Astronics Corporation,918,ATRO,2060518,0.026537,[],United States,Industrials,Aerospace & Defense,NasdaqGS,USD,64.45,2771933952.0,2771933952.0,36107984.0,35.21858,21.223906,13.983509,3.1231096,22.091,0.0,0.083979994,0.33682,1.78068,1.252,0.7086605386290583,0.7627530238201734,0.45465953579450313,0.10370365398223447,0.16395062978867792,0.17246892567552852,0.11396642114129851,0.022183954084735946,,,,-0.07916142921988933,0.27,24.0,-0.8856705951999126,0.4997590111549856,-0.31770061401651484,False,1980-03-01,sec,17,False
2083.SR,Power and Water Utility Company for Jubail and Yanbu,919,2083,BQGHZW3,0.015062,[],Saudi Arabia,Utilities,Utilities - Diversified,Saudi,SAR,41.54,10385000448.0,2765424957.960205,250000000.0,34.330578,12.5498495,1.9797922,1.4312426,11.544,0.0433,0.04113,0.056799997,2.45934,0.557,0.05573075083440826,-0.058346152988347555,,,,0.02208222701574214,,,,-0.18999103739945333,,,0.222,,-0.5816609222936109,0.2949179024447355,-0.10047639670853181,False,2022-11-01,yahoo,4,False
TMDX,"TransMedics Group, Inc.",920,TMDX,BK6TM04,0.014065,[],United States,Healthcare,Medical Devices,NasdaqGM,USD,79.0,2739336448.0,2739336448.0,34675145.0,20.466322,35.04647,5.280749,4.244966,27.491,0.0,0.22694,0.36285,1.67496,1.926,-0.37423152456880904,0.2999034593390415,0.24591977252746844,,,0.8642160299474555,0.882095916025982,,,,,,0.207,-0.558,-0.6290015507564023,0.7888210924761271,-0.4935897435897436,False,2019-05-01,sec,8,False
GRBK,"Green Brick Partners, Inc.",921,GRBK,BS7T2R6,0.010254,[],United States,Consumer Cyclical,Residential Construction,NYSE,USD,63.64,2737200640.0,2737200640.0,43010696.0,9.584337,10.615513,1.4198067,1.4492376,8.388,0.0,0.14794,0.16383,0.14244,1.758,0.024963321100038627,0.19684092087942817,0.20565849668762826,0.24117799887551294,,0.050881435005622144,0.1588679328210758,0.21493195617972494,,0.024012944618163834,0.22242888867784516,0.2836735251144886,-0.087,-0.081,-0.9919718301512073,0.4386177013374185,-0.23491223851887477,False,2007-06-01,sec,16,False
CDSL.NS,Central Depository Services (India) Limited,922,CDSL,BF47216,0.017334,[],India,Financial Services,Capital Markets,NSE,INR,1260.0,263339999232.0,2722704694.7311707,209000000.0,55.87583,41.858627,13.437277,20.617409,37.934,0.0101,0.36798,,0.0011,0.427,-0.18948754546351299,0.21593763746670303,0.14692897910723013,,,0.2729301789089471,,,,0.18238548116582542,,,0.154,0.147,-0.630242445801742,0.358724975082189,-0.2471769134253451,False,2017-06-01,yahoo,4,False
DX,"Dynex Capital, Inc.",923,DX,BJN4K01,0.025113,[],United States,Real Estate,REIT - Mortgage,NYSE,USD,10.7,2655385856.0,2655385856.0,248166917.0,3.702422,6.947871,0.8282375,5.3349757,,0.1907,0.86838996,0.18231001,7.134919999999999,0.965,-0.06958166505863428,0.17639537531261285,0.03237673920630657,0.055468230824814224,0.07938230418506098,,,,,0.3161834181632337,0.1405736310055392,0.45292539319509073,,,-0.9870166477231576,0.24488723745528823,-0.2833221701272606,False,1988-02-01,sec,17,False
EFR.TO,Energy Fuels Inc.,924,EFR,BFV4XV7,0.00959,[],United States,Energy,Uranium,Toronto,CAD,14.12,3738602752.0,2618124039.020523,264773572.0,,20.856722,3.1215396,37.904198,-52.156,0.0,-0.77295995,-0.11447,0.8513299999999999,1.869,-0.47175855415921797,0.1112640099113611,0.0929448556652408,0.228778319232543,-0.09290756687232071,0.7399355982144395,1.0887630186329518,0.007211957199294794,,,,,4.961,,-0.9927472528520521,0.670632863204076,-0.6320041699244201,False,1996-07-01,sec,12,False
KC,Kingsoft Cloud Holdings Limited,925,KC,BM8R675,0.009163,[],China,Technology,Software - Application,NasdaqGS,USD,8.74,2616490752.0,2616490752.0,299369665.0,,-360.1397,1.981756,0.24432825,3.077,0.0,-0.054629996,-0.07614,1.23926,1.96,-0.2731746564948967,0.2437732591257673,-0.1679757888436868,,,0.04844676464898656,0.06279986306011032,,,,,,0.308,,-0.9662024461033107,0.9537424053199368,-0.5280777537796977,False,2020-05-01,sec,6,False
TDPOWERSYS.NS,TD Power Systems Limited,926,TDPS,BQZCVG5,0.013875,[],India,Industrials,Specialty Industrial Machinery,NSE,INR,793.75,249004818432.0,2574491494.3901367,313706860.0,90.19886,53.361343,23.1387,12.125118,66.636,0.0013,0.12945,,0.016890000000000002,0.597,1.124996637489026,0.8976734631701577,0.9027600519157357,0.466251436401113,,0.29219678417473527,,,,0.3510954910891546,,,0.721,0.72,-0.7976881347838926,0.4080160700004532,-0.0728302768368182,False,2011-09-01,yahoo,4,False
AMC,"AMC Entertainment Holdings, Inc.",927,AMC,BN4G703,0.01286,[],United States,Communication Services,Entertainment,NYSE,USD,2.88,2570701312.0,2570701312.0,892604638.0,,-36.000004,-1.7701292,0.49915275,16.404,0.0,-0.10593,,,2.172,0.13133107934388089,-0.3501648226138363,-0.6166578814613813,-0.3573496794600456,,0.07424580252185842,0.3130351640935307,0.051060663976894904,,,,,0.142,,-0.9982709949890975,1.0151628780941209,-0.15294117647058825,False,2013-12-01,sec,13,False
4979.TWO,LuxNet Corporation,928,4979,B5L5H29,0.020902,[],Taiwan,Technology,Semiconductors,Taipei Exchange,TWD,565.0,80432840704.0,2519509996.5526123,142359000.0,93.543045,39.985844,18.066126,17.156637,85.155,0.0038,0.18461001,0.22026,0.09583,2.282,1.8549461822354667,0.5753130753944404,1.0260158931869783,0.34944287154478415,,0.49263293408608155,,,,0.41317947663286114,,,0.185,0.937,-0.8653921643518041,0.7132995103295939,-0.25853018372703407,False,2011-12-01,yahoo,4,False
161890.KS,"Kolmar Korea Co., Ltd.",929,A161890,B8K27N3,0.014525,[],South Korea,Consumer Defensive,Household & Personal Products,KSE,KRW,137100.0,3236256022528.0,2413387549.07135,23605077.0,25.8737866150413,,,1.1738855,12.666,0.0063,0.06315,0.14056,0.73425,0.762,0.9125072296365027,0.41111581950536147,0.2808662307796057,0.06850982632577574,,0.13423213686947477,,,,,,,0.178,0.798,-0.6575618783857464,0.4617333883149505,-0.17359855334538876,True,2012-10-01,yahoo,4,False
DOC.VI,DO & CO Aktiengesellschaft,930,DOC,5492345,0.042695,[],Austria,Industrials,Airports & Air Services,Vienna,EUR,196.0,2152757760.0,2411243191.956482,10983458.0,19.541376,15.0991535,4.1720767,0.8585716,8.165,0.013000000000000001,0.0442,0.25817,0.40265,0.85,-0.04821366777470115,0.2168908797471929,0.20733698010990653,0.11487168826484218,0.15089213293002834,0.20145840226673384,,,,0.4649928521985036,,,0.05,0.163,-0.6897080333253641,0.37425367629057743,-0.14967462039045554,False,2000-01-01,yahoo,4,False
3994.T,"Money Forward, Inc.",931,3994,BD5ZWW6,0.011167,[],Japan,Technology,Software - Application,Tokyo,JPY,6827.0,378659831808.0,2391873161.0108643,55465041.0,86.93493,958.8483,8.496799,6.271749,66.677,0.0,0.0773,0.08583,0.82127,1.204,0.410109435225644,0.18917744183034224,-0.03850542020834091,,,0.3284355046238241,,,,,,,0.242,,-0.652370203160271,0.5014995122354451,-0.03163120567375888,False,2017-09-01,yahoo,4,False
ZEAL.CO,Zealand Pharma A/S,932,ZEAL,B0SDJB4,0.010426,[],Denmark,Healthcare,Biotechnology,Copenhagen,DKK,239.8,15906093056.0,2383017440.8728943,66330663.0,6.206004,32.168316,0.923768,3.5137458,1.454,0.0,0.59024,0.16311,0.02283,0.61,-0.520530009985778,-0.05651517603081102,0.03604916483601395,0.1009530128264069,,3.458320538426354,,,,,,,-0.506,-0.476,-0.7355914044123824,0.5208503800104968,-0.568705035971223,False,2010-11-01,yahoo,4,False
3450.TW,Elite Advanced Laser Corporation,933,3450,B07NLN1,0.01855,[],Taiwan,Technology,Semiconductor Equipment & Materials,Taiwan,TWD,522.0,76045475840.0,2382078450.723572,145681000.0,106.31365,1.3699775,13.616445,8.555998,34.861,0.0019,0.07937,0.15415,0.19396999999999998,1.617,0.9573712106339962,1.1023078089460059,0.5913327308334602,0.22697907658933314,0.2326023661060843,0.08206529103845894,,,,0.5611126172787371,,,0.61,2.945,-0.8450071272725348,0.5965125849641651,-0.2006125574272588,False,2006-04-01,yahoo,4,False
ORVR3.SA,Orizon Valorização de Resíduos S.A.,934,ORVR3,BKPSYD9,0.010916,[],Brazil,Industrials,Waste Management,São Paulo,BRL,21.62,11875787776.0,2380060528.245102,549296404.0,144.13333,19.244806,0.82787675,7.587639,13.481,0.0,0.03352,0.023599999,0.73932,,0.48543656727109297,0.3366599770485972,0.2711789263712996,,,0.18813757950144416,,,,,,,1.358,,-0.24769023337233165,0.3126948523981687,-0.0032272936837252075,False,2021-02-01,yahoo,4,False
AMBER.NS,Amber Enterprises India Limited,935,AMBER,BDDX4S2,0.025554,[],India,Consumer Cyclical,"Furnishings, Fixtures & Appliances",NSE,INR,6445.0,227300769792.0,2350090661.629669,35267767.0,237.64749,34.25149,5.188058,1.9188355,26.825,0.0,0.0076099997,,0.46566,0.242,-0.1383943269596285,0.331317585496518,0.1594145548341177,,,0.20656416089304175,,,,0.04159418100952861,,,0.127,-0.793,-0.5081542982985576,0.4526404908158094,-0.2818141297080454,False,2018-01-01,yahoo,4,False
LIND,"Lindblad Expeditions Holdings, Inc.",936,LIND,BYMBW46,0.013699,[],United States,Consumer Cyclical,Travel Services,NasdaqCM,USD,35.54,2332123648.0,2332123648.0,65619689.0,,62.919365,-11.8902645,2.8037639,20.588,0.0,-0.02079,,,2.244,1.9607393948489458,0.7898658326660091,0.19005511965410982,0.15857151755279109,,0.22298885812247704,0.564134038119134,0.13890547516141583,,,,,0.186,,-0.7785448702501524,0.6245252671659894,-0.02255225522552251,False,2013-07-01,sec,13,False
7030.SR,Mobile Telecommunications Company Saudi Arabia,937,7030,B2QG180,0.009738,[],Saudi Arabia,Communication Services,Telecom Services,Saudi,SAR,9.72,8735647744.0,2326218319.9865723,898729175.0,11.045455,16.199999,0.8069739,0.8086994,5.632,0.051399999999999994,0.07198,0.07384,0.96143,0.051,-0.10023243509469637,-0.06632214643828493,-0.030314946827737832,-0.004251895412236584,,0.06567681978227013,,,,0.03165281931837782,,,-0.001,0.6,-0.7628773758027386,0.25280858682022467,-0.196694214876033,False,2010-03-01,yahoo,4,False
SWON.OL,SoftwareOne Holding AG,938,SWON,BTCJCZ6,0.016022,[],Switzerland,Technology,Software - Application,Oslo,NOK,102.8,22079209472.0,2304137098.645508,214778292.0,46.098656,,1.9310855,13.390406,105.713,0.0177,0.02863,0.06102,0.87217,1.211,-0.03905729280744885,,,,,0.08412348081149346,,,,,,,0.682,3.167,-0.29175293645768896,0.36356753731674846,-0.12121730210292359,False,2025-07-01,yahoo,4,False
GRANULES.NS,Granules India Limited,939,GRAN,BWCGVX9,0.009864,[],India,Healthcare,Drug Manufacturers - Specialty & Generic,NSE,INR,815.25,222383767552.0,2299253169.7108765,272779827.0,30.284176,20.812363,3.9727986,4.093894,16.803,0.0021,0.1176,,0.29735,0.12,0.49804680107016575,0.3774373704975573,0.2263366414191912,0.22061991003197812,0.2674063852059563,0.058923873293286855,,,,0.04823857567129841,,,0.22,0.534,-0.7481628006556621,0.31558450254605164,-0.117360472040275,False,2005-06-01,yahoo,4,False
SVM.TO,Silvercorp Metals Inc.,940,SVM,2784261,0.010938,[],Canada,Basic Materials,Silver,Toronto,CAD,14.64,3238460416.0,2267876965.534851,221206309.0,97.6,7.032314,2.3567414,6.3084955,10.449,0.0024,0.06318,0.0809,0.10010999999999999,2.036,0.5564376070613466,0.6710818373680096,0.22756455992223779,0.1573947970331644,0.06430959179335272,0.14167304508368805,0.09231299481088229,,,0.22088843880677644,0.11747448208969691,,0.705,2.0,-0.9933334272109929,0.49585569561928666,-0.3225358630263766,False,1996-08-01,sec,9,False
PLX.PA,Pluxee N.V.,941,PLX,BPK85C5,0.010206,[],France,Industrials,Specialty Business Services,Paris,EUR,14.54,1997738496.0,2237610490.736023,137396054.0,10.312057,9.517824,5.2040086,1.5305941,1.898,0.0262,0.15685001,0.50667,2.6387799999999997,0.77,-0.1053663621816614,,,,,0.1519195573172929,,,,0.042251013132512005,,,0.032,0.11,-0.6185401150706944,0.35804654443297723,-0.18906860011154492,False,2024-02-01,yahoo,4,False
4919.TW,Nuvoton Technology Corporation,942,4919,B3M1XS0,0.015009,[],Taiwan,Technology,Semiconductors,Taiwan,TWD,155.5,70347890688.0,2203605048.3045044,452398000.0,,37.46988,4.2067957,2.3860226,-173.311,0.0,-0.04792,-0.09415,0.26866,1.26,1.590973588608814,0.09047104144375928,0.0715190305479223,0.2008851576101005,,-0.10032031600916391,,,,,,,0.016,,-0.6973330495927266,0.5217796763116469,-0.3239130434782609,False,2010-09-01,yahoo,4,False
AUPH,Aurinia Pharmaceuticals Inc.,943,AUPH,BFWLC09,0.009289,[],Canada,Healthcare,Biotechnology,NasdaqGM,USD,16.22,2158089728.0,2158089728.0,133051168.0,7.1140347,15.2062025,3.5062687,6.765596,9.502,0.0,1.0083699,0.66117996,0.10430999999999999,1.611,0.1960463119895628,0.28974232259867616,-0.1379465748496782,0.17921662665833726,,0.2829890144276561,0.4137591209244662,,,,,,0.189,0.755,-0.8694074990163432,0.6551819533630047,-0.15740259740259743,False,2014-09-01,sec,8,False
TBBK,"The Bancorp, Inc.",944,TBBK,B05BRL7,0.027238,[],United States,Financial Services,Banks - Regional,NasdaqGS,USD,49.33,2012013312.0,2012013312.0,40786809.0,9.272556,6.16625,2.8703597,3.7059956,,0.0,0.43607,0.29629,,1.254,-0.2640370124630591,0.10512680801012975,0.09513657587963875,0.22686255504107233,0.03528644326399055,0.17879107679009,0.8183204698356625,,,0.20568785232428177,0.23297416465633702,0.32744793332666866,0.004,0.142,-0.9030405456563518,0.4343350358152436,-0.3958358848744642,False,2004-02-01,sec,7,False
3401.T,Teijin Limited,945,3401,6880507,0.018462,[],Japan,Industrials,Conglomerates,Tokyo,JPY,1640.5,316734406656.0,2000710037.9036865,193071865.0,,4.5641713,0.7623358,0.37605256,3.86,0.0305,-0.04948,-0.09887,0.7746299999999999,0.319,0.25814427887192526,0.10103032277434854,0.0467552419149142,0.009691546015114127,-0.010549370766470667,-0.05009486559030574,,,,,,,-0.087,,-0.774787229107185,0.2191048966230224,-0.1010958904109589,False,2000-01-01,yahoo,4,False
4902.T,"Konica Minolta, Inc.",946,4902,6496700,0.009251,[],Japan,Industrials,Business Equipment & Supplies,Tokyo,JPY,639.2,315882209280.0,1995326979.3896484,494183693.0,9.6863165,13.272426,0.5741861,0.29026863,5.309,0.027999999999999997,0.02809,0.065349996,0.7046899999999999,0.478,0.23770672138128046,0.168339579568908,0.04609276614060587,-0.009260246954353124,-0.019663206811553313,-0.012740999990392132,,,,,,,0.029,0.067,-0.8239695616637076,0.39259929387000164,-0.13140372333197436,False,2000-01-01,yahoo,4,False
SDGR,"Schrödinger, Inc.",947,SDGR,BKV28S8,0.009976,[],United States,Healthcare,Health Information Services,NasdaqGS,USD,26.39,1974120576.0,1974120576.0,65641435.0,,-19.548147,5.8462563,8.018138,-12.577,0.0,-0.20976,-0.16174999,0.32832,1.623,0.336767429757985,0.09020951645805364,-0.12423321437836687,,,0.1224035407166435,0.18807104926417306,,,,,,0.075,,-0.8891491092451389,0.6552374757870841,-0.21876850207223208,False,2020-02-01,sec,7,False
VBK.DE,Verbio SE,948,VBK,B1FQQK1,0.009196,[],Germany,Basic Materials,Specialty Chemicals,XETRA,EUR,26.46,1693664384.0,1897025662.2738495,64008484.0,26.727272,11.100948,2.0738301,0.83263516,10.21,0.0,0.03413,0.08180001,0.27102,0.061,0.6520629913670593,-0.064473120598589,-0.1745869170024309,0.1558820418574911,0.03236350959446588,-0.0447593384063959,,,,,,,0.227,,-0.946451606954648,0.5925177778447946,-0.44011849344054166,False,2006-10-01,yahoo,4,False
C5H.IR,Cairn Homes plc,949,C5H,BF2NP06,0.041196,[],Ireland,Consumer Cyclical,Residential Construction,Irish,EUR,2.635,1628382464.0,1823905226.6713562,617981936.0,10.54,10.0,1.9205539,1.4633099,9.168,0.0395,0.14286,0.19629,0.28914,0.721,0.4489674237727237,0.39753141948941284,0.24827884757208563,,,0.15231559897778224,,,,0.17875819253984093,,,0.601,0.828,-0.6460199750650939,0.2578234904983379,-0.0866551126516465,False,2017-07-01,yahoo,4,False
MGROS.IS,Migros Ticaret A.S.,950,MGROS,B50PPK4,0.010072,[],Turkey,Consumer Defensive,Grocery Stores,Istanbul,TRY,500.5,89135104000.0,1813790442.8138733,178092117.0,14.958159,6.1584845,0.9752648,0.209108,6.485,0.0163,0.014989999,0.07355,0.4155,-0.119,0.11203073443280309,0.15645980170864093,0.7203857737019024,0.4042798019938123,0.28087786753969857,0.4322748935961791,,,,-0.10890319400468462,,,0.027,-0.559,-0.6340058288112898,0.4139341245840985,-0.31155433287482803,False,2004-05-01,yahoo,4,False
RGN.AX,Region Group,951,RGN,BPBMY63,0.096942,[],Australia,Real Estate,REIT - Retail,ASX,AUD,2.21,2539704832.0,1771557629.7527466,1149187736.0,9.608696,13.1485,0.8612627,6.3174477,,0.0641,0.68728995,0.092489995,0.56546,0.606,-0.04852460790323054,0.10181809026806832,0.01134019927599561,0.058245601687639814,,0.022229462182910442,,,,,,,0.023,-0.315,-0.3007125407186856,0.19778730008888654,-0.11422845691382766,False,2012-12-01,yahoo,4,False
4443.T,"Sansan, Inc.",952,4443,BJYJG18,0.017614,[],Japan,Technology,Software - Application,Tokyo,JPY,2219.0,278099132416.0,1756663356.0,125326338.0,41.85213,62.70133,13.3222065,5.0413437,24.738,0.0023,0.12607999,0.36492002,0.12967,1.496,0.17259147549695575,0.21585571144198168,-0.0825150676181633,,,0.28209131993420855,,,,,,,0.201,,-0.7201520852306859,0.5990368734273961,-0.057749469214437354,False,2019-06-01,yahoo,4,False
NAZARA.NS,Nazara Technologies Limited,953,NAZARA,BSSB765,0.011255,[],India,Communication Services,Electronic Gaming & Multimedia,NSE,INR,377.65,145280450560.0,1502072476.4409637,384696024.0,151.57063177882108,58.55039,4.7684283,8.276902,44.038,0.0,-0.01286,,0.06051,0.23,0.4166924924686408,0.23175702341284588,0.026841221176806984,,,0.1879333681770119,,,,0.34504055386213417,,,-0.14,,-0.6105350528334617,0.3666549426751077,-0.06033839263498386,True,2021-03-01,yahoo,4,False
6451.TW,ShunSin Technology Holdings Limited,954,6451,BVG2HK5,0.010477,[],China,Technology,Semiconductors,Taiwan,TWD,420.5,47501783040.0,1487964569.8924255,112965000.0,356.35596,,5.5761833,6.5679145,50.494,0.0005,0.01681,0.022880001,0.94241,0.445,1.9758252901773043,0.5162813842652703,0.38147005918588794,0.16739068205430496,,0.1230202484114371,,,,-0.48855142985917865,,,0.127,,-0.6202538350315985,0.5801478150127072,-0.44378306878306883,False,2015-01-01,yahoo,4,False
ZENTEC.NS,Zen Technologies Limited,955,ZEN,BSRYWF9,0.015063,[],India,Industrials,Aerospace & Defense,NSE,INR,1528.8,137507373056.0,1421705670.5080566,89944636.0,76.28742,29.186712,7.650082,21.634974,63.303,0.0007000000000000001,0.26845,,0.0095,0.397,0.16504089832904656,0.3015636836637592,0.49853210469849385,0.3512710883654444,,0.46470860512515166,,,,0.6541920509655732,,,-0.105,-0.279,-0.8484822433885852,0.5821334766599738,-0.25194500171258016,False,2015-03-01,yahoo,4,False
4478.T,freee K.K.,956,4478,BKLFVR7,0.014247,[],Japan,Technology,Software - Application,Tokyo,JPY,3680.0,218157236224.0,1378029551.5186157,59281855.0,203.20264,133.62381,10.314537,4.90279,72.07,0.0,0.02538,0.052729998,0.67497,1.22,0.01740331925708416,0.12122107539146998,-0.15486412163480234,,,0.32260501471520087,,,,,,,0.231,1.084,-0.8175502742230347,0.5457296690293688,-0.19738276990185388,False,2019-12-01,yahoo,4,False
UMH,"UMH Properties, Inc.",957,UMH,2908191,0.056622,[],United States,Real Estate,REIT - Residential,NYSE,USD,15.1,1286009472.0,1286009472.0,85166195.0,125.833336,88.82353,2.3127587,4.8167973,19.764,0.0596,0.11559,0.03405,0.88788,0.95,0.12514229299649848,0.09546790307712305,-0.037512571216117174,0.07662831887220078,0.06248066328809854,0.11406843199579764,0.11574763946763156,,,,,,0.077,0.667,-0.5975566070575664,0.25611318844932046,-0.099582587954681,False,1985-02-01,sec,10,False
WABAG.NS,VA Tech Wabag Limited,958,VATW,B63WX27,0.012837,[],India,Industrials,Engineering & Construction,NSE,INR,1936.8,121078718464.0,1251847786.7220535,62514829.0,30.013948,21.301725,4.698508,3.049143,26.213,0.0026,0.09636,,0.08874,0.781,0.41691060555182524,0.6086400395777387,0.44478608414800624,0.15224569697416346,,0.09877139916547395,,,,2.054557372144803,,,0.208,0.368,-0.9065329956412871,0.3986532972771583,-0.16481241914618372,False,2010-10-01,yahoo,4,False
CCO,"Clear Channel Outdoor Holdings, Inc.",959,CCO,BJHVCH9,0.009349,[],United States,Communication Services,Advertising Agencies,NYSE,USD,2.43,1237098112.0,1237098112.0,509093845.0,,,-0.35714287,0.73526585,14.489,0.0,-0.06313,,,2.021,0.3262784509558452,0.29693969837138123,-0.03713807226143462,-0.06414108342302716,-0.048804332424872254,0.170783683784679,-0.020345741877185408,-0.017551228751759518,,,,,0.087,,-0.9171859855235293,0.633094833356242,-0.004098360655737654,False,2005-11-01,sec,17,False
2492.T,Infomart Corporation,960,2492,B18RC03,0.011175,[],Japan,Technology,Software - Application,Tokyo,JPY,730.0,194607857664.0,1229275652.0960083,266586105.0,77.991455,93.951096,6.473755,9.85312,33.73,0.0092,0.113249995,0.10783,0.02259,0.908,1.2707801961890355,0.2827644736018504,-0.07368931019132974,0.0958549016894934,0.146595212956379,0.1957955122119166,,,,0.886570264311723,,,0.083,-0.126,-0.7663952292858253,0.5169804794836574,-0.04947916666666663,False,2006-08-01,yahoo,4,False
TMV.DE,TeamViewer SE,961,TMV,BJ7WGS1,0.01161,[],Germany,Technology,Software - Application,XETRA,EUR,6.875,1079142400.0,1208716936.7126465,156966162.0,8.928572,6.281694,4.3457646,1.414837,7.056,0.0,0.17412001,0.76748,3.49376,1.017,0.05576920466500357,-0.22580555992228069,-0.12216524637163029,,,0.09687334527530189,,,,0.20489453901180288,,,-0.016,0.355,-0.9104115179371624,0.4569728516497473,-0.2174160500853728,False,2019-09-01,yahoo,4,False
LLC.AX,Lendlease Group,962,LLC,6512004,0.009843,[],Australia,Real Estate,Real Estate - Diversified,ASX,AUD,2.48,1714671360.0,1196059909.0306091,691399743.0,,10.012515,0.4317549,0.32857087,103.76,0.0625,-0.13796,-0.14989,0.9662099999999999,0.639,-0.5115430790797262,-0.2244566896372725,-0.22101128767445033,-0.12703885037778928,-0.051583302827327704,-0.19575810392307458,,,,,,,-0.196,,-0.8431755438515294,0.31686719867520385,-0.576068376068376,False,1988-02-01,yahoo,4,False
DEA,"Easterly Government Properties, Inc.",963,DEA,BTTRRD6,0.033258,[],United States,Real Estate,REIT - Office,NYSE,USD,23.22,1137914880.0,1137914880.0,47321617.0,122.210526,89.30769,0.83417153,3.1234498,13.409,0.0775,0.028110001,0.0077100005,1.25876,0.973,0.15937177432921001,0.03497249364609534,-0.08460411604325357,-0.009096742230058408,,0.0460860998015129,0.0652034847883114,,,-0.2642115655633055,0.010864827558568324,,0.092,-0.313,-0.5840220544555883,0.26603756028336323,-0.1055469953775039,False,2015-02-01,sec,10,False
FNAC.PA,Fnac Darty SA,964,FNAC,B7VQL46,0.019907,[],France,Consumer Cyclical,Specialty Retail,Paris,EUR,34.55,1014726592.0,1136566608.709938,29369800.0,,11.015568,0.7653626,0.09805425,10.768,0.028900000000000002,-0.01563,-0.050079998,1.90096,1.06,0.2540752227595826,0.18787238895929348,-0.062383488546799315,-0.03981912803205656,,0.09123726272238586,,,,,,,0.008,,-0.7650446969987237,0.2906778522112068,-0.03894297635605026,False,2013-06-01,yahoo,4,False
9960.T,Totech Corporation,965,9960,6900096,0.009157,[],Japan,Technology,Electronic Components,Tokyo,JPY,4125.0,169150611456.0,1068470362.3787842,41006207.0,13.141128,16.163794,2.2660527,0.9870266,9.045,0.04190000000000001,0.075729996,0.19061,0.10993,0.58,0.4045441695690952,0.4469203000659523,0.43225806515144183,0.3077214973737654,0.2219105005748292,0.10299381134586438,,,,0.35921268338841483,,,0.015,-0.096,-0.5684243060676927,0.3375962852678408,-0.10130718954248363,False,2000-01-01,yahoo,4,False
AJMANBANK.AE,Ajman Bank PJSC,966,AJMANBANK,B3B53V6,0.013928,[],United Arab Emirates,Financial Services,Banks - Regional,Dubai,AED,1.43,3884919552.0,1057811744.0033569,2716727000.0,7.9444437,,1.1394422,4.091849,,0.0642,0.51721,0.15102,,0.518,0.06570231611373067,-0.07471141600383013,0.2114328854883254,0.0388989538534017,,0.11468519288668344,,,,0.45580664950608374,,,0.106,0.047,-0.7871139019305331,0.3038591977327128,-0.13855421686746983,False,2010-02-01,yahoo,4,False
PARAS.NS,Paras Defence and Space Technologies Limited,967,PARAS,BRVVY97,0.021672,[],India,Industrials,Aerospace & Defense,NSE,INR,1267.9,102176677888.0,1056417260.533989,80587330.0,108.182594,76.37952,14.072143,20.857285,77.523,0.0008,0.18473,,0.037309999999999996,0.55,0.8160805356079346,0.23522056484739284,0.0679266089646342,,,0.29219525211367103,,,,0.34684336414187067,,,0.373,0.425,-0.6895364350823577,0.5633933900367597,-0.20006309148264978,False,2021-10-01,yahoo,4,False
AMANAT.AE,Amanat Holdings PJSC,968,AMANAT,BSZM277,0.018048,[],United Arab Emirates,Financial Services,Asset Management,Dubai,AED,1.545,3856486912.0,1050069915.6070557,2496107983.0,17.166666,25.75,1.3721136,3.6876903,15.378,0.0647,0.18486,0.09669,0.16991,0.211,0.44884386971279144,0.21189354440346597,0.11341934613121141,0.09058182508198209,,0.1790102317169575,,,,0.15719613292980328,,,0.247,0.178,-0.5541994568921567,0.19974251588358935,-0.015923566878981,False,2014-12-01,yahoo,4,False
RATEGAIN.NS,RateGain Travel Technologies Limited,969,RATEGAIN,BP6TX17,0.012785,[],India,Technology,Software - Application,NSE,INR,853.65,101093982208.0,1045223136.5137177,118425559.0,41.682133,23.185556,5.0259943,4.332863,24.238,0.0,0.103769995,,0.47296,0.82,0.3391630616671817,0.11038210000523141,,,,0.4777147249834761,,,,0.4164511089733538,,,1.876,1.015,-0.471748683214091,0.4516164513639622,-0.18700000000000006,False,2021-12-01,yahoo,4,False
5314.TWO,"Myson Century, Inc.",970,5314,6613327,0.010139,[],Taiwan,Technology,Semiconductors,Taipei Exchange,TWD,27.15,32673937408.0,1023491290.4437103,1203460000.0,24.45946,,18.270525,6.943014,38.759,0.0018,0.2833,0.61508,0.66449,-0.552,-0.06364493091587531,2.974117475187547,1.5774420898762327,0.6051212298228046,,4.443782709670571,,,,,,,1.537,-0.64,-0.7742515274239077,0.9787330805005447,-0.4198717948717948,False,2007-12-01,yahoo,4,False
NXRT,"NexPoint Residential Trust, Inc.",971,NXRT,BWC6PW6,0.026114,[],United States,Real Estate,REIT - Residential,NYSE,USD,19.66,1014530688.0,1014530688.0,25549813.0,,-8.895927,2.026595,3.7900696,16.52,0.10779999999999999,-0.13206,-0.11093,6.29179,1.208,-0.288529193960094,-0.034859989297880034,-0.18270488437215904,0.05012999076545377,,-0.016264754773641976,0.04175583070759248,0.07883199777430838,,,,,0.024,,-0.7254611961199771,0.32886959836355545,-0.392459826946848,False,2015-03-01,sec,13,False
KRDMD.IS,Kardemir Karabük Demir Çelik Sanayi Ve Ticaret A.S.,972,KRDMD,B03MV32,0.010036,[],Turkey,Basic Materials,Steel,Istanbul,TRY,43.46,49544400896.0,1008168014.7038803,780226002.0,10.757425,,0.5852646,0.75346994,6.48,0.0,0.071729995,0.05525,0.07132,0.42,0.5599202620068628,0.19824853245192275,0.4397923229688432,0.4498858712771814,0.3126571859942726,0.0719327457328498,,,,,,,0.077,,-0.8750054576456663,0.45586467867036606,-0.10280759702725017,False,2000-05-01,yahoo,4,False
HSTM,"HealthStream, Inc.",973,HSTM,2577870,0.0143,[],United States,Healthcare,Health Information Services,NasdaqGS,USD,32.47,993448512.0,993448512.0,30595887.0,45.09722,36.689266,2.6623483,3.0022495,19.196,0.0042,0.066020004,0.059959996,0.03766,0.422,0.28503137831871483,0.07850412418445774,0.037352101011510985,0.02138323701256617,0.1210572527298559,0.04450924001975687,0.04429089977947953,0.03820103198766711,,0.14902150233624778,0.05414650897816542,0.07842241080294832,0.125,0.284,-0.9111111295585179,0.2667983397480934,-0.0009230769230769154,False,2000-04-01,sec,17,False
NPKI,NPK International Inc.,974,NPKI,2636878,0.012817,[],United States,Industrials,Building Products & Equipment,NYSE,USD,11.48,974765568.0,974765568.0,84909894.0,24.95652,18.31905,2.6245997,3.3589742,12.359,0.0,0.14195,0.111770004,0.05168999999999999,1.465,-0.03294898396503754,0.19784759973512922,0.2846712338687778,0.06562933925180858,0.03585592956783423,0.12806781392112931,-0.10873644762972556,-0.08545619472650434,,,,,0.196,0.415,-0.9700779208889255,0.48936866637919685,-0.3042424242424242,False,1990-09-01,sec,17,False
ALKYLAMINE.NS,Alkyl Amines Chemicals Limited,975,AACL,BMGH718,0.015272,[],India,Basic Materials,Specialty Chemicals,NSE,INR,1807.6,92455526400.0,955909077.6838303,51148224.0,41.119198,39.182083,6.0290713,6.0520263,24.99,0.0055000000000000005,0.13579,,0.00078,0.62,0.03751654291626405,-0.031241419514932756,-0.11454094505628609,0.3119187946330235,,-0.030067822725869275,,,,-0.07665708644367242,,,0.302,0.914,-0.7145151194999823,0.33510212022423913,-0.14534278959810876,False,2007-11-01,yahoo,4,False
UTL,Unitil Corporation,976,UTL,2925037,0.024564,[],United States,Utilities,Utilities - Diversified,NYSE,USD,52.38,955236992.0,955236992.0,18236674.0,16.523659,14.923078,1.5402259,1.5485123,9.068,0.0363,0.094890006,0.096219994,1.4958799999999999,0.253,0.08930177035156683,0.07454656718813046,0.07617752867289451,0.05636350143493152,0.07997626888396447,-0.01636483168861469,0.05068640560514259,,,0.06422486439612562,0.09156332306289516,0.0661405940048363,0.14,0.053,-0.43910869560624977,0.2116041877189988,-0.08522528815927344,False,1985-03-01,sec,10,False
KFRC,Kforce Inc.,977,KFRC,2746982,0.009743,[],United States,Industrials,Staffing & Employment Services,NYSE,USD,52.35,937536128.0,937536128.0,17909000.0,24.693398,16.954697,7.10023,0.6764709,17.083,0.0304,0.02713,0.28273,0.98737,0.923,1.097475628148156,-0.026791664561022666,-0.019729497545214914,0.14106411588426426,0.08358037818022068,-0.08072460250553826,-0.01002857146406233,0.000738047187933466,,-0.22711700279590097,-0.09075661598292328,-0.020464027931687778,0.045,0.238,-0.9209876509778182,0.38078366421552756,-0.15126459143968873,False,1995-08-01,sec,17,False
2363.TW,Silicon Integrated Systems Corp.,978,2363,6039020,0.010124,[],Taiwan,Technology,Semiconductors,Taiwan,TWD,57.8,29488875520.0,923721156.7990875,510188161.0,109.05661,,0.60915846,7.887705,122.35,0.0105,0.069970004,0.00806,0.01274,0.563,0.10884136400000655,-0.0471832290152191,0.16830635724373488,0.25842037541649665,0.042254525456324465,1.4924340691673619,,,,0.17680478646849873,,,0.825,-0.975,-0.9655381386021628,0.5202510885915882,-0.24047306176084093,False,2000-01-01,yahoo,4,False
ACEL,"Accel Entertainment, Inc.",979,ACEL,BK7FYL6,0.011668,[],United States,Consumer Cyclical,Gambling,NYSE,USD,11.1,901247552.0,901247552.0,81193475.0,16.567163,10.277778,3.1759658,0.6372984,6.039,0.0,0.040749997,0.2047,1.99109,1.073,0.06874350922071959,0.034015941263434435,-0.022144264190863683,,,0.11129166175399807,0.3329040385672435,,,-0.11552931542413392,,,0.096,0.875,-0.4131097655160523,0.30675137631324456,-0.20714285714285718,False,2017-08-01,sec,9,False
AVON.L,Avon Technologies Plc,980,AVON,0066701,0.013022,[],United Kingdom,Industrials,Aerospace & Defense,LSE,GBp,2290.0,674442752.0,891400839.3729858,29451649.0,52.045452,20.80195,5.0343504,1.9920516,16.964,0.008199999999999999,0.05583,0.10526,0.48308999999999996,0.249,0.1489660601494569,0.3706553534637995,0.025052547865060504,0.08302845750922927,0.13621122629554216,0.060075747301057136,,,,,,,0.081,3.364,-0.9617353733069411,0.4727462324160605,-0.004347826086956497,False,1988-07-01,yahoo,4,False
4180.T,"Appier Group, Inc.",981,4180,BMH40Q4,0.016027,[],Japan,Technology,Software - Infrastructure,Tokyo,JPY,1368.0,139685085184.0,882346048.2984009,102108984.0,41.6185,29.559206,3.4967537,2.9200177,17.46,0.0017000000000000001,0.06856,0.09305,0.30890999999999996,1.007,0.03139019716959224,0.030209667451451816,0.02070297041420499,,,0.31064185951722934,,,,3.93201286054249,,,0.246,1.373,-0.5894030159163965,0.5260593667952067,-0.11741935483870969,False,2021-03-01,yahoo,4,False
BOOZT.ST,Boozt AB (publ),982,BOOZT,BZ30KS9,0.00923,[],Denmark,Consumer Cyclical,Apparel Retail,Stockholm,SEK,151.2,8815379456.0,882060177.9919128,58302778.0,32.798264,25.627117,3.4235253,0.9966461,16.816,0.0,0.035269998,0.11058,0.28469,1.72,0.42195898764945694,0.2323442700936389,0.0017906480382872125,,,0.07114449397151823,,,,0.17393536152383549,,,0.131,0.009,-0.7067478566859893,0.4940611218795613,-0.10691080921441243,False,2017-05-01,yahoo,4,False
4776.T,"Cybozu, Inc.",983,4776,6277927,0.010916,[],Japan,Technology,Software - Application,Tokyo,JPY,3095.0,139459084288.0,880918472.8544312,45059475.0,18.598642,49.599358,8.015082,3.3489168,9.171,0.0168,0.19067,0.4825,0.00165,0.583,-0.012115380008529963,0.18250297869622134,0.029668830191632578,0.22673079621672287,0.06760989130162787,0.1925927843524704,,,,3.75171319606308,,,0.153,0.135,-0.9267001315078248,0.4332858957974061,-0.09237536656891498,False,2001-01-01,yahoo,4,False
TAALEEM.AE,Taaleem Holdings PJSC,984,TAALEEM,BP6DQ54,0.015185,[],United Arab Emirates,Consumer Defensive,Education & Training Services,Dubai,AED,3.18,3179081216.0,865621385.5687256,999711045.0,15.900001,19.875,1.6640502,2.4204805,13.226,0.0472,0.14211,0.099759996,0.9510299999999999,0.321,-0.23201737330099814,-0.031492958084734846,,,,,,,,,,,0.189,0.209,-0.3513029937971919,0.28705936569997703,-0.31612903225806455,False,2022-12-01,yahoo,3,False
2081.SR,Alkhorayef Water and Power Technologies Company,985,2081,BN33QN1,0.009884,[],Saudi Arabia,Utilities,Utilities - Regulated Water,Saudi,SAR,87.7,3069499904.0,817378071.9107056,35000000.0,11.615893,,2.889621,1.4093648,11.415,0.02,0.11894,0.27988002,1.2102899999999999,0.303,-0.39823262279958305,-0.021379668953404152,0.021810862339838755,,,0.4437787396146411,,,,0.33519635532703274,,,-0.202,0.032,-0.527457832142525,0.31849174638349104,-0.4421119592875318,False,2021-04-01,yahoo,4,False
MAHLIFE.NS,Mahindra Lifespace Developers Limited,986,MAHLIFE,6238258,0.011994,[],India,Real Estate,Real Estate - Development,NSE,INR,349.1,74573709312.0,771026767.8265686,213617034.0,21.41718,19.803082,2.0535054,3.55579,405.143,0.0102,0.1576,0.12038,0.1826,0.154,-0.08135733493052444,-0.09934369202829385,0.056189743809836656,0.11008742696389118,0.02666320205167616,0.24777347879287293,,,,0.4325624025960666,,,29.095,0.365,-0.9026302484859671,0.3458652994675802,-0.1825313195176208,False,2002-07-01,yahoo,4,False
SGR-UN.TO,Slate Grocery REIT,987,SGR.UN,BMD6FC5,0.014445,[],Canada,Real Estate,REIT - Retail,Toronto,CAD,17.71,1049552768.0,734996338.0440292,59219000.0,18.071426,14.167999,1.1505548,4.512427,,0.0678,0.18372999,0.06824,1.54887,1.042,0.2957553566641473,0.321485908181947,0.1549935873141004,0.11717785633224165,,0.0633018160769534,,,,-0.30421762946417463,,,0.123,-0.001,-0.4759046595845541,0.222380893961789,-0.016111111111111076,False,2014-04-01,yahoo,4,False
1320.SR,Saudi Steel Pipes Company,988,1320,B3W1HL1,0.015938,[],Saudi Arabia,Basic Materials,Steel,Saudi,SAR,53.65,2711595008.0,722071467.2619629,50542311.0,17.943144,10.7300005,3.022876,2.099043,8.833,0.013999999999999999,0.11623,0.18846,0.05386,0.489,0.0798950722598657,0.22171806925651416,0.17002927567280834,0.1622973255022664,,0.2361658245411693,,,,0.523118357296934,,,-0.09,-0.579,-0.6395318212348929,0.4044518723406318,-0.10583333333333333,False,2010-03-01,yahoo,4,False
2836.TW,"Bank of Kaohsiung Co., Ltd.",989,2836,6116462,0.019344,[],Taiwan,Financial Services,Banks - Regional,Taiwan,TWD,12.05,22393264128.0,701455429.5498505,1858362168.0,16.73611,,0.8122683,4.640469,,0.0332,0.29799998,0.053390004,,0.206,0.03709538762892395,0.07524401710170459,0.07060202501604462,0.08699195779901525,0.03237526901107257,0.09009833337370976,,,,0.1099489960091089,,,0.071,0.173,-0.71632593843313,0.12611851130809598,-0.06844228010386755,False,2000-01-01,yahoo,4,False
HOV,"Hovnanian Enterprises, Inc.",990,HOV,BJ5KPZ7,0.011796,[],United States,Consumer Cyclical,Residential Construction,NYSE,USD,110.0,655587904.0,655587904.0,5122255.0,105.76923,8.573655,0.9333741,0.23010862,22.077,0.0,0.00641,0.02099,1.31141,1.822,-0.0779019782737379,0.16851953643371886,0.05643257034921434,0.11014870707469027,-0.09242830239005395,0.0063868585401645195,0.04909309873008594,0.03320811838525528,,-0.3595902697172073,0.020612379909555667,,-0.118,,-0.9966044142614601,0.6583916485960248,-0.25915948275862066,False,1985-01-01,sec,17,False
9914.TW,"Merida Industry Co., Ltd.",991,9914,6584445,0.00933,[],Taiwan,Consumer Cyclical,Leisure,Taiwan,TWD,67.8,20271116288.0,634980434.3831482,298984000.0,19.766764,11.082615,1.0391921,0.8291954,13.356,0.041299999999999996,0.04219,0.05051,0.29946,0.565,-0.30117539442834773,-0.23459347567968014,-0.22764969755016895,-0.04951525401380663,0.09087888333698002,-0.10243196457662007,,,,-0.29250094147648575,,,-0.009,-0.196,-0.8097022179035352,0.34498437863958314,-0.38363636363636366,False,2000-01-01,yahoo,4,False
GOOD,Gladstone Commercial Corporation,992,GOOD,2918479,0.028196,[],United States,Real Estate,REIT - Diversified,NasdaqGS,USD,12.71,620575168.0,620575168.0,48407501.0,50.84,84.73333,3.9095664,3.6691024,13.419,0.0944,0.14541,0.07337,2.62195,1.069,0.22721881745457684,0.11622558340352596,-0.02210749072067919,0.048831760275175995,0.061264098922057864,0.026912562533128126,0.039146354174035114,,,,0.15919294740924528,,0.113,2.36,-0.5985913755334125,0.25994083635057014,-0.04292168674698782,False,2003-08-01,sec,10,False
5009.TWO,Gloria Material Technology Corp.,993,5009,6131272,0.009106,[],Taiwan,Basic Materials,Steel,Taipei Exchange,TWD,33.65,18439028736.0,577591401.9752197,547965197.0,16.4951,11.97509,1.0825157,1.5956271,20.148,0.035699999999999996,0.109589994,0.073249996,0.76447,0.235,-0.0021705630295547618,-0.05043776673948153,0.14702210988702835,0.11023439047621486,,-0.02218502770145747,,,,-0.13730024510400352,,,0.05,0.322,-0.7806325043581241,0.2860050634140067,-0.1782661782661784,False,2007-12-01,yahoo,4,False
CRW.L,Craneware plc,994,CRW,B2425G6,0.00973,[],United Kingdom,Healthcare,Health Information Services,LSE,GBp,1102.2,377361824.0,498753445.95729446,34237148.0,26.242857,15.683008,1.582927,1.7861471,9.343,0.031,0.09581,0.06014,0.14602,-0.078,-0.5226035892601393,-0.1213691349961683,-0.13957592006628028,-0.013488332032423833,,,,,,,,,-0.051,-0.196,-0.6812708581042747,0.41984876083541856,-0.5501224489795918,False,2007-09-01,yahoo,3,False
BRSP,"BrightSpire Capital, Inc.",995,BRSP,BN7VBP8,0.018175,[],United States,Real Estate,REIT - Mortgage,NYSE,USD,3.9,493444288.0,493444288.0,126524180.0,,6.06664,0.5730238,1.4333376,17.842,0.1641,-0.08071,-0.0374,3.0123,1.384,-0.16919788588291007,-0.01401539123671336,-0.07137058694287135,,,-0.03213254010472555,0.025829005699028462,,,,,,-0.035,,-0.7877532780958747,0.3246441550210702,-0.36739659367396593,False,2018-02-01,sec,10,False
MTY.TO,MTY Food Group Inc.,996,MTY,2514275,0.009182,[],Canada,Consumer Cyclical,Restaurants,Toronto,CAD,30.25,690951168.0,483869504.9273071,22841361.0,6.148374,6.7296996,0.789941,0.6097199,7.662,0.0489,0.09784,0.1349,1.2364600000000001,1.012,-0.0405753208671874,-0.13166012122570103,-0.10268890192175595,-0.027725231239582593,,0.18429447050871284,,,,0.1672731380304071,,,-0.082,-0.731,-0.6901305716119313,0.26318815066086887,-0.340958605664488,False,2010-05-01,yahoo,4,False
3476.T,MIRAI Corporation,997,3476,BZ1B0D9,0.010343,[],Japan,Real Estate,REIT - Diversified,Tokyo,JPY,38250.0,72959582208.0,460862367.38827515,1907440.0,14.45458,19.706337,0.83002734,12.292739,42.652,0.0687,0.41222998,,1.0693899999999998,0.062,-0.1748674738703334,-0.007173380837000143,-0.011439673186738664,,,0.0958022399031857,,,,0.03370887727998184,,,0.013,0.0,-0.4585550283144699,0.10271021192293589,-0.26300578034682076,False,2016-12-01,yahoo,4,False
3459.T,Samty Residential Investment Corporation,998,3459,BYRVCJ6,0.013,[],Japan,Real Estate,REIT - Residential,Tokyo,JPY,79500.0,67791716352.0,428218610.1097412,852726.0,13184.079,,0.80193615,5.255369,17.782,0.0776,0.3957,0.06111,1.08417,0.158,-0.24256767613671049,-0.05314579402447839,-0.02603668344189114,0.05569675287622844,,,,,,,,,-0.039,-0.134,-0.29971575130529404,0.1356033351005401,-0.3494271685761048,False,2015-06-01,yahoo,3,False
4342.SR,Jadwa Investment - Jadwa Reit Saudi Fund,999,4342,BFMDCP0,0.009996,[],Saudi Arabia,Real Estate,REIT - Residential,Saudi,SAR,8.59,1602119168.0,426628805.16937256,186509785.0,24.542858,,0.98622274,8.332615,12.321,0.0931,0.46060002,0.051909998,0.28471,0.083,-0.14590301129509808,-0.05565739892248733,-0.04553196023606987,,,0.06156915960210685,,,,-0.059463384481965975,,,-0.058,,-0.24504720580246886,0.15742258890018065,-0.26581196581196576,False,2018-02-01,yahoo,4,False
2084.SR,Miahona Company Limited,1000,2084,BS9CZJ6,0.010677,[],Saudi Arabia,Industrials,Conglomerates,Saudi,SAR,9.54,1535229568.0,408816753.04725647,160925543.0,238.5,,3.264887,2.7896104,40.964,0.015700000000000002,0.01594,0.025320001,1.79819,0.211,-0.5726380861454252,,,,,,,,,,,,-0.378,-0.613,-0.7351747725792733,0.3939045958173153,-0.6193136472466081,False,2024-06-01,yahoo,3,False
